iso3,location_id,pais,anio,A,Dp
AFG,160,Afganistán,1990,4.246852,3.045243
AFG,160,Afganistán,1991,4.218643,3.057498
AFG,160,Afganistán,1992,4.183842,3.049826
AFG,160,Afganistán,1993,4.109785,3.006865
AFG,160,Afganistán,1994,4.024815,2.976084
AFG,160,Afganistán,1995,3.953906,2.933166
AFG,160,Afganistán,1996,3.890441,2.892987
AFG,160,Afganistán,1997,3.834337,2.866967
AFG,160,Afganistán,1998,3.796790,2.839497
AFG,160,Afganistán,1999,3.775308,2.811069
AFG,160,Afganistán,2000,3.764579,2.808370
AFG,160,Afganistán,2001,3.765069,2.798874
AFG,160,Afganistán,2002,3.778146,2.771996
AFG,160,Afganistán,2003,3.778798,2.770505
AFG,160,Afganistán,2004,3.769843,2.765330
AFG,160,Afganistán,2005,3.768562,2.776365
AFG,160,Afganistán,2006,3.762795,2.803807
AFG,160,Afganistán,2007,3.755781,2.831328
AFG,160,Afganistán,2008,3.750363,2.871205
AFG,160,Afganistán,2009,3.736532,2.917674
AFG,160,Afganistán,2010,3.726553,2.952634
AFG,160,Afganistán,2011,3.717045,2.991458
AFG,160,Afganistán,2012,3.726803,3.029338
AFG,160,Afganistán,2013,3.748043,3.070745
AFG,160,Afganistán,2014,3.786547,3.118964
AFG,160,Afganistán,2015,3.825846,3.159840
AFG,160,Afganistán,2016,3.853078,3.195102
AFG,160,Afganistán,2017,3.898044,3.231419
AFG,160,Afganistán,2018,3.935593,3.268316
AFG,160,Afganistán,2019,3.978251,3.299684
AFG,160,Afganistán,2020,5.147522,4.179289
AFG,160,Afganistán,2021,5.315500,4.282116
AFG,160,Afganistán,2022,5.462312,4.069591
AFG,160,Afganistán,2023,6.503549,4.153807
AGO,168,Angola,1990,4.884171,3.701255
AGO,168,Angola,1991,4.889543,3.669005
AGO,168,Angola,1992,4.894188,3.690636
AGO,168,Angola,1993,4.912762,3.707259
AGO,168,Angola,1994,4.947191,3.686679
AGO,168,Angola,1995,4.983731,3.663588
AGO,168,Angola,1996,5.020792,3.635070
AGO,168,Angola,1997,5.058559,3.624227
AGO,168,Angola,1998,5.107000,3.630350
AGO,168,Angola,1999,5.165796,3.642152
AGO,168,Angola,2000,5.223920,3.662670
AGO,168,Angola,2001,5.259524,3.704540
AGO,168,Angola,2002,5.294574,3.687090
AGO,168,Angola,2003,5.313081,3.657041
AGO,168,Angola,2004,5.314229,3.642709
AGO,168,Angola,2005,5.313866,3.605497
AGO,168,Angola,2006,5.313691,3.559905
AGO,168,Angola,2007,5.316825,3.584572
AGO,168,Angola,2008,5.310224,3.534859
AGO,168,Angola,2009,5.294909,3.569512
AGO,168,Angola,2010,5.283048,3.554420
AGO,168,Angola,2011,5.270920,3.514719
AGO,168,Angola,2012,5.269986,3.461282
AGO,168,Angola,2013,5.290032,3.510680
AGO,168,Angola,2014,5.296444,3.325249
AGO,168,Angola,2015,5.313938,3.471147
AGO,168,Angola,2016,5.353989,3.500989
AGO,168,Angola,2017,5.353341,3.509748
AGO,168,Angola,2018,5.312664,3.613593
AGO,168,Angola,2019,5.270092,3.660913
AGO,168,Angola,2020,6.411985,4.502895
AGO,168,Angola,2021,6.614201,4.699231
AGO,168,Angola,2022,6.705637,4.543859
AGO,168,Angola,2023,7.740416,4.681913
ALB,43,Albania,1990,3.623377,1.970197
ALB,43,Albania,1991,3.629168,1.974710
ALB,43,Albania,1992,3.637971,2.060003
ALB,43,Albania,1993,3.652543,2.074417
ALB,43,Albania,1994,3.671708,2.137444
ALB,43,Albania,1995,3.696569,2.178310
ALB,43,Albania,1996,3.722635,2.217025
ALB,43,Albania,1997,3.744932,2.274140
ALB,43,Albania,1998,3.778739,2.246811
ALB,43,Albania,1999,3.808444,2.303502
ALB,43,Albania,2000,3.841703,2.299251
ALB,43,Albania,2001,3.880996,2.316293
ALB,43,Albania,2002,3.919956,2.322857
ALB,43,Albania,2003,3.962545,2.261960
ALB,43,Albania,2004,4.007420,2.388549
ALB,43,Albania,2005,4.046698,2.360407
ALB,43,Albania,2006,4.085451,2.397602
ALB,43,Albania,2007,4.114403,2.458508
ALB,43,Albania,2008,4.174054,2.484638
ALB,43,Albania,2009,4.223975,2.509217
ALB,43,Albania,2010,4.291291,2.425641
ALB,43,Albania,2011,4.365685,2.453220
ALB,43,Albania,2012,4.423920,2.430081
ALB,43,Albania,2013,4.473763,2.411351
ALB,43,Albania,2014,4.492512,2.540420
ALB,43,Albania,2015,4.542543,2.481607
ALB,43,Albania,2016,4.597238,2.564663
ALB,43,Albania,2017,4.620848,2.598247
ALB,43,Albania,2018,4.610316,2.571171
ALB,43,Albania,2019,4.587947,2.597760
ALB,43,Albania,2020,5.499045,3.061438
ALB,43,Albania,2021,5.573222,3.121209
ALB,43,Albania,2022,5.771388,3.070469
ALB,43,Albania,2023,6.637584,3.225413
AND,74,Andorra,1990,5.273113,3.354684
AND,74,Andorra,1991,5.200721,3.357787
AND,74,Andorra,1992,5.118804,3.360882
AND,74,Andorra,1993,5.026633,3.363522
AND,74,Andorra,1994,4.952961,3.366771
AND,74,Andorra,1995,4.880060,3.367103
AND,74,Andorra,1996,4.815172,3.377243
AND,74,Andorra,1997,4.744877,3.382203
AND,74,Andorra,1998,4.683385,3.394052
AND,74,Andorra,1999,4.621610,3.406103
AND,74,Andorra,2000,4.566556,3.419752
AND,74,Andorra,2001,4.546562,3.431037
AND,74,Andorra,2002,4.529286,3.440830
AND,74,Andorra,2003,4.561598,3.449338
AND,74,Andorra,2004,4.622441,3.448063
AND,74,Andorra,2005,4.680639,3.444202
AND,74,Andorra,2006,4.746017,3.441710
AND,74,Andorra,2007,4.805140,3.443952
AND,74,Andorra,2008,4.896228,3.443552
AND,74,Andorra,2009,5.043623,3.441440
AND,74,Andorra,2010,5.169744,3.435535
AND,74,Andorra,2011,5.349186,3.447105
AND,74,Andorra,2012,5.523438,3.461487
AND,74,Andorra,2013,5.697421,3.490167
AND,74,Andorra,2014,5.868124,3.531057
AND,74,Andorra,2015,6.016688,3.686902
AND,74,Andorra,2016,6.164239,3.741332
AND,74,Andorra,2017,6.295634,3.858071
AND,74,Andorra,2018,6.435064,3.999500
AND,74,Andorra,2019,6.567882,4.067675
AND,74,Andorra,2020,8.012832,4.751281
AND,74,Andorra,2021,7.961774,4.745424
AND,74,Andorra,2022,8.491060,4.692140
AND,74,Andorra,2023,9.613322,4.730642
ARE,156,Emiratos Árabes Unidos,1990,3.761402,3.004103
ARE,156,Emiratos Árabes Unidos,1991,3.776767,3.112731
ARE,156,Emiratos Árabes Unidos,1992,3.790203,3.152971
ARE,156,Emiratos Árabes Unidos,1993,3.798787,3.123844
ARE,156,Emiratos Árabes Unidos,1994,3.802949,3.163891
ARE,156,Emiratos Árabes Unidos,1995,3.807535,3.202528
ARE,156,Emiratos Árabes Unidos,1996,3.819049,3.244187
ARE,156,Emiratos Árabes Unidos,1997,3.832090,3.284904
ARE,156,Emiratos Árabes Unidos,1998,3.842454,3.323753
ARE,156,Emiratos Árabes Unidos,1999,3.847613,3.362873
ARE,156,Emiratos Árabes Unidos,2000,3.845606,3.399240
ARE,156,Emiratos Árabes Unidos,2001,3.832918,3.433861
ARE,156,Emiratos Árabes Unidos,2002,3.813591,3.466193
ARE,156,Emiratos Árabes Unidos,2003,3.787870,3.497966
ARE,156,Emiratos Árabes Unidos,2004,3.757950,3.529421
ARE,156,Emiratos Árabes Unidos,2005,3.728725,3.560557
ARE,156,Emiratos Árabes Unidos,2006,3.701364,3.590891
ARE,156,Emiratos Árabes Unidos,2007,3.701434,3.664670
ARE,156,Emiratos Árabes Unidos,2008,3.677385,3.724287
ARE,156,Emiratos Árabes Unidos,2009,3.653481,3.770188
ARE,156,Emiratos Árabes Unidos,2010,3.637018,3.944543
ARE,156,Emiratos Árabes Unidos,2011,3.601022,3.803306
ARE,156,Emiratos Árabes Unidos,2012,3.561965,3.895556
ARE,156,Emiratos Árabes Unidos,2013,3.508814,3.910878
ARE,156,Emiratos Árabes Unidos,2014,3.477404,4.005419
ARE,156,Emiratos Árabes Unidos,2015,3.467580,4.093030
ARE,156,Emiratos Árabes Unidos,2016,3.423263,4.144730
ARE,156,Emiratos Árabes Unidos,2017,3.362235,4.282167
ARE,156,Emiratos Árabes Unidos,2018,3.298967,4.104036
ARE,156,Emiratos Árabes Unidos,2019,3.234842,4.296042
ARE,156,Emiratos Árabes Unidos,2020,3.711668,4.965183
ARE,156,Emiratos Árabes Unidos,2021,3.721522,4.728301
ARE,156,Emiratos Árabes Unidos,2022,3.828063,5.027239
ARE,156,Emiratos Árabes Unidos,2023,4.242970,4.808738
ARG,97,Argentina,1990,5.683707,3.365560
ARG,97,Argentina,1991,5.705286,3.381060
ARG,97,Argentina,1992,5.726464,3.398614
ARG,97,Argentina,1993,5.750826,3.412726
ARG,97,Argentina,1994,5.778503,3.420141
ARG,97,Argentina,1995,5.806247,3.424782
ARG,97,Argentina,1996,5.831425,3.442732
ARG,97,Argentina,1997,5.852614,3.402165
ARG,97,Argentina,1998,5.874007,3.271283
ARG,97,Argentina,1999,5.897961,3.263479
ARG,97,Argentina,2000,5.923417,3.184849
ARG,97,Argentina,2001,5.952069,3.132530
ARG,97,Argentina,2002,5.980586,3.146503
ARG,97,Argentina,2003,6.010619,3.159883
ARG,97,Argentina,2004,6.042837,3.172228
ARG,97,Argentina,2005,6.075517,3.183603
ARG,97,Argentina,2006,6.109186,3.194045
ARG,97,Argentina,2007,6.121147,3.201464
ARG,97,Argentina,2008,6.143144,3.206875
ARG,97,Argentina,2009,6.118616,3.213836
ARG,97,Argentina,2010,6.099400,3.225301
ARG,97,Argentina,2011,6.088024,3.241034
ARG,97,Argentina,2012,6.089953,3.256999
ARG,97,Argentina,2013,6.126075,3.273305
ARG,97,Argentina,2014,6.207696,3.289504
ARG,97,Argentina,2015,6.293867,3.304679
ARG,97,Argentina,2016,6.348293,3.447091
ARG,97,Argentina,2017,6.421446,3.332233
ARG,97,Argentina,2018,6.534467,3.587077
ARG,97,Argentina,2019,6.640352,3.604167
ARG,97,Argentina,2020,8.182545,4.472320
ARG,97,Argentina,2021,8.424059,4.677263
ARG,97,Argentina,2022,8.730924,4.600758
ARG,97,Argentina,2023,10.196190,4.696155
ARM,33,Armenia,1990,4.722924,2.723252
ARM,33,Armenia,1991,4.738588,2.729506
ARM,33,Armenia,1992,4.758586,2.870905
ARM,33,Armenia,1993,4.788304,2.896195
ARM,33,Armenia,1994,4.828947,2.984656
ARM,33,Armenia,1995,4.877493,3.063707
ARM,33,Armenia,1996,4.927219,3.085523
ARM,33,Armenia,1997,4.975743,3.069630
ARM,33,Armenia,1998,5.024326,3.076673
ARM,33,Armenia,1999,5.072074,3.083111
ARM,33,Armenia,2000,5.115888,3.096098
ARM,33,Armenia,2001,5.156857,3.127334
ARM,33,Armenia,2002,5.190680,3.151328
ARM,33,Armenia,2003,5.220671,3.193473
ARM,33,Armenia,2004,5.247255,3.209059
ARM,33,Armenia,2005,5.265711,3.281576
ARM,33,Armenia,2006,5.279328,3.319740
ARM,33,Armenia,2007,5.268713,3.387690
ARM,33,Armenia,2008,5.272638,3.419651
ARM,33,Armenia,2009,5.269152,3.446331
ARM,33,Armenia,2010,5.258224,3.465513
ARM,33,Armenia,2011,5.268860,3.473069
ARM,33,Armenia,2012,5.299608,3.492204
ARM,33,Armenia,2013,5.329934,3.501356
ARM,33,Armenia,2014,5.326590,3.540154
ARM,33,Armenia,2015,5.304581,3.570662
ARM,33,Armenia,2016,5.296195,3.604414
ARM,33,Armenia,2017,5.309096,3.617752
ARM,33,Armenia,2018,5.329445,3.630661
ARM,33,Armenia,2019,5.323842,3.625998
ARM,33,Armenia,2020,6.349076,4.499326
ARM,33,Armenia,2021,6.398700,4.413668
ARM,33,Armenia,2022,6.591920,4.418405
ARM,33,Armenia,2023,7.613872,4.524921
ASM,298,Samoa Americana,1990,2.972323,1.870894
ASM,298,Samoa Americana,1991,2.957938,1.882502
ASM,298,Samoa Americana,1992,2.946112,1.895010
ASM,298,Samoa Americana,1993,2.935478,1.908912
ASM,298,Samoa Americana,1994,2.926680,1.924233
ASM,298,Samoa Americana,1995,2.921262,1.940981
ASM,298,Samoa Americana,1996,2.917137,1.960344
ASM,298,Samoa Americana,1997,2.913249,1.979982
ASM,298,Samoa Americana,1998,2.907108,2.000295
ASM,298,Samoa Americana,1999,2.899051,2.020981
ASM,298,Samoa Americana,2000,2.890721,2.040890
ASM,298,Samoa Americana,2001,2.892766,2.061668
ASM,298,Samoa Americana,2002,2.896686,2.082393
ASM,298,Samoa Americana,2003,2.910378,2.245262
ASM,298,Samoa Americana,2004,2.934141,2.270540
ASM,298,Samoa Americana,2005,2.957317,2.368678
ASM,298,Samoa Americana,2006,2.979807,2.471353
ASM,298,Samoa Americana,2007,3.004866,2.510098
ASM,298,Samoa Americana,2008,3.028815,2.543865
ASM,298,Samoa Americana,2009,3.062179,2.428199
ASM,298,Samoa Americana,2010,3.098010,2.465019
ASM,298,Samoa Americana,2011,3.124536,2.426226
ASM,298,Samoa Americana,2012,3.168177,2.393390
ASM,298,Samoa Americana,2013,3.212614,2.598290
ASM,298,Samoa Americana,2014,3.262354,2.474720
ASM,298,Samoa Americana,2015,3.325326,2.593970
ASM,298,Samoa Americana,2016,3.378197,2.633660
ASM,298,Samoa Americana,2017,3.435069,2.595871
ASM,298,Samoa Americana,2018,3.486162,2.639667
ASM,298,Samoa Americana,2019,3.528236,2.684236
ASM,298,Samoa Americana,2020,4.278444,3.243205
ASM,298,Samoa Americana,2021,4.500525,3.396843
ASM,298,Samoa Americana,2022,4.577442,3.326334
ASM,298,Samoa Americana,2023,5.348888,3.433099
ATG,105,Antigua y Barbuda,1990,4.198660,2.921384
ATG,105,Antigua y Barbuda,1991,4.248413,3.145581
ATG,105,Antigua y Barbuda,1992,4.300412,2.970153
ATG,105,Antigua y Barbuda,1993,4.358303,3.086852
ATG,105,Antigua y Barbuda,1994,4.423396,3.112764
ATG,105,Antigua y Barbuda,1995,4.489768,3.044523
ATG,105,Antigua y Barbuda,1996,4.556890,3.068954
ATG,105,Antigua y Barbuda,1997,4.624456,3.094459
ATG,105,Antigua y Barbuda,1998,4.697968,3.123145
ATG,105,Antigua y Barbuda,1999,4.776032,3.150438
ATG,105,Antigua y Barbuda,2000,4.854620,3.175784
ATG,105,Antigua y Barbuda,2001,4.925302,3.200840
ATG,105,Antigua y Barbuda,2002,4.995651,3.225373
ATG,105,Antigua y Barbuda,2003,5.057984,3.248303
ATG,105,Antigua y Barbuda,2004,5.112265,3.269156
ATG,105,Antigua y Barbuda,2005,5.166625,3.292380
ATG,105,Antigua y Barbuda,2006,5.219874,3.303118
ATG,105,Antigua y Barbuda,2007,5.266156,3.314935
ATG,105,Antigua y Barbuda,2008,5.308920,3.321856
ATG,105,Antigua y Barbuda,2009,5.353417,3.320479
ATG,105,Antigua y Barbuda,2010,5.382088,3.320652
ATG,105,Antigua y Barbuda,2011,5.417244,3.331187
ATG,105,Antigua y Barbuda,2012,5.501083,3.341654
ATG,105,Antigua y Barbuda,2013,5.550400,3.356577
ATG,105,Antigua y Barbuda,2014,5.594708,3.376921
ATG,105,Antigua y Barbuda,2015,5.671923,3.396216
ATG,105,Antigua y Barbuda,2016,5.746212,3.415776
ATG,105,Antigua y Barbuda,2017,5.792692,3.436461
ATG,105,Antigua y Barbuda,2018,5.796397,3.458148
ATG,105,Antigua y Barbuda,2019,5.768519,3.479149
ATG,105,Antigua y Barbuda,2020,6.585270,4.430420
ATG,105,Antigua y Barbuda,2021,6.829947,4.218075
ATG,105,Antigua y Barbuda,2022,6.911410,4.245658
ATG,105,Antigua y Barbuda,2023,7.705288,4.426887
AUS,71,Australia,1990,4.285332,4.000241
AUS,71,Australia,1991,4.322390,4.029855
AUS,71,Australia,1992,4.358203,4.025657
AUS,71,Australia,1993,4.414942,3.977379
AUS,71,Australia,1994,4.491508,4.158089
AUS,71,Australia,1995,4.569774,3.908677
AUS,71,Australia,1996,4.647002,4.095893
AUS,71,Australia,1997,4.724296,3.940809
AUS,71,Australia,1998,4.817685,3.949486
AUS,71,Australia,1999,4.926055,3.956128
AUS,71,Australia,2000,5.034742,4.031952
AUS,71,Australia,2001,5.158480,4.055028
AUS,71,Australia,2002,5.280971,3.939089
AUS,71,Australia,2003,5.428228,4.016482
AUS,71,Australia,2004,5.598269,3.926392
AUS,71,Australia,2005,5.768908,3.833643
AUS,71,Australia,2006,5.926562,3.844074
AUS,71,Australia,2007,6.084354,3.855120
AUS,71,Australia,2008,6.254793,3.872195
AUS,71,Australia,2009,6.440836,4.060194
AUS,71,Australia,2010,6.638365,4.111850
AUS,71,Australia,2011,6.861006,4.214522
AUS,71,Australia,2012,7.112372,4.293338
AUS,71,Australia,2013,7.343412,4.175865
AUS,71,Australia,2014,7.660503,4.356584
AUS,71,Australia,2015,7.931166,4.245309
AUS,71,Australia,2016,8.234549,4.249042
AUS,71,Australia,2017,8.535193,4.383598
AUS,71,Australia,2018,8.784482,4.349923
AUS,71,Australia,2019,9.059658,4.373370
AUS,71,Australia,2020,10.085875,4.596955
AUS,71,Australia,2021,10.340283,4.629008
AUS,71,Australia,2022,10.884232,4.734447
AUS,71,Australia,2023,11.720965,4.454359
AUT,75,Austria,1990,4.236268,2.521206
AUT,75,Austria,1991,4.220266,2.569395
AUT,75,Austria,1992,4.202759,2.567198
AUT,75,Austria,1993,4.192217,2.516009
AUT,75,Austria,1994,4.188719,2.513666
AUT,75,Austria,1995,4.186245,2.619402
AUT,75,Austria,1996,4.186547,2.515328
AUT,75,Austria,1997,4.188468,2.568722
AUT,75,Austria,1998,4.197462,2.571682
AUT,75,Austria,1999,4.212631,2.525468
AUT,75,Austria,2000,4.227063,2.530297
AUT,75,Austria,2001,4.248848,2.534780
AUT,75,Austria,2002,4.270651,2.540327
AUT,75,Austria,2003,4.303701,2.544216
AUT,75,Austria,2004,4.348655,2.546547
AUT,75,Austria,2005,4.391337,2.549900
AUT,75,Austria,2006,4.426555,2.659619
AUT,75,Austria,2007,4.469751,2.670839
AUT,75,Austria,2008,4.507080,2.722260
AUT,75,Austria,2009,4.568486,2.765358
AUT,75,Austria,2010,4.618059,2.679429
AUT,75,Austria,2011,4.667378,2.676265
AUT,75,Austria,2012,4.732768,2.628011
AUT,75,Austria,2013,4.790446,2.694386
AUT,75,Austria,2014,4.864841,2.606799
AUT,75,Austria,2015,4.961951,2.665513
AUT,75,Austria,2016,5.080192,2.676781
AUT,75,Austria,2017,5.180106,2.741514
AUT,75,Austria,2018,5.262619,2.746090
AUT,75,Austria,2019,5.323928,2.711865
AUT,75,Austria,2020,6.304623,3.325774
AUT,75,Austria,2021,6.434577,3.283411
AUT,75,Austria,2022,6.716172,3.112127
AUT,75,Austria,2023,7.590909,3.250555
AZE,34,Azerbaiyán,1990,3.139076,2.709702
AZE,34,Azerbaiyán,1991,3.139913,2.734280
AZE,34,Azerbaiyán,1992,3.143029,2.836468
AZE,34,Azerbaiyán,1993,3.154944,2.893491
AZE,34,Azerbaiyán,1994,3.174470,2.933381
AZE,34,Azerbaiyán,1995,3.199769,2.917332
AZE,34,Azerbaiyán,1996,3.227172,2.893509
AZE,34,Azerbaiyán,1997,3.256297,2.907329
AZE,34,Azerbaiyán,1998,3.289392,2.892675
AZE,34,Azerbaiyán,1999,3.325416,2.901110
AZE,34,Azerbaiyán,2000,3.359895,2.930735
AZE,34,Azerbaiyán,2001,3.392893,2.946682
AZE,34,Azerbaiyán,2002,3.421971,2.967883
AZE,34,Azerbaiyán,2003,3.449087,3.004432
AZE,34,Azerbaiyán,2004,3.474823,3.022435
AZE,34,Azerbaiyán,2005,3.494107,3.070940
AZE,34,Azerbaiyán,2006,3.508753,3.084022
AZE,34,Azerbaiyán,2007,3.535030,3.124230
AZE,34,Azerbaiyán,2008,3.529669,3.157001
AZE,34,Azerbaiyán,2009,3.556047,3.156775
AZE,34,Azerbaiyán,2010,3.565616,3.197907
AZE,34,Azerbaiyán,2011,3.541239,3.211249
AZE,34,Azerbaiyán,2012,3.531627,3.217547
AZE,34,Azerbaiyán,2013,3.505943,3.231402
AZE,34,Azerbaiyán,2014,3.467276,3.262519
AZE,34,Azerbaiyán,2015,3.411528,3.278146
AZE,34,Azerbaiyán,2016,3.341747,3.309288
AZE,34,Azerbaiyán,2017,3.296928,3.318709
AZE,34,Azerbaiyán,2018,3.242998,3.333742
AZE,34,Azerbaiyán,2019,3.182929,3.344022
AZE,34,Azerbaiyán,2020,3.652627,4.110785
AZE,34,Azerbaiyán,2021,3.654820,4.088214
AZE,34,Azerbaiyán,2022,3.697551,4.066746
AZE,34,Azerbaiyán,2023,4.183081,4.201909
BDI,175,Burundi,1990,2.758464,2.489073
BDI,175,Burundi,1991,2.753371,2.526139
BDI,175,Burundi,1992,2.749723,2.555351
BDI,175,Burundi,1993,2.744686,2.685382
BDI,175,Burundi,1994,2.749775,2.699608
BDI,175,Burundi,1995,2.751363,2.715278
BDI,175,Burundi,1996,2.743535,2.733075
BDI,175,Burundi,1997,2.745473,2.736227
BDI,175,Burundi,1998,2.749530,2.739502
BDI,175,Burundi,1999,2.749163,2.738790
BDI,175,Burundi,2000,2.748484,2.739014
BDI,175,Burundi,2001,2.750868,2.744079
BDI,175,Burundi,2002,2.749867,2.748126
BDI,175,Burundi,2003,2.750261,2.753335
BDI,175,Burundi,2004,2.750165,2.758319
BDI,175,Burundi,2005,2.748099,2.762161
BDI,175,Burundi,2006,2.748101,2.720128
BDI,175,Burundi,2007,2.746464,2.706096
BDI,175,Burundi,2008,2.746616,2.701357
BDI,175,Burundi,2009,2.736384,2.677423
BDI,175,Burundi,2010,2.750768,2.661621
BDI,175,Burundi,2011,2.755991,2.628580
BDI,175,Burundi,2012,2.767896,2.636287
BDI,175,Burundi,2013,2.816415,2.610751
BDI,175,Burundi,2014,2.858149,2.612641
BDI,175,Burundi,2015,2.897887,2.636030
BDI,175,Burundi,2016,2.945082,2.636976
BDI,175,Burundi,2017,3.002370,2.650122
BDI,175,Burundi,2018,3.070789,2.675740
BDI,175,Burundi,2019,3.134910,2.670565
BDI,175,Burundi,2020,3.964965,3.227560
BDI,175,Burundi,2021,4.164835,3.327816
BDI,175,Burundi,2022,4.249570,3.237057
BDI,175,Burundi,2023,5.051508,3.307949
BEL,76,Bélgica,1990,4.969966,3.747075
BEL,76,Bélgica,1991,4.951965,3.781335
BEL,76,Bélgica,1992,4.933863,3.722131
BEL,76,Bélgica,1993,4.922286,3.596771
BEL,76,Bélgica,1994,4.917172,3.579660
BEL,76,Bélgica,1995,4.912835,3.481227
BEL,76,Bélgica,1996,4.908838,3.415792
BEL,76,Bélgica,1997,4.904146,3.582125
BEL,76,Bélgica,1998,4.904184,3.528175
BEL,76,Bélgica,1999,4.908499,3.651160
BEL,76,Bélgica,2000,4.912967,3.554879
BEL,76,Bélgica,2001,4.927393,3.560519
BEL,76,Bélgica,2002,4.942909,3.509905
BEL,76,Bélgica,2003,4.971277,3.441074
BEL,76,Bélgica,2004,5.011541,3.598415
BEL,76,Bélgica,2005,5.051035,3.622466
BEL,76,Bélgica,2006,5.057288,3.546497
BEL,76,Bélgica,2007,5.072206,3.649586
BEL,76,Bélgica,2008,5.085352,3.596753
BEL,76,Bélgica,2009,5.089512,3.540273
BEL,76,Bélgica,2010,5.127666,3.554800
BEL,76,Bélgica,2011,5.197961,3.569981
BEL,76,Bélgica,2012,5.291555,3.739356
BEL,76,Bélgica,2013,5.344443,3.597853
BEL,76,Bélgica,2014,5.409892,3.868818
BEL,76,Bélgica,2015,5.509445,3.709253
BEL,76,Bélgica,2016,5.627496,3.964876
BEL,76,Bélgica,2017,5.738692,3.937643
BEL,76,Bélgica,2018,5.818948,3.993998
BEL,76,Bélgica,2019,5.877822,3.923493
BEL,76,Bélgica,2020,7.142468,4.674540
BEL,76,Bélgica,2021,7.038026,4.556739
BEL,76,Bélgica,2022,7.516950,4.641420
BEL,76,Bélgica,2023,8.498569,4.698322
BEN,200,Benín,1990,4.578471,1.994135
BEN,200,Benín,1991,4.641138,1.993970
BEN,200,Benín,1992,4.706162,1.994556
BEN,200,Benín,1993,4.799211,1.995600
BEN,200,Benín,1994,4.919264,1.996949
BEN,200,Benín,1995,5.040439,1.998717
BEN,200,Benín,1996,5.161341,2.003700
BEN,200,Benín,1997,5.280901,2.008780
BEN,200,Benín,1998,5.415310,2.014977
BEN,200,Benín,1999,5.565153,2.021951
BEN,200,Benín,2000,5.712340,2.028484
BEN,200,Benín,2001,5.803230,2.036680
BEN,200,Benín,2002,5.890709,2.044079
BEN,200,Benín,2003,5.938244,2.051880
BEN,200,Benín,2004,5.947288,2.060476
BEN,200,Benín,2005,5.955701,2.069335
BEN,200,Benín,2006,5.965617,2.118922
BEN,200,Benín,2007,5.950328,2.081427
BEN,200,Benín,2008,5.929505,2.106705
BEN,200,Benín,2009,5.828762,2.196382
BEN,200,Benín,2010,5.733167,2.094537
BEN,200,Benín,2011,5.654686,2.138966
BEN,200,Benín,2012,5.614443,2.145907
BEN,200,Benín,2013,5.607844,2.116140
BEN,200,Benín,2014,5.650154,2.125636
BEN,200,Benín,2015,5.747508,2.231305
BEN,200,Benín,2016,5.862467,2.260764
BEN,200,Benín,2017,5.950519,2.320200
BEN,200,Benín,2018,6.063041,2.382131
BEN,200,Benín,2019,6.163221,2.394832
BEN,200,Benín,2020,7.355773,2.796868
BEN,200,Benín,2021,7.510084,2.872381
BEN,200,Benín,2022,7.764486,2.847705
BEN,200,Benín,2023,8.698230,2.903947
BFA,201,Burkina Faso,1990,4.150320,2.201380
BFA,201,Burkina Faso,1991,4.209032,2.295218
BFA,201,Burkina Faso,1992,4.267618,2.202516
BFA,201,Burkina Faso,1993,4.351193,2.243016
BFA,201,Burkina Faso,1994,4.459006,2.242212
BFA,201,Burkina Faso,1995,4.566094,2.201797
BFA,201,Burkina Faso,1996,4.672270,2.205044
BFA,201,Burkina Faso,1997,4.776658,2.209307
BFA,201,Burkina Faso,1998,4.893934,2.214967
BFA,201,Burkina Faso,1999,5.025142,2.264743
BFA,201,Burkina Faso,2000,5.153149,2.320000
BFA,201,Burkina Faso,2001,5.230151,2.309570
BFA,201,Burkina Faso,2002,5.305534,2.357757
BFA,201,Burkina Faso,2003,5.344387,2.458189
BFA,201,Burkina Faso,2004,5.347621,2.451997
BFA,201,Burkina Faso,2005,5.349878,2.470429
BFA,201,Burkina Faso,2006,5.351243,2.532214
BFA,201,Burkina Faso,2007,5.363618,2.407048
BFA,201,Burkina Faso,2008,5.348058,2.530894
BFA,201,Burkina Faso,2009,5.287012,2.364422
BFA,201,Burkina Faso,2010,5.243472,2.481403
BFA,201,Burkina Faso,2011,5.218792,2.486042
BFA,201,Burkina Faso,2012,5.204661,2.519987
BFA,201,Burkina Faso,2013,5.238107,2.555680
BFA,201,Burkina Faso,2014,5.321166,2.587386
BFA,201,Burkina Faso,2015,5.444451,2.604911
BFA,201,Burkina Faso,2016,5.498981,2.623205
BFA,201,Burkina Faso,2017,5.518389,2.653686
BFA,201,Burkina Faso,2018,5.551771,2.689186
BFA,201,Burkina Faso,2019,5.612453,2.740454
BFA,201,Burkina Faso,2020,6.893764,3.320074
BFA,201,Burkina Faso,2021,6.981730,3.393753
BFA,201,Burkina Faso,2022,7.156493,3.345231
BFA,201,Burkina Faso,2023,8.138966,3.393782
BGD,161,Bangladés,1990,2.627476,3.326707
BGD,161,Bangladés,1991,2.637531,3.352820
BGD,161,Bangladés,1992,2.649998,3.387678
BGD,161,Bangladés,1993,2.663901,3.365588
BGD,161,Bangladés,1994,2.678835,3.410174
BGD,161,Bangladés,1995,2.693817,3.396109
BGD,161,Bangladés,1996,2.708358,3.436261
BGD,161,Bangladés,1997,2.723066,3.426321
BGD,161,Bangladés,1998,2.739344,3.459949
BGD,161,Bangladés,1999,2.757127,3.466425
BGD,161,Bangladés,2000,2.775288,3.529735
BGD,161,Bangladés,2001,2.793961,3.551772
BGD,161,Bangladés,2002,2.813126,3.583707
BGD,161,Bangladés,2003,2.832703,3.646073
BGD,161,Bangladés,2004,2.852202,3.718196
BGD,161,Bangladés,2005,2.871813,3.753442
BGD,161,Bangladés,2006,2.892542,3.812291
BGD,161,Bangladés,2007,2.897704,3.846784
BGD,161,Bangladés,2008,2.900844,3.881230
BGD,161,Bangladés,2009,2.895625,3.872190
BGD,161,Bangladés,2010,2.874616,3.890445
BGD,161,Bangladés,2011,2.851555,3.999498
BGD,161,Bangladés,2012,2.850307,4.009650
BGD,161,Bangladés,2013,2.871306,4.021035
BGD,161,Bangladés,2014,2.868148,4.158058
BGD,161,Bangladés,2015,2.871636,4.146692
BGD,161,Bangladés,2016,2.917197,4.168791
BGD,161,Bangladés,2017,2.962658,4.202993
BGD,161,Bangladés,2018,3.040727,4.211444
BGD,161,Bangladés,2019,3.104907,4.206314
BGD,161,Bangladés,2020,3.991515,5.107154
BGD,161,Bangladés,2021,4.180448,5.319816
BGD,161,Bangladés,2022,4.333270,5.096112
BGD,161,Bangladés,2023,5.153298,5.255919
BGR,45,Bulgaria,1990,3.792943,2.776678
BGR,45,Bulgaria,1991,3.803670,2.785314
BGR,45,Bulgaria,1992,3.814035,2.794424
BGR,45,Bulgaria,1993,3.827516,2.806921
BGR,45,Bulgaria,1994,3.841986,2.925720
BGR,45,Bulgaria,1995,3.858463,2.956605
BGR,45,Bulgaria,1996,3.873984,3.037543
BGR,45,Bulgaria,1997,3.888445,2.983348
BGR,45,Bulgaria,1998,3.899806,3.010946
BGR,45,Bulgaria,1999,3.908043,2.962899
BGR,45,Bulgaria,2000,3.915065,3.039142
BGR,45,Bulgaria,2001,3.920153,2.926947
BGR,45,Bulgaria,2002,3.924969,3.110118
BGR,45,Bulgaria,2003,3.930410,3.012884
BGR,45,Bulgaria,2004,3.936200,3.160167
BGR,45,Bulgaria,2005,3.940827,3.019925
BGR,45,Bulgaria,2006,3.941212,3.044835
BGR,45,Bulgaria,2007,3.940403,3.052975
BGR,45,Bulgaria,2008,3.957579,2.986915
BGR,45,Bulgaria,2009,3.969343,2.989647
BGR,45,Bulgaria,2010,3.996514,2.996585
BGR,45,Bulgaria,2011,4.043574,3.002889
BGR,45,Bulgaria,2012,4.065932,3.148803
BGR,45,Bulgaria,2013,4.073559,3.017155
BGR,45,Bulgaria,2014,4.040822,3.208965
BGR,45,Bulgaria,2015,4.011261,3.110054
BGR,45,Bulgaria,2016,3.967049,3.104629
BGR,45,Bulgaria,2017,3.904755,3.116292
BGR,45,Bulgaria,2018,3.839223,3.069029
BGR,45,Bulgaria,2019,3.797587,3.078699
BGR,45,Bulgaria,2020,4.406859,3.601781
BGR,45,Bulgaria,2021,4.526933,3.689638
BGR,45,Bulgaria,2022,4.556788,3.740998
BGR,45,Bulgaria,2023,5.184757,3.643593
BHR,140,Bahréin,1990,5.545760,2.966767
BHR,140,Bahréin,1991,5.559279,3.156401
BHR,140,Bahréin,1992,5.590253,3.017091
BHR,140,Bahréin,1993,5.619920,3.116491
BHR,140,Bahréin,1994,5.639933,3.142176
BHR,140,Bahréin,1995,5.648504,3.264086
BHR,140,Bahréin,1996,5.645615,3.330627
BHR,140,Bahréin,1997,5.655601,3.435665
BHR,140,Bahréin,1998,5.667941,3.371540
BHR,140,Bahréin,1999,5.677251,3.415227
BHR,140,Bahréin,2000,5.682990,3.345254
BHR,140,Bahréin,2001,5.675282,3.286639
BHR,140,Bahréin,2002,5.691862,3.333307
BHR,140,Bahréin,2003,5.702850,3.385914
BHR,140,Bahréin,2004,5.694751,3.436179
BHR,140,Bahréin,2005,5.667605,3.478191
BHR,140,Bahréin,2006,5.638765,3.514042
BHR,140,Bahréin,2007,5.608937,3.549778
BHR,140,Bahréin,2008,5.580289,3.764988
BHR,140,Bahréin,2009,5.553838,3.607226
BHR,140,Bahréin,2010,5.541306,3.710282
BHR,140,Bahréin,2011,5.500565,3.723026
BHR,140,Bahréin,2012,5.430295,3.849139
BHR,140,Bahréin,2013,5.351647,3.854838
BHR,140,Bahréin,2014,5.224378,3.987008
BHR,140,Bahréin,2015,5.037994,4.102028
BHR,140,Bahréin,2016,4.876273,4.118064
BHR,140,Bahréin,2017,4.761716,4.180652
BHR,140,Bahréin,2018,4.665568,3.963910
BHR,140,Bahréin,2019,4.527521,4.199411
BHR,140,Bahréin,2020,5.040406,4.723453
BHR,140,Bahréin,2021,4.977406,4.808264
BHR,140,Bahréin,2022,4.992178,4.739716
BHR,140,Bahréin,2023,5.553817,4.759507
BHS,106,Las Bahamas,1990,4.173112,2.885971
BHS,106,Las Bahamas,1991,4.220390,2.909864
BHS,106,Las Bahamas,1992,4.262734,2.931491
BHS,106,Las Bahamas,1993,4.311106,3.153697
BHS,106,Las Bahamas,1994,4.371576,3.177044
BHS,106,Las Bahamas,1995,4.442459,3.089728
BHS,106,Las Bahamas,1996,4.522758,3.409013
BHS,106,Las Bahamas,1997,4.610713,3.343321
BHS,106,Las Bahamas,1998,4.703777,3.380004
BHS,106,Las Bahamas,1999,4.795259,3.310441
BHS,106,Las Bahamas,2000,4.878294,3.350366
BHS,106,Las Bahamas,2001,4.945040,3.282556
BHS,106,Las Bahamas,2002,5.007835,3.208751
BHS,106,Las Bahamas,2003,5.059979,3.226922
BHS,106,Las Bahamas,2004,5.101913,3.243907
BHS,106,Las Bahamas,2005,5.142660,3.257338
BHS,106,Las Bahamas,2006,5.184006,3.258012
BHS,106,Las Bahamas,2007,5.220176,3.260161
BHS,106,Las Bahamas,2008,5.254137,3.259071
BHS,106,Las Bahamas,2009,5.292035,3.250279
BHS,106,Las Bahamas,2010,5.315259,3.239792
BHS,106,Las Bahamas,2011,5.347290,3.239469
BHS,106,Las Bahamas,2012,5.433654,3.242822
BHS,106,Las Bahamas,2013,5.487503,3.252608
BHS,106,Las Bahamas,2014,5.538204,3.269443
BHS,106,Las Bahamas,2015,5.622769,3.289033
BHS,106,Las Bahamas,2016,5.706686,3.313706
BHS,106,Las Bahamas,2017,5.763287,3.341313
BHS,106,Las Bahamas,2018,5.778195,3.371180
BHS,106,Las Bahamas,2019,5.759958,3.400909
BHS,106,Las Bahamas,2020,6.739758,4.075126
BHS,106,Las Bahamas,2021,7.061143,4.575443
BHS,106,Las Bahamas,2022,7.124966,4.125818
BHS,106,Las Bahamas,2023,8.129461,4.444184
BIH,44,Bosnia y Herzegovina,1990,4.544473,2.982322
BIH,44,Bosnia y Herzegovina,1991,4.544096,2.994552
BIH,44,Bosnia y Herzegovina,1992,4.537345,3.050436
BIH,44,Bosnia y Herzegovina,1993,4.541019,3.056460
BIH,44,Bosnia y Herzegovina,1994,4.560001,3.092319
BIH,44,Bosnia y Herzegovina,1995,4.587586,3.150444
BIH,44,Bosnia y Herzegovina,1996,4.617352,3.063816
BIH,44,Bosnia y Herzegovina,1997,4.653894,3.111306
BIH,44,Bosnia y Herzegovina,1998,4.687824,3.082236
BIH,44,Bosnia y Herzegovina,1999,4.700342,3.035514
BIH,44,Bosnia y Herzegovina,2000,4.715513,3.048477
BIH,44,Bosnia y Herzegovina,2001,4.741908,2.942053
BIH,44,Bosnia y Herzegovina,2002,4.768846,2.956542
BIH,44,Bosnia y Herzegovina,2003,4.800655,2.915223
BIH,44,Bosnia y Herzegovina,2004,4.836164,2.873735
BIH,44,Bosnia y Herzegovina,2005,4.867067,2.887100
BIH,44,Bosnia y Herzegovina,2006,4.897570,2.899424
BIH,44,Bosnia y Herzegovina,2007,4.932552,3.036892
BIH,44,Bosnia y Herzegovina,2008,5.006580,3.060067
BIH,44,Bosnia y Herzegovina,2009,5.067198,2.998772
BIH,44,Bosnia y Herzegovina,2010,5.144911,3.199838
BIH,44,Bosnia y Herzegovina,2011,5.210743,3.035469
BIH,44,Bosnia y Herzegovina,2012,5.254135,3.048456
BIH,44,Bosnia y Herzegovina,2013,5.236700,3.063811
BIH,44,Bosnia y Herzegovina,2014,5.183924,3.020911
BIH,44,Bosnia y Herzegovina,2015,5.176026,3.176906
BIH,44,Bosnia y Herzegovina,2016,5.182842,3.045141
BIH,44,Bosnia y Herzegovina,2017,5.161451,3.124300
BIH,44,Bosnia y Herzegovina,2018,5.111898,3.133613
BIH,44,Bosnia y Herzegovina,2019,5.047787,3.071921
BIH,44,Bosnia y Herzegovina,2020,5.858686,3.600392
BIH,44,Bosnia y Herzegovina,2021,5.954997,3.666951
BIH,44,Bosnia y Herzegovina,2022,6.035258,3.742422
BIH,44,Bosnia y Herzegovina,2023,6.909758,3.779998
BLR,57,Bielorrusia,1990,3.321518,3.153848
BLR,57,Bielorrusia,1991,3.331784,3.162385
BLR,57,Bielorrusia,1992,3.344584,3.173385
BLR,57,Bielorrusia,1993,3.361262,3.187608
BLR,57,Bielorrusia,1994,3.380195,3.204285
BLR,57,Bielorrusia,1995,3.399308,3.223538
BLR,57,Bielorrusia,1996,3.417296,3.244429
BLR,57,Bielorrusia,1997,3.433699,3.384367
BLR,57,Bielorrusia,1998,3.448215,3.292422
BLR,57,Bielorrusia,1999,3.460072,3.373413
BLR,57,Bielorrusia,2000,3.467490,3.397786
BLR,57,Bielorrusia,2001,3.472254,3.364148
BLR,57,Bielorrusia,2002,3.474481,3.539952
BLR,57,Bielorrusia,2003,3.477225,3.560554
BLR,57,Bielorrusia,2004,3.481311,3.503698
BLR,57,Bielorrusia,2005,3.483784,3.599829
BLR,57,Bielorrusia,2006,3.484096,3.529836
BLR,57,Bielorrusia,2007,3.468307,3.613142
BLR,57,Bielorrusia,2008,3.461951,3.622214
BLR,57,Bielorrusia,2009,3.434178,3.691680
BLR,57,Bielorrusia,2010,3.408599,3.762068
BLR,57,Bielorrusia,2011,3.386756,3.768913
BLR,57,Bielorrusia,2012,3.352268,3.607709
BLR,57,Bielorrusia,2013,3.337186,3.755593
BLR,57,Bielorrusia,2014,3.295620,3.684157
BLR,57,Bielorrusia,2015,3.250894,3.539582
BLR,57,Bielorrusia,2016,3.226700,3.741920
BLR,57,Bielorrusia,2017,3.220522,3.555327
BLR,57,Bielorrusia,2018,3.216043,3.556777
BLR,57,Bielorrusia,2019,3.203590,3.572254
BLR,57,Bielorrusia,2020,3.661368,4.213240
BLR,57,Bielorrusia,2021,3.712870,4.328693
BLR,57,Bielorrusia,2022,3.762649,4.280728
BLR,57,Bielorrusia,2023,4.230927,4.435087
BLZ,108,Belice,1990,3.185297,2.507118
BLZ,108,Belice,1991,3.235744,2.628043
BLZ,108,Belice,1992,3.287933,2.709674
BLZ,108,Belice,1993,3.345675,2.769940
BLZ,108,Belice,1994,3.406558,2.802087
BLZ,108,Belice,1995,3.470744,2.824759
BLZ,108,Belice,1996,3.534362,2.852657
BLZ,108,Belice,1997,3.596752,2.727009
BLZ,108,Belice,1998,3.658886,2.742436
BLZ,108,Belice,1999,3.721008,2.680515
BLZ,108,Belice,2000,3.781770,2.633537
BLZ,108,Belice,2001,3.833224,2.656186
BLZ,108,Belice,2002,3.885477,2.678259
BLZ,108,Belice,2003,3.932021,2.699021
BLZ,108,Belice,2004,3.972657,2.715669
BLZ,108,Belice,2005,4.014640,2.733362
BLZ,108,Belice,2006,4.059251,2.745380
BLZ,108,Belice,2007,4.100528,2.757898
BLZ,108,Belice,2008,4.156063,2.768251
BLZ,108,Belice,2009,4.210595,2.773843
BLZ,108,Belice,2010,4.287658,2.780089
BLZ,108,Belice,2011,4.386608,2.794577
BLZ,108,Belice,2012,4.509323,2.808594
BLZ,108,Belice,2013,4.619009,2.827220
BLZ,108,Belice,2014,4.698814,2.850309
BLZ,108,Belice,2015,4.772846,2.874747
BLZ,108,Belice,2016,4.841466,2.899619
BLZ,108,Belice,2017,4.907802,2.925317
BLZ,108,Belice,2018,4.973739,3.184477
BLZ,108,Belice,2019,5.020418,3.215662
BLZ,108,Belice,2020,6.075934,4.075725
BLZ,108,Belice,2021,6.318072,4.335056
BLZ,108,Belice,2022,6.432143,4.214610
BLZ,108,Belice,2023,7.490819,4.140170
BMU,305,Bermudas,1990,4.498014,3.304855
BMU,305,Bermudas,1991,4.548953,3.328219
BMU,305,Bermudas,1992,4.600035,3.350861
BMU,305,Bermudas,1993,4.659225,3.374911
BMU,305,Bermudas,1994,4.723486,3.397802
BMU,305,Bermudas,1995,4.788163,3.421171
BMU,305,Bermudas,1996,4.853343,3.445224
BMU,305,Bermudas,1997,4.918455,3.470027
BMU,305,Bermudas,1998,4.986954,3.495490
BMU,305,Bermudas,1999,5.058954,3.521347
BMU,305,Bermudas,2000,5.130403,3.547858
BMU,305,Bermudas,2001,5.191777,3.567681
BMU,305,Bermudas,2002,5.253657,3.589083
BMU,305,Bermudas,2003,5.307429,3.609108
BMU,305,Bermudas,2004,5.352228,3.624185
BMU,305,Bermudas,2005,5.395353,3.639015
BMU,305,Bermudas,2006,5.438802,3.644378
BMU,305,Bermudas,2007,5.474857,3.649726
BMU,305,Bermudas,2008,5.506970,3.647682
BMU,305,Bermudas,2009,5.543320,3.640935
BMU,305,Bermudas,2010,5.564728,3.635328
BMU,305,Bermudas,2011,5.592399,3.635661
BMU,305,Bermudas,2012,5.668438,3.639010
BMU,305,Bermudas,2013,5.710687,3.647870
BMU,305,Bermudas,2014,5.750056,3.662293
BMU,305,Bermudas,2015,5.822889,3.677093
BMU,305,Bermudas,2016,5.894513,3.694958
BMU,305,Bermudas,2017,5.938775,3.712479
BMU,305,Bermudas,2018,5.940116,3.730285
BMU,305,Bermudas,2019,5.912709,3.749213
BMU,305,Bermudas,2020,6.712351,4.370304
BMU,305,Bermudas,2021,6.900345,4.481520
BMU,305,Bermudas,2022,7.029065,4.387530
BMU,305,Bermudas,2023,7.777880,4.540481
BOL,121,Bolivia,1990,5.622003,2.355386
BOL,121,Bolivia,1991,5.669468,2.372393
BOL,121,Bolivia,1992,5.717931,2.385836
BOL,121,Bolivia,1993,5.769882,2.285179
BOL,121,Bolivia,1994,5.824708,2.397811
BOL,121,Bolivia,1995,5.881328,2.248888
BOL,121,Bolivia,1996,5.939691,2.252434
BOL,121,Bolivia,1997,6.000829,2.382570
BOL,121,Bolivia,1998,6.066565,2.232226
BOL,121,Bolivia,1999,6.136864,2.299754
BOL,121,Bolivia,2000,6.208438,2.313311
BOL,121,Bolivia,2001,6.270634,2.269889
BOL,121,Bolivia,2002,6.334886,2.281795
BOL,121,Bolivia,2003,6.390468,2.291588
BOL,121,Bolivia,2004,6.437068,2.412324
BOL,121,Bolivia,2005,6.484292,2.312899
BOL,121,Bolivia,2006,6.531563,2.370512
BOL,121,Bolivia,2007,6.557324,2.378629
BOL,121,Bolivia,2008,6.588012,2.333519
BOL,121,Bolivia,2009,6.586297,2.337382
BOL,121,Bolivia,2010,6.579310,2.340840
BOL,121,Bolivia,2011,6.591600,2.349461
BOL,121,Bolivia,2012,6.621738,2.355989
BOL,121,Bolivia,2013,6.648061,2.363208
BOL,121,Bolivia,2014,6.665178,2.373517
BOL,121,Bolivia,2015,6.684600,2.383426
BOL,121,Bolivia,2016,6.694099,2.400272
BOL,121,Bolivia,2017,6.710089,2.416630
BOL,121,Bolivia,2018,6.718250,2.564275
BOL,121,Bolivia,2019,6.755007,2.597450
BOL,121,Bolivia,2020,8.620560,3.143817
BOL,121,Bolivia,2021,8.567272,3.226722
BOL,121,Bolivia,2022,8.913196,3.302011
BOL,121,Bolivia,2023,10.572879,3.237335
BRA,135,Brasil,1990,5.917043,3.468538
BRA,135,Brasil,1991,6.006571,3.494768
BRA,135,Brasil,1992,6.096417,3.522181
BRA,135,Brasil,1993,6.204038,3.549678
BRA,135,Brasil,1994,6.329344,3.576395
BRA,135,Brasil,1995,6.453589,3.602216
BRA,135,Brasil,1996,6.576618,3.625596
BRA,135,Brasil,1997,6.698417,3.648559
BRA,135,Brasil,1998,6.832452,3.669056
BRA,135,Brasil,1999,6.981341,3.686580
BRA,135,Brasil,2000,7.132202,3.701557
BRA,135,Brasil,2001,7.257682,3.694589
BRA,135,Brasil,2002,7.385725,3.675918
BRA,135,Brasil,2003,7.494184,3.647488
BRA,135,Brasil,2004,7.582224,3.616628
BRA,135,Brasil,2005,7.673425,3.597600
BRA,135,Brasil,2006,7.759193,3.584637
BRA,135,Brasil,2007,7.850260,3.572561
BRA,135,Brasil,2008,7.898779,3.559026
BRA,135,Brasil,2009,7.940436,3.543202
BRA,135,Brasil,2010,7.975370,3.526434
BRA,135,Brasil,2011,8.040052,3.526927
BRA,135,Brasil,2012,8.141542,3.534727
BRA,135,Brasil,2013,8.217651,3.550662
BRA,135,Brasil,2014,8.322011,3.569519
BRA,135,Brasil,2015,8.391500,3.578924
BRA,135,Brasil,2016,8.414882,3.584741
BRA,135,Brasil,2017,8.489981,3.589564
BRA,135,Brasil,2018,8.588295,3.594811
BRA,135,Brasil,2019,8.672254,3.601821
BRA,135,Brasil,2020,10.460071,4.382167
BRA,135,Brasil,2021,10.727916,4.458920
BRA,135,Brasil,2022,11.011230,4.331531
BRA,135,Brasil,2023,12.726122,4.413594
BRB,107,Barbados,1990,4.404674,3.235308
BRB,107,Barbados,1991,4.453276,3.178009
BRB,107,Barbados,1992,4.501863,3.413495
BRB,107,Barbados,1993,4.557917,3.444332
BRB,107,Barbados,1994,4.622236,3.354709
BRB,107,Barbados,1995,4.687920,3.492643
BRB,107,Barbados,1996,4.753888,3.410531
BRB,107,Barbados,1997,4.818570,3.335293
BRB,107,Barbados,1998,4.883926,3.360867
BRB,107,Barbados,1999,4.950139,3.387379
BRB,107,Barbados,2000,5.014649,3.412999
BRB,107,Barbados,2001,5.069860,3.425986
BRB,107,Barbados,2002,5.126378,3.440978
BRB,107,Barbados,2003,5.177055,3.456573
BRB,107,Barbados,2004,5.221590,3.469714
BRB,107,Barbados,2005,5.267954,3.485752
BRB,107,Barbados,2006,5.314784,3.491539
BRB,107,Barbados,2007,5.355032,3.498199
BRB,107,Barbados,2008,5.391469,3.498282
BRB,107,Barbados,2009,5.431098,3.492156
BRB,107,Barbados,2010,5.454831,3.485120
BRB,107,Barbados,2011,5.488750,3.490208
BRB,107,Barbados,2012,5.570465,3.496034
BRB,107,Barbados,2013,5.619394,3.508037
BRB,107,Barbados,2014,5.665510,3.526138
BRB,107,Barbados,2015,5.745207,3.545383
BRB,107,Barbados,2016,5.823043,3.566388
BRB,107,Barbados,2017,5.873194,3.588458
BRB,107,Barbados,2018,5.880827,3.611038
BRB,107,Barbados,2019,5.858442,3.633931
BRB,107,Barbados,2020,6.670890,4.250209
BRB,107,Barbados,2021,6.893165,4.369908
BRB,107,Barbados,2022,7.007377,4.271474
BRB,107,Barbados,2023,7.783012,4.421859
BRN,66,Brunéi,1990,2.875382,1.888847
BRN,66,Brunéi,1991,2.893186,1.899917
BRN,66,Brunéi,1992,2.911063,1.910707
BRN,66,Brunéi,1993,2.936524,1.918938
BRN,66,Brunéi,1994,2.968621,1.924451
BRN,66,Brunéi,1995,3.001858,1.930152
BRN,66,Brunéi,1996,3.033756,2.018395
BRN,66,Brunéi,1997,3.064982,2.024853
BRN,66,Brunéi,1998,3.101581,2.062923
BRN,66,Brunéi,1999,3.144178,2.112432
BRN,66,Brunéi,2000,3.186682,2.119324
BRN,66,Brunéi,2001,3.224872,2.115464
BRN,66,Brunéi,2002,3.261910,2.141430
BRN,66,Brunéi,2003,3.295511,2.140839
BRN,66,Brunéi,2004,3.325726,2.157954
BRN,66,Brunéi,2005,3.353266,2.192794
BRN,66,Brunéi,2006,3.391685,2.202764
BRN,66,Brunéi,2007,3.396360,2.245786
BRN,66,Brunéi,2008,3.431544,2.283119
BRN,66,Brunéi,2009,3.422978,2.325804
BRN,66,Brunéi,2010,3.401351,2.355713
BRN,66,Brunéi,2011,3.400971,2.318981
BRN,66,Brunéi,2012,3.395794,2.358995
BRN,66,Brunéi,2013,3.415138,2.355367
BRN,66,Brunéi,2014,3.463934,2.359500
BRN,66,Brunéi,2015,3.495522,2.402891
BRN,66,Brunéi,2016,3.529436,2.443042
BRN,66,Brunéi,2017,3.544270,2.636916
BRN,66,Brunéi,2018,3.553309,2.521221
BRN,66,Brunéi,2019,3.597267,2.631253
BRN,66,Brunéi,2020,3.938341,2.947064
BRN,66,Brunéi,2021,4.172980,3.039927
BRN,66,Brunéi,2022,4.170544,2.949502
BRN,66,Brunéi,2023,4.536366,2.989567
BTN,162,Bután,1990,2.614332,2.392519
BTN,162,Bután,1991,2.623168,2.408507
BTN,162,Bután,1992,2.632923,2.425109
BTN,162,Bután,1993,2.655248,2.441470
BTN,162,Bután,1994,2.684002,2.461934
BTN,162,Bután,1995,2.706550,2.484717
BTN,162,Bután,1996,2.727565,2.513470
BTN,162,Bután,1997,2.746261,2.703022
BTN,162,Bután,1998,2.765192,2.573482
BTN,162,Bután,1999,2.783545,2.679141
BTN,162,Bután,2000,2.802792,2.713190
BTN,162,Bután,2001,2.823058,2.671306
BTN,162,Bután,2002,2.845528,2.705318
BTN,162,Bután,2003,2.869111,2.739107
BTN,162,Bután,2004,2.892568,2.773642
BTN,162,Bután,2005,2.917168,2.807130
BTN,162,Bután,2006,2.946800,3.007131
BTN,162,Bután,2007,2.984105,2.860841
BTN,162,Bután,2008,3.027143,3.145032
BTN,162,Bután,2009,3.084092,2.986302
BTN,162,Bután,2010,3.144303,3.007057
BTN,162,Bután,2011,3.196393,3.024229
BTN,162,Bután,2012,3.245572,2.957392
BTN,162,Bután,2013,3.281714,2.975617
BTN,162,Bután,2014,3.366512,2.992224
BTN,162,Bután,2015,3.413821,3.009920
BTN,162,Bután,2016,3.497114,3.037584
BTN,162,Bután,2017,3.592994,3.062938
BTN,162,Bután,2018,3.620043,3.095128
BTN,162,Bután,2019,3.619563,3.131087
BTN,162,Bután,2020,4.144896,3.622245
BTN,162,Bután,2021,4.008054,3.543827
BTN,162,Bután,2022,4.340974,3.605253
BTN,162,Bután,2023,4.643160,3.674340
BWA,193,Botsuana,1990,3.216869,2.463102
BWA,193,Botsuana,1991,3.241017,2.315314
BWA,193,Botsuana,1992,3.264938,2.339208
BWA,193,Botsuana,1993,3.289573,2.363203
BWA,193,Botsuana,1994,3.314452,2.335486
BWA,193,Botsuana,1995,3.337492,2.358108
BWA,193,Botsuana,1996,3.359343,2.377342
BWA,193,Botsuana,1997,3.380903,2.397161
BWA,193,Botsuana,1998,3.402237,2.498048
BWA,193,Botsuana,1999,3.423571,2.432218
BWA,193,Botsuana,2000,3.443140,2.485317
BWA,193,Botsuana,2001,3.459790,2.502507
BWA,193,Botsuana,2002,3.475236,2.481519
BWA,193,Botsuana,2003,3.488699,2.500827
BWA,193,Botsuana,2004,3.500079,2.523346
BWA,193,Botsuana,2005,3.510153,2.547887
BWA,193,Botsuana,2006,3.518550,2.570446
BWA,193,Botsuana,2007,3.508477,2.590800
BWA,193,Botsuana,2008,3.499516,2.610506
BWA,193,Botsuana,2009,3.467044,2.751747
BWA,193,Botsuana,2010,3.425853,2.647732
BWA,193,Botsuana,2011,3.397838,2.722537
BWA,193,Botsuana,2012,3.381359,2.740703
BWA,193,Botsuana,2013,3.409794,2.700936
BWA,193,Botsuana,2014,3.459452,2.717310
BWA,193,Botsuana,2015,3.510705,2.732363
BWA,193,Botsuana,2016,3.579302,2.872315
BWA,193,Botsuana,2017,3.628231,2.762341
BWA,193,Botsuana,2018,3.637486,2.958464
BWA,193,Botsuana,2019,3.651395,2.848303
BWA,193,Botsuana,2020,4.466735,3.583851
BWA,193,Botsuana,2021,4.838915,3.493033
BWA,193,Botsuana,2022,4.850942,3.615397
BWA,193,Botsuana,2023,5.747150,3.658054
CAF,169,República Centroafricana,1990,4.276577,3.233765
CAF,169,República Centroafricana,1991,4.283982,3.424317
CAF,169,República Centroafricana,1992,4.291275,3.425441
CAF,169,República Centroafricana,1993,4.310880,3.515471
CAF,169,República Centroafricana,1994,4.341532,3.593161
CAF,169,República Centroafricana,1995,4.372251,3.413869
CAF,169,República Centroafricana,1996,4.405390,3.647524
CAF,169,República Centroafricana,1997,4.438731,3.573154
CAF,169,República Centroafricana,1998,4.479940,3.545280
CAF,169,República Centroafricana,1999,4.530005,3.668369
CAF,169,República Centroafricana,2000,4.578427,3.655161
CAF,169,República Centroafricana,2001,4.606621,3.691822
CAF,169,República Centroafricana,2002,4.636207,3.684379
CAF,169,República Centroafricana,2003,4.651635,3.678723
CAF,169,República Centroafricana,2004,4.650577,3.710601
CAF,169,República Centroafricana,2005,4.649369,3.670982
CAF,169,República Centroafricana,2006,4.646840,3.707233
CAF,169,República Centroafricana,2007,4.645530,3.692152
CAF,169,República Centroafricana,2008,4.626510,3.657761
CAF,169,República Centroafricana,2009,4.597098,3.737398
CAF,169,República Centroafricana,2010,4.562157,3.696689
CAF,169,República Centroafricana,2011,4.533245,3.691021
CAF,169,República Centroafricana,2012,4.536114,3.705376
CAF,169,República Centroafricana,2013,4.582813,3.746598
CAF,169,República Centroafricana,2014,4.688177,3.734464
CAF,169,República Centroafricana,2015,4.840445,3.727029
CAF,169,República Centroafricana,2016,5.017765,3.752662
CAF,169,República Centroafricana,2017,5.169086,3.746735
CAF,169,República Centroafricana,2018,5.257076,3.719472
CAF,169,República Centroafricana,2019,5.305137,3.735201
CAF,169,República Centroafricana,2020,6.537264,4.478076
CAF,169,República Centroafricana,2021,6.628243,4.575270
CAF,169,República Centroafricana,2022,6.933556,4.452486
CAF,169,República Centroafricana,2023,7.944361,4.497347
CAN,101,Canadá,1990,5.443425,3.030390
CAN,101,Canadá,1991,5.449433,3.041198
CAN,101,Canadá,1992,5.452672,3.140483
CAN,101,Canadá,1993,5.453191,3.017632
CAN,101,Canadá,1994,5.451980,3.159057
CAN,101,Canadá,1995,5.453340,3.170322
CAN,101,Canadá,1996,5.455854,3.093650
CAN,101,Canadá,1997,5.458512,3.151866
CAN,101,Canadá,1998,5.459962,3.210284
CAN,101,Canadá,1999,5.460364,3.206600
CAN,101,Canadá,2000,5.461700,3.152922
CAN,101,Canadá,2001,5.461965,3.346820
CAN,101,Canadá,2002,5.460804,3.299865
CAN,101,Canadá,2003,5.457469,3.226233
CAN,101,Canadá,2004,5.452251,3.403916
CAN,101,Canadá,2005,5.447135,3.376119
CAN,101,Canadá,2006,5.443435,3.435156
CAN,101,Canadá,2007,5.436788,3.513062
CAN,101,Canadá,2008,5.421499,3.553656
CAN,101,Canadá,2009,5.431678,3.590943
CAN,101,Canadá,2010,5.426487,3.602628
CAN,101,Canadá,2011,5.448479,3.484212
CAN,101,Canadá,2012,5.483824,3.598876
CAN,101,Canadá,2013,5.534034,3.435593
CAN,101,Canadá,2014,5.583772,3.558236
CAN,101,Canadá,2015,5.618817,3.549768
CAN,101,Canadá,2016,5.642779,3.563183
CAN,101,Canadá,2017,5.682027,3.627748
CAN,101,Canadá,2018,5.728885,3.654933
CAN,101,Canadá,2019,5.769567,3.559435
CAN,101,Canadá,2020,6.718794,4.143147
CAN,101,Canadá,2021,6.774418,4.116539
CAN,101,Canadá,2022,7.075644,3.922321
CAN,101,Canadá,2023,7.839086,4.155095
CHE,94,Suiza,1990,5.627216,4.817917
CHE,94,Suiza,1991,5.617521,4.502064
CHE,94,Suiza,1992,5.606939,4.840551
CHE,94,Suiza,1993,5.610661,4.589105
CHE,94,Suiza,1994,5.628072,4.608225
CHE,94,Suiza,1995,5.647349,4.815985
CHE,94,Suiza,1996,5.669280,4.699276
CHE,94,Suiza,1997,5.693909,4.592749
CHE,94,Suiza,1998,5.730173,4.701392
CHE,94,Suiza,1999,5.776659,4.603071
CHE,94,Suiza,2000,5.822600,4.514886
CHE,94,Suiza,2001,5.875630,4.793531
CHE,94,Suiza,2002,5.928687,4.533394
CHE,94,Suiza,2003,5.994150,4.881204
CHE,94,Suiza,2004,6.071548,4.668297
CHE,94,Suiza,2005,6.145841,4.636973
CHE,94,Suiza,2006,6.216211,4.642180
CHE,94,Suiza,2007,6.276647,4.547791
CHE,94,Suiza,2008,6.336224,4.560296
CHE,94,Suiza,2009,6.400701,4.571431
CHE,94,Suiza,2010,6.450638,4.579546
CHE,94,Suiza,2011,6.475208,4.779753
CHE,94,Suiza,2012,6.501521,4.641848
CHE,94,Suiza,2013,6.535660,4.768656
CHE,94,Suiza,2014,6.519777,4.822701
CHE,94,Suiza,2015,6.528652,4.787843
CHE,94,Suiza,2016,6.554585,4.825620
CHE,94,Suiza,2017,6.559097,5.043655
CHE,94,Suiza,2018,6.559757,4.896745
CHE,94,Suiza,2019,6.506600,5.019267
CHE,94,Suiza,2020,7.447703,6.149308
CHE,94,Suiza,2021,7.341168,5.912735
CHE,94,Suiza,2022,7.635557,6.220640
CHE,94,Suiza,2023,8.461207,6.053958
CHL,98,Chile,1990,6.267940,3.812832
CHL,98,Chile,1991,6.279488,3.828549
CHL,98,Chile,1992,6.295735,3.825626
CHL,98,Chile,1993,6.323054,3.644725
CHL,98,Chile,1994,6.361673,3.660364
CHL,98,Chile,1995,6.405001,3.728782
CHL,98,Chile,1996,6.449621,3.665990
CHL,98,Chile,1997,6.490991,3.590748
CHL,98,Chile,1998,6.536481,3.702023
CHL,98,Chile,1999,6.585718,3.810278
CHL,98,Chile,2000,6.637368,3.755251
CHL,98,Chile,2001,6.691788,3.698308
CHL,98,Chile,2002,6.743902,3.814632
CHL,98,Chile,2003,6.797142,3.766732
CHL,98,Chile,2004,6.850743,3.716051
CHL,98,Chile,2005,6.900712,3.742623
CHL,98,Chile,2006,6.948907,3.773437
CHL,98,Chile,2007,6.986357,3.802098
CHL,98,Chile,2008,7.019847,3.823484
CHL,98,Chile,2009,7.045642,3.841467
CHL,98,Chile,2010,7.057487,3.858168
CHL,98,Chile,2011,7.072850,3.873402
CHL,98,Chile,2012,7.086030,3.887227
CHL,98,Chile,2013,7.114488,4.085096
CHL,98,Chile,2014,7.130996,4.083372
CHL,98,Chile,2015,7.141336,4.012616
CHL,98,Chile,2016,7.120807,4.294995
CHL,98,Chile,2017,7.126854,4.025635
CHL,98,Chile,2018,7.140536,4.237335
CHL,98,Chile,2019,7.165763,4.255535
CHL,98,Chile,2020,8.629412,5.256220
CHL,98,Chile,2021,8.749362,5.427810
CHL,98,Chile,2022,9.076049,5.345282
CHL,98,Chile,2023,10.448125,5.461279
CHN,6,China,1990,3.215682,2.902838
CHN,6,China,1991,3.192823,2.850135
CHN,6,China,1992,3.175960,2.838053
CHN,6,China,1993,3.164488,2.849397
CHN,6,China,1994,3.159791,2.887823
CHN,6,China,1995,3.163024,2.907672
CHN,6,China,1996,3.171249,3.010947
CHN,6,China,1997,3.181229,3.018018
CHN,6,China,1998,3.188111,3.119528
CHN,6,China,1999,3.190017,3.195375
CHN,6,China,2000,3.185790,3.216690
CHN,6,China,2001,3.179011,3.274904
CHN,6,China,2002,3.166152,3.354628
CHN,6,China,2003,3.152081,3.404244
CHN,6,China,2004,3.137659,3.485326
CHN,6,China,2005,3.119878,3.503543
CHN,6,China,2006,3.101024,3.535959
CHN,6,China,2007,3.075906,3.652985
CHN,6,China,2008,3.053017,3.589610
CHN,6,China,2009,3.037124,3.681184
CHN,6,China,2010,3.008206,3.683308
CHN,6,China,2011,3.002137,3.698874
CHN,6,China,2012,3.009559,3.697554
CHN,6,China,2013,3.019001,3.674680
CHN,6,China,2014,3.050319,3.702433
CHN,6,China,2015,3.113923,3.709918
CHN,6,China,2016,3.171806,3.783811
CHN,6,China,2017,3.278662,3.809475
CHN,6,China,2018,3.381381,3.834447
CHN,6,China,2019,3.490594,3.878023
CHN,6,China,2020,3.875550,4.122376
CHN,6,China,2021,3.777843,4.132509
CHN,6,China,2022,4.051071,4.241015
CHN,6,China,2023,4.237704,4.308107
CIV,205,Costa de Marfil,1990,3.728004,2.154833
CIV,205,Costa de Marfil,1991,3.788585,2.062884
CIV,205,Costa de Marfil,1992,3.851191,2.201240
CIV,205,Costa de Marfil,1993,3.936238,2.214694
CIV,205,Costa de Marfil,1994,4.041925,2.232825
CIV,205,Costa de Marfil,1995,4.145711,2.289237
CIV,205,Costa de Marfil,1996,4.245358,2.311229
CIV,205,Costa de Marfil,1997,4.339663,2.346427
CIV,205,Costa de Marfil,1998,4.443239,2.356914
CIV,205,Costa de Marfil,1999,4.555486,2.393263
CIV,205,Costa de Marfil,2000,4.659874,2.415966
CIV,205,Costa de Marfil,2001,4.719487,2.417472
CIV,205,Costa de Marfil,2002,4.774093,2.480157
CIV,205,Costa de Marfil,2003,4.797427,2.474255
CIV,205,Costa de Marfil,2004,4.792320,2.483325
CIV,205,Costa de Marfil,2005,4.786654,2.479819
CIV,205,Costa de Marfil,2006,4.780776,2.475248
CIV,205,Costa de Marfil,2007,4.773584,2.452161
CIV,205,Costa de Marfil,2008,4.753935,2.446315
CIV,205,Costa de Marfil,2009,4.709804,2.429506
CIV,205,Costa de Marfil,2010,4.727715,2.467564
CIV,205,Costa de Marfil,2011,4.779950,2.497552
CIV,205,Costa de Marfil,2012,4.880235,2.473554
CIV,205,Costa de Marfil,2013,5.030061,2.500911
CIV,205,Costa de Marfil,2014,5.158787,2.529622
CIV,205,Costa de Marfil,2015,5.279412,2.513748
CIV,205,Costa de Marfil,2016,5.358630,2.516543
CIV,205,Costa de Marfil,2017,5.435286,2.551327
CIV,205,Costa de Marfil,2018,5.582572,2.552834
CIV,205,Costa de Marfil,2019,5.708514,2.607603
CIV,205,Costa de Marfil,2020,6.973361,3.083714
CIV,205,Costa de Marfil,2021,7.132252,3.136099
CIV,205,Costa de Marfil,2022,7.344875,3.110526
CIV,205,Costa de Marfil,2023,8.378703,3.139507
CMR,202,Camerún,1990,4.133701,2.201204
CMR,202,Camerún,1991,4.188966,2.217222
CMR,202,Camerún,1992,4.246881,2.243814
CMR,202,Camerún,1993,4.330819,2.198460
CMR,202,Camerún,1994,4.439725,2.321217
CMR,202,Camerún,1995,4.550016,2.241794
CMR,202,Camerún,1996,4.659479,2.251515
CMR,202,Camerún,1997,4.767038,2.311447
CMR,202,Camerún,1998,4.888357,2.307141
CMR,202,Camerún,1999,5.023375,2.297104
CMR,202,Camerún,2000,5.154234,2.313400
CMR,202,Camerún,2001,5.236990,2.225258
CMR,202,Camerún,2002,5.316048,2.228769
CMR,202,Camerún,2003,5.357900,2.198103
CMR,202,Camerún,2004,5.363815,2.257212
CMR,202,Camerún,2005,5.366597,2.297961
CMR,202,Camerún,2006,5.368822,2.337131
CMR,202,Camerún,2007,5.377811,2.406427
CMR,202,Camerún,2008,5.362058,2.416293
CMR,202,Camerún,2009,5.314308,2.394815
CMR,202,Camerún,2010,5.296250,2.400131
CMR,202,Camerún,2011,5.284932,2.399645
CMR,202,Camerún,2012,5.275465,2.377151
CMR,202,Camerún,2013,5.299394,2.377262
CMR,202,Camerún,2014,5.317730,2.451222
CMR,202,Camerún,2015,5.368980,2.446906
CMR,202,Camerún,2016,5.389623,2.476831
CMR,202,Camerún,2017,5.445783,2.523033
CMR,202,Camerún,2018,5.536563,2.547957
CMR,202,Camerún,2019,5.589548,2.562203
CMR,202,Camerún,2020,6.881506,3.110129
CMR,202,Camerún,2021,7.106572,3.215691
CMR,202,Camerún,2022,7.202088,3.136015
CMR,202,Camerún,2023,8.410079,3.200255
COD,171,República Democrática del Congo,1990,3.362145,3.457732
COD,171,República Democrática del Congo,1991,3.368383,3.521716
COD,171,República Democrática del Congo,1992,3.375125,3.548942
COD,171,República Democrática del Congo,1993,3.392399,3.565160
COD,171,República Democrática del Congo,1994,3.420384,3.564597
COD,171,República Democrática del Congo,1995,3.448815,3.563175
COD,171,República Democrática del Congo,1996,3.476724,3.687302
COD,171,República Democrática del Congo,1997,3.504696,3.668112
COD,171,República Democrática del Congo,1998,3.539815,3.703583
COD,171,República Democrática del Congo,1999,3.582057,3.750206
COD,171,República Democrática del Congo,2000,3.623970,3.724043
COD,171,República Democrática del Congo,2001,3.650026,3.708015
COD,171,República Democrática del Congo,2002,3.675482,3.731862
COD,171,República Democrática del Congo,2003,3.688737,3.713589
COD,171,República Democrática del Congo,2004,3.689218,3.698235
COD,171,República Democrática del Congo,2005,3.689597,3.696385
COD,171,República Democrática del Congo,2006,3.690209,3.685981
COD,171,República Democrática del Congo,2007,3.691460,3.681851
COD,171,República Democrática del Congo,2008,3.682444,3.689284
COD,171,República Democrática del Congo,2009,3.665057,3.719589
COD,171,República Democrática del Congo,2010,3.624831,3.705369
COD,171,República Democrática del Congo,2011,3.590436,3.709650
COD,171,República Democrática del Congo,2012,3.557719,3.730924
COD,171,República Democrática del Congo,2013,3.517270,3.723767
COD,171,República Democrática del Congo,2014,3.530986,3.730728
COD,171,República Democrática del Congo,2015,3.557302,3.740462
COD,171,República Democrática del Congo,2016,3.605279,3.766174
COD,171,República Democrática del Congo,2017,3.692303,3.795505
COD,171,República Democrática del Congo,2018,3.673674,3.793243
COD,171,República Democrática del Congo,2019,3.694102,3.836934
COD,171,República Democrática del Congo,2020,4.674214,4.771027
COD,171,República Democrática del Congo,2021,4.710307,4.819195
COD,171,República Democrática del Congo,2022,4.917368,4.745220
COD,171,República Democrática del Congo,2023,5.715079,4.837704
COG,170,Congo,1990,3.836604,3.705183
COG,170,Congo,1991,3.848158,3.723384
COG,170,Congo,1992,3.858062,3.963757
COG,170,Congo,1993,3.877545,4.071600
COG,170,Congo,1994,3.906731,4.147083
COG,170,Congo,1995,3.934562,4.266224
COG,170,Congo,1996,3.960824,4.291480
COG,170,Congo,1997,3.984746,4.462331
COG,170,Congo,1998,4.017327,4.427886
COG,170,Congo,1999,4.058164,4.499556
COG,170,Congo,2000,4.097676,4.589307
COG,170,Congo,2001,4.120877,4.473146
COG,170,Congo,2002,4.142828,4.558378
COG,170,Congo,2003,4.152623,4.470817
COG,170,Congo,2004,4.149671,4.449359
COG,170,Congo,2005,4.145858,4.496039
COG,170,Congo,2006,4.141642,4.413719
COG,170,Congo,2007,4.138029,4.425084
COG,170,Congo,2008,4.124803,4.390506
COG,170,Congo,2009,4.118033,4.469080
COG,170,Congo,2010,4.109445,4.169513
COG,170,Congo,2011,4.109144,4.406803
COG,170,Congo,2012,4.135703,4.319101
COG,170,Congo,2013,4.155372,4.338529
COG,170,Congo,2014,4.183830,4.417490
COG,170,Congo,2015,4.189459,4.203965
COG,170,Congo,2016,4.259049,4.515476
COG,170,Congo,2017,4.313798,4.360378
COG,170,Congo,2018,4.348323,4.119957
COG,170,Congo,2019,4.396522,4.267984
COG,170,Congo,2020,5.505433,5.024232
COG,170,Congo,2021,5.683117,5.014068
COG,170,Congo,2022,5.849216,5.193663
COG,170,Congo,2023,6.821876,5.250576
COK,320,Islas Cook,1990,3.078448,2.019299
COK,320,Islas Cook,1991,3.062399,2.034408
COK,320,Islas Cook,1992,3.045092,2.051359
COK,320,Islas Cook,1993,3.027339,2.070995
COK,320,Islas Cook,1994,3.011176,2.093672
COK,320,Islas Cook,1995,2.999137,2.121323
COK,320,Islas Cook,1996,2.989650,2.155566
COK,320,Islas Cook,1997,2.979125,2.193880
COK,320,Islas Cook,1998,2.967029,2.237547
COK,320,Islas Cook,1999,2.951220,2.281925
COK,320,Islas Cook,2000,2.935692,2.324489
COK,320,Islas Cook,2001,2.932764,2.363632
COK,320,Islas Cook,2002,2.937247,2.395668
COK,320,Islas Cook,2003,2.954884,2.422420
COK,320,Islas Cook,2004,2.984645,2.446696
COK,320,Islas Cook,2005,3.017148,2.471845
COK,320,Islas Cook,2006,3.046984,2.501063
COK,320,Islas Cook,2007,3.070005,2.533938
COK,320,Islas Cook,2008,3.081993,2.569380
COK,320,Islas Cook,2009,3.097501,2.607056
COK,320,Islas Cook,2010,3.111525,2.646914
COK,320,Islas Cook,2011,3.122631,2.689093
COK,320,Islas Cook,2012,3.161744,2.731145
COK,320,Islas Cook,2013,3.210418,2.772733
COK,320,Islas Cook,2014,3.268297,2.813224
COK,320,Islas Cook,2015,3.339164,2.851087
COK,320,Islas Cook,2016,3.397741,2.881772
COK,320,Islas Cook,2017,3.455244,2.907391
COK,320,Islas Cook,2018,3.502091,2.926773
COK,320,Islas Cook,2019,3.536053,2.941495
COK,320,Islas Cook,2020,4.196809,3.439739
COK,320,Islas Cook,2021,4.395372,3.555113
COK,320,Islas Cook,2022,4.481711,3.469399
COK,320,Islas Cook,2023,5.174016,3.540180
COL,125,Colombia,1990,3.993571,1.979251
COL,125,Colombia,1991,4.021343,1.985907
COL,125,Colombia,1992,4.046504,1.994305
COL,125,Colombia,1993,4.070170,1.986939
COL,125,Colombia,1994,4.094461,2.010793
COL,125,Colombia,1995,4.122838,2.011340
COL,125,Colombia,1996,4.157781,2.024262
COL,125,Colombia,1997,4.199381,2.038299
COL,125,Colombia,1998,4.243366,2.058616
COL,125,Colombia,1999,4.285470,2.075080
COL,125,Colombia,2000,4.324176,2.094672
COL,125,Colombia,2001,4.349994,2.106963
COL,125,Colombia,2002,4.373444,2.121719
COL,125,Colombia,2003,4.385405,2.130062
COL,125,Colombia,2004,4.386902,2.132712
COL,125,Colombia,2005,4.390313,2.133567
COL,125,Colombia,2006,4.396791,2.123548
COL,125,Colombia,2007,4.395626,2.107276
COL,125,Colombia,2008,4.395824,2.086587
COL,125,Colombia,2009,4.370087,2.077505
COL,125,Colombia,2010,4.350653,2.075611
COL,125,Colombia,2011,4.338789,2.081354
COL,125,Colombia,2012,4.328814,2.094293
COL,125,Colombia,2013,4.328819,2.098379
COL,125,Colombia,2014,4.337459,2.109635
COL,125,Colombia,2015,4.343981,2.119465
COL,125,Colombia,2016,4.353406,2.125693
COL,125,Colombia,2017,4.377415,2.142902
COL,125,Colombia,2018,4.418306,2.163617
COL,125,Colombia,2019,4.472745,2.173125
COL,125,Colombia,2020,5.507524,2.683391
COL,125,Colombia,2021,5.658066,2.774309
COL,125,Colombia,2022,5.836652,2.732004
COL,125,Colombia,2023,6.851918,2.802335
COM,176,Comoras,1990,2.549862,2.694045
COM,176,Comoras,1991,2.549546,2.800464
COM,176,Comoras,1992,2.548430,2.974479
COM,176,Comoras,1993,2.546818,2.741852
COM,176,Comoras,1994,2.544842,2.827762
COM,176,Comoras,1995,2.543045,2.842927
COM,176,Comoras,1996,2.541004,2.788281
COM,176,Comoras,1997,2.538761,3.019009
COM,176,Comoras,1998,2.536683,2.815378
COM,176,Comoras,1999,2.534661,2.927890
COM,176,Comoras,2000,2.532648,2.942477
COM,176,Comoras,2001,2.531998,2.859166
COM,176,Comoras,2002,2.532342,2.874225
COM,176,Comoras,2003,2.534851,2.889296
COM,176,Comoras,2004,2.538887,2.905998
COM,176,Comoras,2005,2.541968,2.918644
COM,176,Comoras,2006,2.544717,2.927459
COM,176,Comoras,2007,2.545174,2.938787
COM,176,Comoras,2008,2.548386,2.949590
COM,176,Comoras,2009,2.549901,2.959607
COM,176,Comoras,2010,2.553149,2.968808
COM,176,Comoras,2011,2.570157,2.979204
COM,176,Comoras,2012,2.595133,2.990728
COM,176,Comoras,2013,2.640915,3.003802
COM,176,Comoras,2014,2.711736,3.228910
COM,176,Comoras,2015,2.801020,3.032890
COM,176,Comoras,2016,2.920273,3.142823
COM,176,Comoras,2017,3.067107,3.386050
COM,176,Comoras,2018,3.225273,3.292263
COM,176,Comoras,2019,3.379569,3.442971
COM,176,Comoras,2020,4.473527,4.212885
COM,176,Comoras,2021,4.760170,4.063728
COM,176,Comoras,2022,4.916084,4.260409
COM,176,Comoras,2023,5.989917,4.117018
CPV,203,Cabo Verde,1990,3.819197,2.239504
CPV,203,Cabo Verde,1991,3.873794,2.241684
CPV,203,Cabo Verde,1992,3.934311,2.244415
CPV,203,Cabo Verde,1993,4.021259,2.246855
CPV,203,Cabo Verde,1994,4.134373,2.249553
CPV,203,Cabo Verde,1995,4.252219,2.253948
CPV,203,Cabo Verde,1996,4.371268,2.264557
CPV,203,Cabo Verde,1997,4.490439,2.279498
CPV,203,Cabo Verde,1998,4.624617,2.300306
CPV,203,Cabo Verde,1999,4.771632,2.325843
CPV,203,Cabo Verde,2000,4.912921,2.353851
CPV,203,Cabo Verde,2001,5.008591,2.386615
CPV,203,Cabo Verde,2002,5.101401,2.422666
CPV,203,Cabo Verde,2003,5.157952,2.461601
CPV,203,Cabo Verde,2004,5.177066,2.501564
CPV,203,Cabo Verde,2005,5.189063,2.540241
CPV,203,Cabo Verde,2006,5.194925,2.573206
CPV,203,Cabo Verde,2007,5.181013,2.606759
CPV,203,Cabo Verde,2008,5.153640,2.638207
CPV,203,Cabo Verde,2009,5.068974,2.666708
CPV,203,Cabo Verde,2010,5.013588,2.693658
CPV,203,Cabo Verde,2011,4.990579,2.721644
CPV,203,Cabo Verde,2012,4.981893,2.749934
CPV,203,Cabo Verde,2013,5.036427,2.777025
CPV,203,Cabo Verde,2014,5.094722,2.803684
CPV,203,Cabo Verde,2015,5.177188,2.828018
CPV,203,Cabo Verde,2016,5.265105,2.853667
CPV,203,Cabo Verde,2017,5.331528,2.879043
CPV,203,Cabo Verde,2018,5.420020,2.906078
CPV,203,Cabo Verde,2019,5.489914,2.935614
CPV,203,Cabo Verde,2020,6.924791,3.535731
CPV,203,Cabo Verde,2021,7.115699,3.615482
CPV,203,Cabo Verde,2022,7.346210,3.548407
CPV,203,Cabo Verde,2023,8.693801,3.643185
CRI,126,Costa Rica,1990,3.144336,2.787940
CRI,126,Costa Rica,1991,3.181741,2.729558
CRI,126,Costa Rica,1992,3.219757,2.746197
CRI,126,Costa Rica,1993,3.265166,2.693441
CRI,126,Costa Rica,1994,3.318486,2.790098
CRI,126,Costa Rica,1995,3.373513,2.669672
CRI,126,Costa Rica,1996,3.428951,2.903937
CRI,126,Costa Rica,1997,3.484773,2.937970
CRI,126,Costa Rica,1998,3.546503,2.805766
CRI,126,Costa Rica,1999,3.613575,2.907346
CRI,126,Costa Rica,2000,3.682498,2.863280
CRI,126,Costa Rica,2001,3.743277,2.965477
CRI,126,Costa Rica,2002,3.806030,2.841779
CRI,126,Costa Rica,2003,3.861642,2.935750
CRI,126,Costa Rica,2004,3.909891,2.959552
CRI,126,Costa Rica,2005,3.957171,2.906678
CRI,126,Costa Rica,2006,4.004451,2.919062
CRI,126,Costa Rica,2007,4.047596,2.930887
CRI,126,Costa Rica,2008,4.078523,2.940414
CRI,126,Costa Rica,2009,4.102550,2.944511
CRI,126,Costa Rica,2010,4.132856,2.945150
CRI,126,Costa Rica,2011,4.174838,2.956902
CRI,126,Costa Rica,2012,4.232712,2.966646
CRI,126,Costa Rica,2013,4.309609,2.979757
CRI,126,Costa Rica,2014,4.384968,2.997801
CRI,126,Costa Rica,2015,4.442234,3.013668
CRI,126,Costa Rica,2016,4.487381,3.029901
CRI,126,Costa Rica,2017,4.536330,3.045801
CRI,126,Costa Rica,2018,4.603580,3.063291
CRI,126,Costa Rica,2019,4.666278,3.265136
CRI,126,Costa Rica,2020,5.608405,3.688844
CRI,126,Costa Rica,2021,5.778844,3.845751
CRI,126,Costa Rica,2022,5.966695,4.004316
CRI,126,Costa Rica,2023,6.878845,3.913609
CUB,109,Cuba,1990,5.880765,3.468167
CUB,109,Cuba,1991,5.945475,3.494859
CUB,109,Cuba,1992,6.017737,3.522115
CUB,109,Cuba,1993,6.104767,3.551370
CUB,109,Cuba,1994,6.203418,3.569839
CUB,109,Cuba,1995,6.303012,3.597165
CUB,109,Cuba,1996,6.399965,3.625926
CUB,109,Cuba,1997,6.493528,3.598369
CUB,109,Cuba,1998,6.590045,3.492889
CUB,109,Cuba,1999,6.690216,3.498990
CUB,109,Cuba,2000,6.789147,3.434378
CUB,109,Cuba,2001,6.876907,3.393694
CUB,109,Cuba,2002,6.966758,3.419961
CUB,109,Cuba,2003,7.049571,3.446524
CUB,109,Cuba,2004,7.123140,3.470565
CUB,109,Cuba,2005,7.195866,3.492103
CUB,109,Cuba,2006,7.268376,3.502608
CUB,109,Cuba,2007,7.320845,3.657520
CUB,109,Cuba,2008,7.354190,3.518445
CUB,109,Cuba,2009,7.350216,3.583196
CUB,109,Cuba,2010,7.292286,3.574949
CUB,109,Cuba,2011,7.204225,3.505856
CUB,109,Cuba,2012,7.137779,3.505982
CUB,109,Cuba,2013,7.042975,3.511500
CUB,109,Cuba,2014,6.948605,3.523403
CUB,109,Cuba,2015,6.891307,3.532963
CUB,109,Cuba,2016,6.841417,3.541807
CUB,109,Cuba,2017,6.774982,3.555117
CUB,109,Cuba,2018,6.676366,3.714156
CUB,109,Cuba,2019,6.550312,3.584986
CUB,109,Cuba,2020,7.175633,4.415880
CUB,109,Cuba,2021,7.629120,4.484655
CUB,109,Cuba,2022,7.461640,4.509438
CUB,109,Cuba,2023,8.290740,4.492166
CYP,77,Chipre,1990,5.903732,2.783539
CYP,77,Chipre,1991,5.799260,2.789106
CYP,77,Chipre,1992,5.707050,2.726399
CYP,77,Chipre,1993,5.620216,2.663942
CYP,77,Chipre,1994,5.559040,2.816440
CYP,77,Chipre,1995,5.480106,2.678553
CYP,77,Chipre,1996,5.421190,2.904442
CYP,77,Chipre,1997,5.361938,2.770938
CYP,77,Chipre,1998,5.319959,2.791042
CYP,77,Chipre,1999,5.304652,2.881998
CYP,77,Chipre,2000,5.268484,2.843852
CYP,77,Chipre,2001,5.283050,2.807229
CYP,77,Chipre,2002,5.284715,2.864315
CYP,77,Chipre,2003,5.361200,2.853049
CYP,77,Chipre,2004,5.457713,2.817515
CYP,77,Chipre,2005,5.577320,2.837984
CYP,77,Chipre,2006,5.684129,2.848054
CYP,77,Chipre,2007,5.801361,2.856378
CYP,77,Chipre,2008,5.963421,2.860751
CYP,77,Chipre,2009,6.190419,2.999193
CYP,77,Chipre,2010,6.419340,2.868677
CYP,77,Chipre,2011,6.653950,2.949591
CYP,77,Chipre,2012,6.878957,2.956264
CYP,77,Chipre,2013,7.093991,2.905343
CYP,77,Chipre,2014,7.334547,2.920777
CYP,77,Chipre,2015,7.615771,2.941244
CYP,77,Chipre,2016,7.782191,2.951264
CYP,77,Chipre,2017,7.874290,2.969012
CYP,77,Chipre,2018,7.941472,3.127148
CYP,77,Chipre,2019,8.038780,3.003024
CYP,77,Chipre,2020,9.458969,3.540735
CYP,77,Chipre,2021,9.727140,3.604347
CYP,77,Chipre,2022,10.036746,3.685149
CYP,77,Chipre,2023,11.229546,3.698823
CZE,47,República Checa,1990,4.292089,3.106144
CZE,47,República Checa,1991,4.304657,3.182047
CZE,47,República Checa,1992,4.316097,3.081661
CZE,47,República Checa,1993,4.330030,3.157847
CZE,47,República Checa,1994,4.347778,3.179273
CZE,47,República Checa,1995,4.368431,3.260838
CZE,47,República Checa,1996,4.391160,3.287873
CZE,47,República Checa,1997,4.413643,3.357153
CZE,47,República Checa,1998,4.436392,3.323763
CZE,47,República Checa,1999,4.457929,3.478343
CZE,47,República Checa,2000,4.476375,3.291907
CZE,47,República Checa,2001,4.494325,3.436627
CZE,47,República Checa,2002,4.510189,3.328146
CZE,47,República Checa,2003,4.527437,3.336534
CZE,47,República Checa,2004,4.545020,3.468683
CZE,47,República Checa,2005,4.560564,3.293079
CZE,47,República Checa,2006,4.573248,3.359868
CZE,47,República Checa,2007,4.583587,3.364862
CZE,47,República Checa,2008,4.603130,3.307829
CZE,47,República Checa,2009,4.623075,3.308317
CZE,47,República Checa,2010,4.645031,3.304990
CZE,47,República Checa,2011,4.674214,3.305585
CZE,47,República Checa,2012,4.701573,3.303069
CZE,47,República Checa,2013,4.699292,3.423846
CZE,47,República Checa,2014,4.686245,3.446238
CZE,47,República Checa,2015,4.658750,3.362481
CZE,47,República Checa,2016,4.624377,3.439702
CZE,47,República Checa,2017,4.580161,3.378860
CZE,47,República Checa,2018,4.521734,3.450526
CZE,47,República Checa,2019,4.502655,3.311920
CZE,47,República Checa,2020,5.154691,3.927626
CZE,47,República Checa,2021,5.237144,4.191603
CZE,47,República Checa,2022,5.316600,3.833314
CZE,47,República Checa,2023,5.990714,4.002128
DEU,81,Alemania,1990,5.670412,3.913086
DEU,81,Alemania,1991,5.654096,3.895688
DEU,81,Alemania,1992,5.641834,3.902806
DEU,81,Alemania,1993,5.631022,3.889443
DEU,81,Alemania,1994,5.622392,3.873207
DEU,81,Alemania,1995,5.617308,3.864378
DEU,81,Alemania,1996,5.611888,3.859575
DEU,81,Alemania,1997,5.607803,3.846089
DEU,81,Alemania,1998,5.603860,3.822887
DEU,81,Alemania,1999,5.599672,3.808712
DEU,81,Alemania,2000,5.597479,3.821706
DEU,81,Alemania,2001,5.580268,3.812284
DEU,81,Alemania,2002,5.568015,3.861732
DEU,81,Alemania,2003,5.535350,3.879099
DEU,81,Alemania,2004,5.479157,3.921051
DEU,81,Alemania,2005,5.418533,3.957275
DEU,81,Alemania,2006,5.384888,3.999063
DEU,81,Alemania,2007,5.335749,4.044337
DEU,81,Alemania,2008,5.283818,4.120886
DEU,81,Alemania,2009,5.216021,4.157297
DEU,81,Alemania,2010,5.113209,4.211521
DEU,81,Alemania,2011,5.005717,4.249700
DEU,81,Alemania,2012,4.893904,4.260736
DEU,81,Alemania,2013,4.829029,4.289514
DEU,81,Alemania,2014,4.801867,4.313033
DEU,81,Alemania,2015,4.765414,4.339671
DEU,81,Alemania,2016,4.707938,4.379006
DEU,81,Alemania,2017,4.642779,4.374307
DEU,81,Alemania,2018,4.612434,4.368808
DEU,81,Alemania,2019,4.615143,4.339809
DEU,81,Alemania,2020,5.288230,5.077186
DEU,81,Alemania,2021,5.386062,5.089741
DEU,81,Alemania,2022,5.467390,4.821419
DEU,81,Alemania,2023,6.079096,5.093120
DJI,177,Yibuti,1990,1.898259,2.819782
DJI,177,Yibuti,1991,1.892040,2.830284
DJI,177,Yibuti,1992,1.885474,2.930209
DJI,177,Yibuti,1993,1.882800,2.934427
DJI,177,Yibuti,1994,1.882721,2.950585
DJI,177,Yibuti,1995,1.882599,2.909383
DJI,177,Yibuti,1996,1.884261,2.774615
DJI,177,Yibuti,1997,1.884919,2.938086
DJI,177,Yibuti,1998,1.882718,2.860711
DJI,177,Yibuti,1999,1.879369,2.885102
DJI,177,Yibuti,2000,1.877169,2.799185
DJI,177,Yibuti,2001,1.875964,2.817026
DJI,177,Yibuti,2002,1.874693,2.892562
DJI,177,Yibuti,2003,1.873330,2.674345
DJI,177,Yibuti,2004,1.872432,2.757590
DJI,177,Yibuti,2005,1.871858,2.776196
DJI,177,Yibuti,2006,1.871315,2.723682
DJI,177,Yibuti,2007,1.862004,2.735210
DJI,177,Yibuti,2008,1.854384,2.910568
DJI,177,Yibuti,2009,1.878081,2.906872
DJI,177,Yibuti,2010,1.883679,2.984153
DJI,177,Yibuti,2011,1.935371,2.911419
DJI,177,Yibuti,2012,2.006783,3.046185
DJI,177,Yibuti,2013,2.085855,2.834575
DJI,177,Yibuti,2014,2.157530,2.969809
DJI,177,Yibuti,2015,2.223763,3.017100
DJI,177,Yibuti,2016,2.348396,2.847006
DJI,177,Yibuti,2017,2.516533,2.942885
DJI,177,Yibuti,2018,2.668070,3.020101
DJI,177,Yibuti,2019,2.803487,2.874835
DJI,177,Yibuti,2020,3.670872,3.385005
DJI,177,Yibuti,2021,3.931992,3.771300
DJI,177,Yibuti,2022,4.107209,3.596723
DJI,177,Yibuti,2023,4.970176,3.707630
DMA,110,Dominica,1990,4.065693,2.778684
DMA,110,Dominica,1991,4.111732,2.800388
DMA,110,Dominica,1992,4.158407,2.821854
DMA,110,Dominica,1993,4.211469,2.843609
DMA,110,Dominica,1994,4.272530,2.867423
DMA,110,Dominica,1995,4.338639,2.894546
DMA,110,Dominica,1996,4.410495,2.925013
DMA,110,Dominica,1997,4.485247,2.957031
DMA,110,Dominica,1998,4.563785,2.991300
DMA,110,Dominica,1999,4.644060,3.026526
DMA,110,Dominica,2000,4.721122,3.060465
DMA,110,Dominica,2001,4.787571,3.089837
DMA,110,Dominica,2002,4.853034,3.118593
DMA,110,Dominica,2003,4.909854,3.143525
DMA,110,Dominica,2004,4.957705,3.164721
DMA,110,Dominica,2005,5.003806,3.183607
DMA,110,Dominica,2006,5.051088,3.196415
DMA,110,Dominica,2007,5.092631,3.207701
DMA,110,Dominica,2008,5.130794,3.213820
DMA,110,Dominica,2009,5.173726,3.213922
DMA,110,Dominica,2010,5.197819,3.210445
DMA,110,Dominica,2011,5.227926,3.213893
DMA,110,Dominica,2012,5.307405,3.222292
DMA,110,Dominica,2013,5.354156,3.233007
DMA,110,Dominica,2014,5.400289,3.250092
DMA,110,Dominica,2015,5.481929,3.271929
DMA,110,Dominica,2016,5.562266,3.293719
DMA,110,Dominica,2017,5.616314,3.315253
DMA,110,Dominica,2018,5.634689,3.343388
DMA,110,Dominica,2019,5.624187,3.373371
DMA,110,Dominica,2020,6.468845,3.973891
DMA,110,Dominica,2021,6.727854,4.113544
DMA,110,Dominica,2022,6.831683,4.022648
DMA,110,Dominica,2023,7.648261,4.174682
DNK,78,Dinamarca,1990,4.067251,3.224472
DNK,78,Dinamarca,1991,3.992053,3.220299
DNK,78,Dinamarca,1992,3.916219,3.352229
DNK,78,Dinamarca,1993,3.847176,3.207701
DNK,78,Dinamarca,1994,3.786208,3.265205
DNK,78,Dinamarca,1995,3.728651,3.258460
DNK,78,Dinamarca,1996,3.673551,3.189526
DNK,78,Dinamarca,1997,3.619479,3.186602
DNK,78,Dinamarca,1998,3.574496,3.185541
DNK,78,Dinamarca,1999,3.537948,3.327348
DNK,78,Dinamarca,2000,3.503900,3.189769
DNK,78,Dinamarca,2001,3.496288,3.259944
DNK,78,Dinamarca,2002,3.491768,3.266722
DNK,78,Dinamarca,2003,3.518964,3.338507
DNK,78,Dinamarca,2004,3.577677,3.217055
DNK,78,Dinamarca,2005,3.638276,3.423061
DNK,78,Dinamarca,2006,3.737693,3.300573
DNK,78,Dinamarca,2007,3.823293,3.462166
DNK,78,Dinamarca,2008,3.961639,3.501172
DNK,78,Dinamarca,2009,4.176730,3.499517
DNK,78,Dinamarca,2010,4.326479,3.448420
DNK,78,Dinamarca,2011,4.500421,3.632309
DNK,78,Dinamarca,2012,4.670694,3.400325
DNK,78,Dinamarca,2013,4.843495,3.423321
DNK,78,Dinamarca,2014,5.090209,3.448772
DNK,78,Dinamarca,2015,5.288987,3.558155
DNK,78,Dinamarca,2016,5.484086,3.491238
DNK,78,Dinamarca,2017,5.652620,3.520528
DNK,78,Dinamarca,2018,5.779438,3.581509
DNK,78,Dinamarca,2019,5.904524,3.525049
DNK,78,Dinamarca,2020,6.811474,3.982032
DNK,78,Dinamarca,2021,6.738714,3.913531
DNK,78,Dinamarca,2022,7.209083,3.932571
DNK,78,Dinamarca,2023,7.782293,4.136933
DOM,111,República Dominicana,1990,4.717097,3.227604
DOM,111,República Dominicana,1991,4.782325,3.233210
DOM,111,República Dominicana,1992,4.846664,3.259512
DOM,111,República Dominicana,1993,4.915626,3.134542
DOM,111,República Dominicana,1994,4.989056,3.295311
DOM,111,República Dominicana,1995,5.063214,3.096263
DOM,111,República Dominicana,1996,5.138781,3.276066
DOM,111,República Dominicana,1997,5.217310,3.295820
DOM,111,República Dominicana,1998,5.300880,3.160319
DOM,111,República Dominicana,1999,5.389167,3.259663
DOM,111,República Dominicana,2000,5.478333,3.201889
DOM,111,República Dominicana,2001,5.557117,3.150061
DOM,111,República Dominicana,2002,5.636869,3.173098
DOM,111,República Dominicana,2003,5.708415,3.197292
DOM,111,República Dominicana,2004,5.771459,3.224195
DOM,111,República Dominicana,2005,5.835546,3.248598
DOM,111,República Dominicana,2006,5.900935,3.421182
DOM,111,República Dominicana,2007,5.975536,3.300099
DOM,111,República Dominicana,2008,6.057663,3.396914
DOM,111,República Dominicana,2009,6.103293,3.422061
DOM,111,República Dominicana,2010,6.185164,3.374306
DOM,111,República Dominicana,2011,6.236201,3.395339
DOM,111,República Dominicana,2012,6.272717,3.414610
DOM,111,República Dominicana,2013,6.314215,3.587393
DOM,111,República Dominicana,2014,6.341277,3.451999
DOM,111,República Dominicana,2015,6.390782,3.538858
DOM,111,República Dominicana,2016,6.407148,3.554452
DOM,111,República Dominicana,2017,6.402406,3.663097
DOM,111,República Dominicana,2018,6.384221,3.704687
DOM,111,República Dominicana,2019,6.346928,3.781024
DOM,111,República Dominicana,2020,7.415572,4.673133
DOM,111,República Dominicana,2021,7.329715,4.652907
DOM,111,República Dominicana,2022,7.611104,4.633580
DOM,111,República Dominicana,2023,8.459253,4.575727
DZA,139,Argelia,1990,4.801451,2.796190
DZA,139,Argelia,1991,4.829180,2.878217
DZA,139,Argelia,1992,4.858090,2.992057
DZA,139,Argelia,1993,4.884292,3.121401
DZA,139,Argelia,1994,4.906759,3.215449
DZA,139,Argelia,1995,4.927686,3.291734
DZA,139,Argelia,1996,4.947384,3.342348
DZA,139,Argelia,1997,4.965629,3.414829
DZA,139,Argelia,1998,4.981005,3.479790
DZA,139,Argelia,1999,4.994608,3.522443
DZA,139,Argelia,2000,5.007825,3.594245
DZA,139,Argelia,2001,5.012071,3.640250
DZA,139,Argelia,2002,5.016992,3.700065
DZA,139,Argelia,2003,5.010324,3.746401
DZA,139,Argelia,2004,4.990361,3.792008
DZA,139,Argelia,2005,4.965058,3.829532
DZA,139,Argelia,2006,4.934086,3.872410
DZA,139,Argelia,2007,4.901785,3.912358
DZA,139,Argelia,2008,4.850255,3.935610
DZA,139,Argelia,2009,4.787266,3.976088
DZA,139,Argelia,2010,4.720770,3.984583
DZA,139,Argelia,2011,4.636344,4.010102
DZA,139,Argelia,2012,4.547963,4.025544
DZA,139,Argelia,2013,4.454353,4.033885
DZA,139,Argelia,2014,4.336652,4.044712
DZA,139,Argelia,2015,4.274465,4.058450
DZA,139,Argelia,2016,4.204339,4.061933
DZA,139,Argelia,2017,4.138803,4.069123
DZA,139,Argelia,2018,4.111946,4.068606
DZA,139,Argelia,2019,4.004091,4.067869
DZA,139,Argelia,2020,4.532282,4.884016
DZA,139,Argelia,2021,4.404031,4.875994
DZA,139,Argelia,2022,4.514195,4.808399
DZA,139,Argelia,2023,5.072897,4.871479
ECU,122,Ecuador,1990,4.768861,2.605191
ECU,122,Ecuador,1991,4.798159,2.543539
ECU,122,Ecuador,1992,4.825326,2.668004
ECU,122,Ecuador,1993,4.854934,2.603866
ECU,122,Ecuador,1994,4.890783,2.494091
ECU,122,Ecuador,1995,4.932177,2.712774
ECU,122,Ecuador,1996,4.977945,2.638323
ECU,122,Ecuador,1997,5.026234,2.646935
ECU,122,Ecuador,1998,5.077679,2.612199
ECU,122,Ecuador,1999,5.132121,2.600448
ECU,122,Ecuador,2000,5.187829,2.550348
ECU,122,Ecuador,2001,5.239129,2.512608
ECU,122,Ecuador,2002,5.296955,2.530638
ECU,122,Ecuador,2003,5.350434,2.551249
ECU,122,Ecuador,2004,5.396033,2.570133
ECU,122,Ecuador,2005,5.437821,2.586986
ECU,122,Ecuador,2006,5.474637,2.602133
ECU,122,Ecuador,2007,5.475644,2.617248
ECU,122,Ecuador,2008,5.489532,2.785527
ECU,122,Ecuador,2009,5.466872,2.644070
ECU,122,Ecuador,2010,5.445283,2.727997
ECU,122,Ecuador,2011,5.471515,2.741108
ECU,122,Ecuador,2012,5.522425,2.683120
ECU,122,Ecuador,2013,5.582112,2.811910
ECU,122,Ecuador,2014,5.647561,2.716517
ECU,122,Ecuador,2015,5.690465,2.789906
ECU,122,Ecuador,2016,5.742929,2.922796
ECU,122,Ecuador,2017,5.801515,2.771259
ECU,122,Ecuador,2018,5.889216,2.974188
ECU,122,Ecuador,2019,5.955368,2.986798
ECU,122,Ecuador,2020,7.540627,3.770338
ECU,122,Ecuador,2021,7.497336,3.613670
ECU,122,Ecuador,2022,7.912962,3.770771
ECU,122,Ecuador,2023,9.359417,3.807320
EGY,141,Egipto,1990,4.559042,3.159976
EGY,141,Egipto,1991,4.575428,3.203743
EGY,141,Egipto,1992,4.593476,3.257079
EGY,141,Egipto,1993,4.610270,3.342380
EGY,141,Egipto,1994,4.625409,3.396673
EGY,141,Egipto,1995,4.640155,3.460376
EGY,141,Egipto,1996,4.653620,3.510822
EGY,141,Egipto,1997,4.664261,3.553324
EGY,141,Egipto,1998,4.670172,3.562590
EGY,141,Egipto,1999,4.670790,3.560321
EGY,141,Egipto,2000,4.666843,3.567479
EGY,141,Egipto,2001,4.660429,3.576194
EGY,141,Egipto,2002,4.651593,3.606871
EGY,141,Egipto,2003,4.641462,3.464452
EGY,141,Egipto,2004,4.629305,3.668379
EGY,141,Egipto,2005,4.614376,3.637870
EGY,141,Egipto,2006,4.595082,3.625871
EGY,141,Egipto,2007,4.575944,3.566141
EGY,141,Egipto,2008,4.536255,3.723045
EGY,141,Egipto,2009,4.507758,3.625960
EGY,141,Egipto,2010,4.469020,3.577507
EGY,141,Egipto,2011,4.435589,3.719687
EGY,141,Egipto,2012,4.433810,3.694951
EGY,141,Egipto,2013,4.437213,3.657442
EGY,141,Egipto,2014,4.425352,3.752042
EGY,141,Egipto,2015,4.414036,3.756931
EGY,141,Egipto,2016,4.379739,3.769178
EGY,141,Egipto,2017,4.347266,3.839288
EGY,141,Egipto,2018,4.332184,3.857890
EGY,141,Egipto,2019,4.354674,3.886043
EGY,141,Egipto,2020,5.361539,4.826992
EGY,141,Egipto,2021,5.358570,4.832815
EGY,141,Egipto,2022,5.515039,4.751300
EGY,141,Egipto,2023,6.438534,4.804769
ERI,178,Eritrea,1990,2.652982,2.820146
ERI,178,Eritrea,1991,2.646772,2.820315
ERI,178,Eritrea,1992,2.647965,2.610596
ERI,178,Eritrea,1993,2.650096,2.767640
ERI,178,Eritrea,1994,2.646811,2.514883
ERI,178,Eritrea,1995,2.644501,2.487339
ERI,178,Eritrea,1996,2.642748,2.631685
ERI,178,Eritrea,1997,2.641079,2.580063
ERI,178,Eritrea,1998,2.641421,2.688810
ERI,178,Eritrea,1999,2.644177,2.787703
ERI,178,Eritrea,2000,2.647752,2.803846
ERI,178,Eritrea,2001,2.653788,2.742361
ERI,178,Eritrea,2002,2.658033,2.763423
ERI,178,Eritrea,2003,2.663306,2.780066
ERI,178,Eritrea,2004,2.671156,2.693755
ERI,178,Eritrea,2005,2.677382,2.739033
ERI,178,Eritrea,2006,2.683635,2.762887
ERI,178,Eritrea,2007,2.679663,2.755637
ERI,178,Eritrea,2008,2.676803,2.806297
ERI,178,Eritrea,2009,2.670641,2.783340
ERI,178,Eritrea,2010,2.671323,2.804683
ERI,178,Eritrea,2011,2.685581,2.805512
ERI,178,Eritrea,2012,2.715833,2.697904
ERI,178,Eritrea,2013,2.787731,2.791882
ERI,178,Eritrea,2014,2.851369,2.800266
ERI,178,Eritrea,2015,2.913570,2.826866
ERI,178,Eritrea,2016,2.996084,2.897667
ERI,178,Eritrea,2017,3.091636,2.918809
ERI,178,Eritrea,2018,3.181856,2.948106
ERI,178,Eritrea,2019,3.270298,2.957050
ERI,178,Eritrea,2020,4.128044,3.506153
ERI,178,Eritrea,2021,4.165214,3.461677
ERI,178,Eritrea,2022,4.413071,3.475299
ERI,178,Eritrea,2023,5.113951,3.471876
ESP,92,España,1990,4.261557,3.662172
ESP,92,España,1991,4.259111,3.677036
ESP,92,España,1992,4.255148,3.675444
ESP,92,España,1993,4.256669,3.682320
ESP,92,España,1994,4.263916,3.690300
ESP,92,España,1995,4.269811,3.688698
ESP,92,España,1996,4.273748,3.673779
ESP,92,España,1997,4.276819,3.698343
ESP,92,España,1998,4.285061,3.690653
ESP,92,España,1999,4.297316,3.693034
ESP,92,España,2000,4.306539,3.723765
ESP,92,España,2001,4.324686,3.716468
ESP,92,España,2002,4.341983,3.710623
ESP,92,España,2003,4.375414,3.729992
ESP,92,España,2004,4.424093,3.770776
ESP,92,España,2005,4.473077,3.740473
ESP,92,España,2006,4.555521,3.747614
ESP,92,España,2007,4.630072,3.684511
ESP,92,España,2008,4.752759,3.745211
ESP,92,España,2009,4.946446,3.708765
ESP,92,España,2010,5.102228,3.708223
ESP,92,España,2011,5.282623,3.652538
ESP,92,España,2012,5.455534,3.667128
ESP,92,España,2013,5.611498,3.616982
ESP,92,España,2014,5.768054,3.578939
ESP,92,España,2015,5.875232,3.602739
ESP,92,España,2016,5.982583,3.631089
ESP,92,España,2017,6.083552,3.840539
ESP,92,España,2018,6.171222,3.828949
ESP,92,España,2019,6.272343,3.866071
ESP,92,España,2020,7.515226,4.609591
ESP,92,España,2021,7.465467,4.726907
ESP,92,España,2022,7.885981,4.425106
ESP,92,España,2023,8.865440,4.732266
EST,58,Estonia,1990,3.241603,3.181965
EST,58,Estonia,1991,3.247732,3.189446
EST,58,Estonia,1992,3.258565,3.201496
EST,58,Estonia,1993,3.275017,3.217704
EST,58,Estonia,1994,3.296140,3.236048
EST,58,Estonia,1995,3.318513,3.256015
EST,58,Estonia,1996,3.337963,3.417588
EST,58,Estonia,1997,3.353992,3.299067
EST,58,Estonia,1998,3.366741,3.390305
EST,58,Estonia,1999,3.374870,3.415674
EST,58,Estonia,2000,3.378717,3.371617
EST,58,Estonia,2001,3.382245,3.538041
EST,58,Estonia,2002,3.385375,3.410727
EST,58,Estonia,2003,3.388399,3.499773
EST,58,Estonia,2004,3.390652,3.515266
EST,58,Estonia,2005,3.391343,3.456139
EST,58,Estonia,2006,3.391798,3.464083
EST,58,Estonia,2007,3.389408,3.626413
EST,58,Estonia,2008,3.406896,3.619679
EST,58,Estonia,2009,3.421701,3.711200
EST,58,Estonia,2010,3.443612,3.761726
EST,58,Estonia,2011,3.486170,3.765545
EST,58,Estonia,2012,3.513693,3.619640
EST,58,Estonia,2013,3.525092,3.612888
EST,58,Estonia,2014,3.518889,3.544109
EST,58,Estonia,2015,3.513400,3.480025
EST,58,Estonia,2016,3.514310,3.483847
EST,58,Estonia,2017,3.493568,3.487412
EST,58,Estonia,2018,3.467861,3.491639
EST,58,Estonia,2019,3.434785,3.493240
EST,58,Estonia,2020,3.888327,3.970625
EST,58,Estonia,2021,4.000668,4.068224
EST,58,Estonia,2022,4.033193,3.960014
EST,58,Estonia,2023,4.517215,4.018742
ETH,179,Etiopía,1990,2.542131,3.416419
ETH,179,Etiopía,1991,2.531360,3.394237
ETH,179,Etiopía,1992,2.520962,3.357358
ETH,179,Etiopía,1993,2.510772,3.224577
ETH,179,Etiopía,1994,2.500555,3.290218
ETH,179,Etiopía,1995,2.490440,3.204349
ETH,179,Etiopía,1996,2.479497,3.125966
ETH,179,Etiopía,1997,2.468952,3.183752
ETH,179,Etiopía,1998,2.458815,3.178414
ETH,179,Etiopía,1999,2.448407,3.243514
ETH,179,Etiopía,2000,2.438341,3.259620
ETH,179,Etiopía,2001,2.432122,3.200417
ETH,179,Etiopía,2002,2.426498,3.272131
ETH,179,Etiopía,2003,2.424131,3.224379
ETH,179,Etiopía,2004,2.425282,3.184997
ETH,179,Etiopía,2005,2.427490,3.201321
ETH,179,Etiopía,2006,2.431281,3.226025
ETH,179,Etiopía,2007,2.429165,3.231609
ETH,179,Etiopía,2008,2.432348,3.274908
ETH,179,Etiopía,2009,2.434348,3.307417
ETH,179,Etiopía,2010,2.435813,3.328272
ETH,179,Etiopía,2011,2.442735,3.313460
ETH,179,Etiopía,2012,2.454750,3.391032
ETH,179,Etiopía,2013,2.504324,3.390156
ETH,179,Etiopía,2014,2.546132,3.418767
ETH,179,Etiopía,2015,2.593145,3.478898
ETH,179,Etiopía,2016,2.678853,3.515418
ETH,179,Etiopía,2017,2.764548,3.545714
ETH,179,Etiopía,2018,2.813266,3.588525
ETH,179,Etiopía,2019,2.865025,3.611581
ETH,179,Etiopía,2020,3.665485,4.482612
ETH,179,Etiopía,2021,3.861065,4.660347
ETH,179,Etiopía,2022,3.962118,4.518376
ETH,179,Etiopía,2023,4.717496,4.602931
FIN,79,Finlandia,1990,3.186410,3.142774
FIN,79,Finlandia,1991,3.155621,3.097480
FIN,79,Finlandia,1992,3.126179,3.088033
FIN,79,Finlandia,1993,3.103390,3.086880
FIN,79,Finlandia,1994,3.084993,3.082693
FIN,79,Finlandia,1995,3.067103,3.087319
FIN,79,Finlandia,1996,3.048697,3.076804
FIN,79,Finlandia,1997,3.030897,3.096902
FIN,79,Finlandia,1998,3.018180,3.078179
FIN,79,Finlandia,1999,3.009729,3.087673
FIN,79,Finlandia,2000,3.001904,3.098963
FIN,79,Finlandia,2001,3.004595,3.099834
FIN,79,Finlandia,2002,3.006942,3.116677
FIN,79,Finlandia,2003,3.022166,3.101039
FIN,79,Finlandia,2004,3.050934,3.111659
FIN,79,Finlandia,2005,3.079951,3.108554
FIN,79,Finlandia,2006,3.109010,3.096728
FIN,79,Finlandia,2007,3.139574,3.137158
FIN,79,Finlandia,2008,3.179067,3.156157
FIN,79,Finlandia,2009,3.252843,3.160461
FIN,79,Finlandia,2010,3.321450,3.169844
FIN,79,Finlandia,2011,3.399258,3.172686
FIN,79,Finlandia,2012,3.494432,3.178768
FIN,79,Finlandia,2013,3.569733,3.178076
FIN,79,Finlandia,2014,3.631560,3.191027
FIN,79,Finlandia,2015,3.683575,3.086711
FIN,79,Finlandia,2016,3.743907,3.203363
FIN,79,Finlandia,2017,3.812846,3.150134
FIN,79,Finlandia,2018,3.874931,3.023152
FIN,79,Finlandia,2019,3.934203,3.094561
FIN,79,Finlandia,2020,4.516657,3.417901
FIN,79,Finlandia,2021,4.566978,3.371722
FIN,79,Finlandia,2022,4.812015,3.346362
FIN,79,Finlandia,2023,5.282550,3.391815
FJI,22,Fiyi,1990,3.007205,1.851820
FJI,22,Fiyi,1991,3.004762,1.868891
FJI,22,Fiyi,1992,3.001587,1.986998
FJI,22,Fiyi,1993,2.994817,1.905763
FJI,22,Fiyi,1994,2.984724,1.972040
FJI,22,Fiyi,1995,2.974560,1.993874
FJI,22,Fiyi,1996,2.963935,1.969693
FJI,22,Fiyi,1997,2.953214,1.993545
FJI,22,Fiyi,1998,2.939823,2.018059
FJI,22,Fiyi,1999,2.926430,2.045957
FJI,22,Fiyi,2000,2.912393,2.200303
FJI,22,Fiyi,2001,2.906819,2.098191
FJI,22,Fiyi,2002,2.900900,2.185344
FJI,22,Fiyi,2003,2.902648,2.212432
FJI,22,Fiyi,2004,2.911920,2.176998
FJI,22,Fiyi,2005,2.919710,2.201134
FJI,22,Fiyi,2006,2.925616,2.221034
FJI,22,Fiyi,2007,2.932819,2.237148
FJI,22,Fiyi,2008,2.938788,2.247547
FJI,22,Fiyi,2009,2.955841,2.254997
FJI,22,Fiyi,2010,2.974338,2.266867
FJI,22,Fiyi,2011,2.988033,2.281286
FJI,22,Fiyi,2012,3.022405,2.295403
FJI,22,Fiyi,2013,3.061511,2.309327
FJI,22,Fiyi,2014,3.107890,2.323189
FJI,22,Fiyi,2015,3.167969,2.336560
FJI,22,Fiyi,2016,3.219953,2.351733
FJI,22,Fiyi,2017,3.277091,2.372897
FJI,22,Fiyi,2018,3.328899,2.396628
FJI,22,Fiyi,2019,3.371106,2.419519
FJI,22,Fiyi,2020,4.024836,2.834763
FJI,22,Fiyi,2021,4.305929,2.971244
FJI,22,Fiyi,2022,4.331497,2.881307
FJI,22,Fiyi,2023,5.040731,2.945851
FRA,80,Francia,1990,6.236668,3.671989
FRA,80,Francia,1991,6.234188,3.695718
FRA,80,Francia,1992,6.231137,3.724956
FRA,80,Francia,1993,6.232898,3.743668
FRA,80,Francia,1994,6.239253,3.762985
FRA,80,Francia,1995,6.244328,3.777705
FRA,80,Francia,1996,6.250782,3.743020
FRA,80,Francia,1997,6.260474,3.778910
FRA,80,Francia,1998,6.275624,3.779052
FRA,80,Francia,1999,6.293655,3.798347
FRA,80,Francia,2000,6.307840,3.821908
FRA,80,Francia,2001,6.323088,3.837725
FRA,80,Francia,2002,6.339081,3.843594
FRA,80,Francia,2003,6.360810,3.849040
FRA,80,Francia,2004,6.387549,3.847582
FRA,80,Francia,2005,6.412781,3.837440
FRA,80,Francia,2006,6.434820,3.824457
FRA,80,Francia,2007,6.464372,3.796998
FRA,80,Francia,2008,6.492275,3.775574
FRA,80,Francia,2009,6.542250,3.745272
FRA,80,Francia,2010,6.567926,3.732288
FRA,80,Francia,2011,6.616924,3.740497
FRA,80,Francia,2012,6.659538,3.712107
FRA,80,Francia,2013,6.667867,3.721113
FRA,80,Francia,2014,6.721516,3.711721
FRA,80,Francia,2015,6.791740,3.778154
FRA,80,Francia,2016,6.871634,3.792155
FRA,80,Francia,2017,6.936106,3.785942
FRA,80,Francia,2018,7.025728,3.875123
FRA,80,Francia,2019,7.118699,3.848696
FRA,80,Francia,2020,8.416206,4.556646
FRA,80,Francia,2021,8.456956,4.592579
FRA,80,Francia,2022,8.817755,4.560469
FRA,80,Francia,2023,9.912993,4.672028
FSM,25,Estados Federados de Micronesia,1990,2.972497,1.683994
FSM,25,Estados Federados de Micronesia,1991,2.979420,1.703017
FSM,25,Estados Federados de Micronesia,1992,2.985297,1.722686
FSM,25,Estados Federados de Micronesia,1993,2.986967,1.742719
FSM,25,Estados Federados de Micronesia,1994,2.984451,1.762397
FSM,25,Estados Federados de Micronesia,1995,2.980779,1.781433
FSM,25,Estados Federados de Micronesia,1996,2.975547,1.802728
FSM,25,Estados Federados de Micronesia,1997,2.968743,1.824296
FSM,25,Estados Federados de Micronesia,1998,2.958408,1.847049
FSM,25,Estados Federados de Micronesia,1999,2.945976,1.871503
FSM,25,Estados Federados de Micronesia,2000,2.932816,1.896493
FSM,25,Estados Federados de Micronesia,2001,2.928774,1.924299
FSM,25,Estados Federados de Micronesia,2002,2.923698,1.952338
FSM,25,Estados Federados de Micronesia,2003,2.928562,1.981945
FSM,25,Estados Federados de Micronesia,2004,2.942514,2.012584
FSM,25,Estados Federados de Micronesia,2005,2.955877,2.043732
FSM,25,Estados Federados de Micronesia,2006,2.968624,2.077363
FSM,25,Estados Federados de Micronesia,2007,2.984313,2.111695
FSM,25,Estados Federados de Micronesia,2008,3.000276,2.147279
FSM,25,Estados Federados de Micronesia,2009,3.028967,2.183939
FSM,25,Estados Federados de Micronesia,2010,3.059271,2.220863
FSM,25,Estados Federados de Micronesia,2011,3.082543,2.259252
FSM,25,Estados Federados de Micronesia,2012,3.124559,2.298023
FSM,25,Estados Federados de Micronesia,2013,3.167832,2.337576
FSM,25,Estados Federados de Micronesia,2014,3.215604,2.377949
FSM,25,Estados Federados de Micronesia,2015,3.275564,2.418846
FSM,25,Estados Federados de Micronesia,2016,3.325051,2.457525
FSM,25,Estados Federados de Micronesia,2017,3.377318,2.496776
FSM,25,Estados Federados de Micronesia,2018,3.421403,2.534665
FSM,25,Estados Federados de Micronesia,2019,3.453730,2.571070
FSM,25,Estados Federados de Micronesia,2020,4.139536,3.086466
FSM,25,Estados Federados de Micronesia,2021,4.340922,3.225241
FSM,25,Estados Federados de Micronesia,2022,4.403714,3.154265
FSM,25,Estados Federados de Micronesia,2023,5.100414,3.240496
GAB,173,Gabón,1990,4.192640,3.389141
GAB,173,Gabón,1991,4.202514,3.400802
GAB,173,Gabón,1992,4.212459,3.413207
GAB,173,Gabón,1993,4.233934,3.426320
GAB,173,Gabón,1994,4.266794,3.439424
GAB,173,Gabón,1995,4.300200,3.452948
GAB,173,Gabón,1996,4.334071,3.468083
GAB,173,Gabón,1997,4.368879,3.707645
GAB,173,Gabón,1998,4.413122,3.501190
GAB,173,Gabón,1999,4.466798,3.832476
GAB,173,Gabón,2000,4.520686,3.639938
GAB,173,Gabón,2001,4.558831,3.653610
GAB,173,Gabón,2002,4.598130,3.674760
GAB,173,Gabón,2003,4.625202,3.598392
GAB,173,Gabón,2004,4.637988,3.622132
GAB,173,Gabón,2005,4.648191,3.642365
GAB,173,Gabón,2006,4.655532,3.659568
GAB,173,Gabón,2007,4.662638,3.676040
GAB,173,Gabón,2008,4.656958,3.688041
GAB,173,Gabón,2009,4.641219,3.700780
GAB,173,Gabón,2010,4.624534,3.711997
GAB,173,Gabón,2011,4.603697,3.722788
GAB,173,Gabón,2012,4.594086,3.732685
GAB,173,Gabón,2013,4.592704,3.742449
GAB,173,Gabón,2014,4.592992,3.752068
GAB,173,Gabón,2015,4.625574,3.761504
GAB,173,Gabón,2016,4.683669,3.771972
GAB,173,Gabón,2017,4.726431,3.783956
GAB,173,Gabón,2018,4.755713,3.797852
GAB,173,Gabón,2019,4.765677,4.051083
GAB,173,Gabón,2020,5.772543,4.971417
GAB,173,Gabón,2021,5.869574,5.154257
GAB,173,Gabón,2022,6.050027,5.149077
GAB,173,Gabón,2023,6.996404,5.257364
GBR,95,Reino Unido,1990,5.825609,4.408328
GBR,95,Reino Unido,1991,5.834903,4.474090
GBR,95,Reino Unido,1992,5.844791,4.294911
GBR,95,Reino Unido,1993,5.861298,4.276840
GBR,95,Reino Unido,1994,5.884442,4.269257
GBR,95,Reino Unido,1995,5.910248,4.218199
GBR,95,Reino Unido,1996,5.937025,4.171236
GBR,95,Reino Unido,1997,5.965612,4.116289
GBR,95,Reino Unido,1998,5.998525,4.279018
GBR,95,Reino Unido,1999,6.036240,4.138590
GBR,95,Reino Unido,2000,6.074711,4.237179
GBR,95,Reino Unido,2001,6.129682,4.155641
GBR,95,Reino Unido,2002,6.186624,4.282858
GBR,95,Reino Unido,2003,6.260571,4.322427
GBR,95,Reino Unido,2004,6.349185,4.338103
GBR,95,Reino Unido,2005,6.434432,4.470115
GBR,95,Reino Unido,2006,6.499524,4.574691
GBR,95,Reino Unido,2007,6.565029,4.633450
GBR,95,Reino Unido,2008,6.608069,4.706904
GBR,95,Reino Unido,2009,6.673944,4.821882
GBR,95,Reino Unido,2010,6.694867,4.904997
GBR,95,Reino Unido,2011,6.759307,5.010616
GBR,95,Reino Unido,2012,6.852600,5.136459
GBR,95,Reino Unido,2013,6.979672,5.226196
GBR,95,Reino Unido,2014,7.161367,5.365900
GBR,95,Reino Unido,2015,7.349466,5.465961
GBR,95,Reino Unido,2016,7.553172,5.612810
GBR,95,Reino Unido,2017,7.699922,5.631747
GBR,95,Reino Unido,2018,7.836552,5.698062
GBR,95,Reino Unido,2019,8.006189,5.853983
GBR,95,Reino Unido,2020,9.792509,7.175015
GBR,95,Reino Unido,2021,10.011901,7.148040
GBR,95,Reino Unido,2022,10.535601,7.339576
GBR,95,Reino Unido,2023,11.889496,7.435386
GEO,35,Georgia,1990,2.756431,3.509332
GEO,35,Georgia,1991,2.759089,3.733411
GEO,35,Georgia,1992,2.763723,3.787119
GEO,35,Georgia,1993,2.772426,3.913274
GEO,35,Georgia,1994,2.786550,3.975622
GEO,35,Georgia,1995,2.802486,4.046858
GEO,35,Georgia,1996,2.818813,3.964589
GEO,35,Georgia,1997,2.833637,3.998128
GEO,35,Georgia,1998,2.848568,4.048130
GEO,35,Georgia,1999,2.863017,4.038533
GEO,35,Georgia,2000,2.875946,4.096884
GEO,35,Georgia,2001,2.889151,4.154413
GEO,35,Georgia,2002,2.900188,4.172004
GEO,35,Georgia,2003,2.911861,4.162164
GEO,35,Georgia,2004,2.923946,4.201306
GEO,35,Georgia,2005,2.933724,4.218549
GEO,35,Georgia,2006,2.941829,4.218489
GEO,35,Georgia,2007,2.947341,4.225827
GEO,35,Georgia,2008,2.958461,4.316853
GEO,35,Georgia,2009,2.970828,4.217737
GEO,35,Georgia,2010,2.981697,4.254294
GEO,35,Georgia,2011,2.991618,4.280478
GEO,35,Georgia,2012,2.998237,4.259989
GEO,35,Georgia,2013,2.989070,4.247405
GEO,35,Georgia,2014,2.973864,4.277043
GEO,35,Georgia,2015,2.968586,4.272450
GEO,35,Georgia,2016,2.969134,4.190148
GEO,35,Georgia,2017,2.978032,4.041829
GEO,35,Georgia,2018,2.991834,4.182704
GEO,35,Georgia,2019,2.993711,3.901566
GEO,35,Georgia,2020,3.563529,4.887494
GEO,35,Georgia,2021,3.700115,4.752677
GEO,35,Georgia,2022,3.752640,4.846300
GEO,35,Georgia,2023,4.377708,4.905548
GHA,207,Ghana,1990,3.035266,2.773768
GHA,207,Ghana,1991,3.075661,2.790300
GHA,207,Ghana,1992,3.115457,2.806711
GHA,207,Ghana,1993,3.171875,2.822334
GHA,207,Ghana,1994,3.244507,2.991712
GHA,207,Ghana,1995,3.316685,2.979826
GHA,207,Ghana,1996,3.388296,3.071059
GHA,207,Ghana,1997,3.459841,3.144160
GHA,207,Ghana,1998,3.543597,3.171553
GHA,207,Ghana,1999,3.639634,3.039008
GHA,207,Ghana,2000,3.735706,3.232572
GHA,207,Ghana,2001,3.801296,3.180921
GHA,207,Ghana,2002,3.867534,3.220938
GHA,207,Ghana,2003,3.909168,3.294597
GHA,207,Ghana,2004,3.925664,3.298397
GHA,207,Ghana,2005,3.940287,3.312558
GHA,207,Ghana,2006,3.952797,3.315845
GHA,207,Ghana,2007,3.942017,3.336574
GHA,207,Ghana,2008,3.929716,3.383481
GHA,207,Ghana,2009,3.886925,3.404095
GHA,207,Ghana,2010,3.845681,3.412746
GHA,207,Ghana,2011,3.847803,3.442290
GHA,207,Ghana,2012,3.867642,3.463939
GHA,207,Ghana,2013,3.932524,3.474775
GHA,207,Ghana,2014,3.979827,3.500532
GHA,207,Ghana,2015,4.036319,3.541405
GHA,207,Ghana,2016,4.131438,3.561908
GHA,207,Ghana,2017,4.200775,3.600683
GHA,207,Ghana,2018,4.229307,3.604190
GHA,207,Ghana,2019,4.199036,3.652115
GHA,207,Ghana,2020,4.986123,4.373975
GHA,207,Ghana,2021,5.183227,4.463172
GHA,207,Ghana,2022,5.328211,4.354864
GHA,207,Ghana,2023,6.084671,4.454374
GIN,208,Guinea,1990,4.204136,2.144131
GIN,208,Guinea,1991,4.260539,2.138144
GIN,208,Guinea,1992,4.310653,2.128441
GIN,208,Guinea,1993,4.384673,2.122138
GIN,208,Guinea,1994,4.486990,2.211923
GIN,208,Guinea,1995,4.592409,2.111769
GIN,208,Guinea,1996,4.698416,2.268697
GIN,208,Guinea,1997,4.807339,2.148092
GIN,208,Guinea,1998,4.946000,2.273489
GIN,208,Guinea,1999,5.100335,2.280861
GIN,208,Guinea,2000,5.246605,2.308806
GIN,208,Guinea,2001,5.348143,2.375975
GIN,208,Guinea,2002,5.462502,2.366191
GIN,208,Guinea,2003,5.531054,2.280055
GIN,208,Guinea,2004,5.547387,2.371378
GIN,208,Guinea,2005,5.563801,2.314191
GIN,208,Guinea,2006,5.577714,2.326414
GIN,208,Guinea,2007,5.604819,2.387541
GIN,208,Guinea,2008,5.613336,2.372600
GIN,208,Guinea,2009,5.608771,2.415564
GIN,208,Guinea,2010,5.638381,2.354154
GIN,208,Guinea,2011,5.689541,2.373001
GIN,208,Guinea,2012,5.748984,2.370543
GIN,208,Guinea,2013,5.812064,2.247038
GIN,208,Guinea,2014,5.858954,2.364123
GIN,208,Guinea,2015,5.936107,2.346065
GIN,208,Guinea,2016,6.045792,2.355098
GIN,208,Guinea,2017,6.087376,2.426201
GIN,208,Guinea,2018,6.155673,2.453077
GIN,208,Guinea,2019,6.265338,2.467868
GIN,208,Guinea,2020,7.721871,2.937925
GIN,208,Guinea,2021,7.897825,2.961505
GIN,208,Guinea,2022,8.118570,2.939528
GIN,208,Guinea,2023,9.254806,2.974505
GMB,206,Gambia,1990,3.672758,2.076790
GMB,206,Gambia,1991,3.726325,2.080843
GMB,206,Gambia,1992,3.779466,2.085797
GMB,206,Gambia,1993,3.853421,2.090606
GMB,206,Gambia,1994,3.947716,2.225337
GMB,206,Gambia,1995,4.041879,2.099920
GMB,206,Gambia,1996,4.134224,2.165307
GMB,206,Gambia,1997,4.224582,2.278701
GMB,206,Gambia,1998,4.327854,2.124999
GMB,206,Gambia,1999,4.443549,2.182696
GMB,206,Gambia,2000,4.555653,2.305677
GMB,206,Gambia,2001,4.627054,2.271710
GMB,206,Gambia,2002,4.696991,2.305715
GMB,206,Gambia,2003,4.736261,2.284415
GMB,206,Gambia,2004,4.745255,2.391730
GMB,206,Gambia,2005,4.753624,2.369761
GMB,206,Gambia,2006,4.761993,2.253046
GMB,206,Gambia,2007,4.760986,2.319925
GMB,206,Gambia,2008,4.756071,2.270316
GMB,206,Gambia,2009,4.706872,2.212427
GMB,206,Gambia,2010,4.692008,2.211716
GMB,206,Gambia,2011,4.716453,2.214901
GMB,206,Gambia,2012,4.762391,2.327657
GMB,206,Gambia,2013,4.864887,2.228960
GMB,206,Gambia,2014,4.970620,2.286965
GMB,206,Gambia,2015,5.079400,2.432617
GMB,206,Gambia,2016,5.175630,2.268402
GMB,206,Gambia,2017,5.242286,2.485898
GMB,206,Gambia,2018,5.356924,2.489487
GMB,206,Gambia,2019,5.430772,2.399019
GMB,206,Gambia,2020,7.097347,2.996533
GMB,206,Gambia,2021,7.299777,2.987215
GMB,206,Gambia,2022,7.531240,3.032071
GMB,206,Gambia,2023,8.940728,3.075408
GNB,209,Guinea-Bisáu,1990,3.657959,2.078770
GNB,209,Guinea-Bisáu,1991,3.708533,2.076022
GNB,209,Guinea-Bisáu,1992,3.760053,2.185935
GNB,209,Guinea-Bisáu,1993,3.834409,2.072193
GNB,209,Guinea-Bisáu,1994,3.931499,2.120089
GNB,209,Guinea-Bisáu,1995,4.029179,2.119228
GNB,209,Guinea-Bisáu,1996,4.127757,2.073211
GNB,209,Guinea-Bisáu,1997,4.226643,2.077703
GNB,209,Guinea-Bisáu,1998,4.337113,2.250524
GNB,209,Guinea-Bisáu,1999,4.460680,2.249337
GNB,209,Guinea-Bisáu,2000,4.581348,2.296930
GNB,209,Guinea-Bisáu,2001,4.657600,2.388464
GNB,209,Guinea-Bisáu,2002,4.731962,2.248933
GNB,209,Guinea-Bisáu,2003,4.772395,2.366251
GNB,209,Guinea-Bisáu,2004,4.778873,2.326530
GNB,209,Guinea-Bisáu,2005,4.782498,2.323560
GNB,209,Guinea-Bisáu,2006,4.782525,2.426785
GNB,209,Guinea-Bisáu,2007,4.767037,2.282603
GNB,209,Guinea-Bisáu,2008,4.744735,2.420771
GNB,209,Guinea-Bisáu,2009,4.668572,2.365414
GNB,209,Guinea-Bisáu,2010,4.621552,2.232874
GNB,209,Guinea-Bisáu,2011,4.610816,2.401610
GNB,209,Guinea-Bisáu,2012,4.617057,2.366581
GNB,209,Guinea-Bisáu,2013,4.687933,2.237727
GNB,209,Guinea-Bisáu,2014,4.765878,2.440165
GNB,209,Guinea-Bisáu,2015,4.869235,2.258256
GNB,209,Guinea-Bisáu,2016,4.978906,2.274393
GNB,209,Guinea-Bisáu,2017,5.066728,2.285516
GNB,209,Guinea-Bisáu,2018,5.172944,2.238887
GNB,209,Guinea-Bisáu,2019,5.258926,2.257476
GNB,209,Guinea-Bisáu,2020,6.706193,2.940330
GNB,209,Guinea-Bisáu,2021,6.766134,2.759960
GNB,209,Guinea-Bisáu,2022,7.058588,2.944053
GNB,209,Guinea-Bisáu,2023,8.218108,2.989573
GNQ,172,Guinea Ecuatorial,1990,3.788934,3.201259
GNQ,172,Guinea Ecuatorial,1991,3.794033,3.189219
GNQ,172,Guinea Ecuatorial,1992,3.801224,3.378605
GNQ,172,Guinea Ecuatorial,1993,3.821971,3.171659
GNQ,172,Guinea Ecuatorial,1994,3.856342,3.254188
GNQ,172,Guinea Ecuatorial,1995,3.892739,3.250783
GNQ,172,Guinea Ecuatorial,1996,3.931123,3.163159
GNQ,172,Guinea Ecuatorial,1997,3.971614,3.166534
GNQ,172,Guinea Ecuatorial,1998,4.022108,3.400912
GNQ,172,Guinea Ecuatorial,1999,4.082478,3.184548
GNQ,172,Guinea Ecuatorial,2000,4.142243,3.295028
GNQ,172,Guinea Ecuatorial,2001,4.184179,3.303146
GNQ,172,Guinea Ecuatorial,2002,4.226696,3.213825
GNQ,172,Guinea Ecuatorial,2003,4.256486,3.423029
GNQ,172,Guinea Ecuatorial,2004,4.272085,3.479605
GNQ,172,Guinea Ecuatorial,2005,4.286041,3.341391
GNQ,172,Guinea Ecuatorial,2006,4.299792,3.467574
GNQ,172,Guinea Ecuatorial,2007,4.321552,3.383491
GNQ,172,Guinea Ecuatorial,2008,4.318792,3.291500
GNQ,172,Guinea Ecuatorial,2009,4.326304,3.522374
GNQ,172,Guinea Ecuatorial,2010,4.330575,3.491707
GNQ,172,Guinea Ecuatorial,2011,4.325634,3.435235
GNQ,172,Guinea Ecuatorial,2012,4.347750,3.724304
GNQ,172,Guinea Ecuatorial,2013,4.380457,3.439837
GNQ,172,Guinea Ecuatorial,2014,4.416019,3.469192
GNQ,172,Guinea Ecuatorial,2015,4.446106,3.489654
GNQ,172,Guinea Ecuatorial,2016,4.521743,3.428519
GNQ,172,Guinea Ecuatorial,2017,4.598166,3.459718
GNQ,172,Guinea Ecuatorial,2018,4.642215,3.489450
GNQ,172,Guinea Ecuatorial,2019,4.688858,3.524804
GNQ,172,Guinea Ecuatorial,2020,5.861603,4.377642
GNQ,172,Guinea Ecuatorial,2021,5.873317,4.428472
GNQ,172,Guinea Ecuatorial,2022,6.122767,4.378223
GNQ,172,Guinea Ecuatorial,2023,7.133553,4.487308
GRC,82,Grecia,1990,5.637653,4.504405
GRC,82,Grecia,1991,5.634727,4.582283
GRC,82,Grecia,1992,5.630935,4.527799
GRC,82,Grecia,1993,5.634247,4.360468
GRC,82,Grecia,1994,5.644008,4.585789
GRC,82,Grecia,1995,5.653796,4.275294
GRC,82,Grecia,1996,5.662141,4.493648
GRC,82,Grecia,1997,5.670478,4.496767
GRC,82,Grecia,1998,5.684741,4.328234
GRC,82,Grecia,1999,5.703734,4.627818
GRC,82,Grecia,2000,5.718499,4.542157
GRC,82,Grecia,2001,5.740701,4.374069
GRC,82,Grecia,2002,5.761790,4.486793
GRC,82,Grecia,2003,5.794239,4.408305
GRC,82,Grecia,2004,5.836790,4.335850
GRC,82,Grecia,2005,5.876902,4.347664
GRC,82,Grecia,2006,5.923511,4.358485
GRC,82,Grecia,2007,5.969199,4.370207
GRC,82,Grecia,2008,6.064310,4.374789
GRC,82,Grecia,2009,6.178626,4.569160
GRC,82,Grecia,2010,6.326151,4.606508
GRC,82,Grecia,2011,6.519485,4.494311
GRC,82,Grecia,2012,6.706457,4.820762
GRC,82,Grecia,2013,6.892159,4.773108
GRC,82,Grecia,2014,7.044722,4.568677
GRC,82,Grecia,2015,7.181268,4.907926
GRC,82,Grecia,2016,7.309545,4.642831
GRC,82,Grecia,2017,7.353482,4.668676
GRC,82,Grecia,2018,7.390276,4.932389
GRC,82,Grecia,2019,7.446789,4.848241
GRC,82,Grecia,2020,8.518475,5.874040
GRC,82,Grecia,2021,8.800023,5.863967
GRC,82,Grecia,2022,8.933570,6.125574
GRC,82,Grecia,2023,9.987677,6.087206
GRD,112,Granada,1990,3.986273,2.772866
GRD,112,Granada,1991,4.045150,2.810452
GRD,112,Granada,1992,4.106279,2.963829
GRD,112,Granada,1993,4.174011,2.796302
GRD,112,Granada,1994,4.247426,2.926233
GRD,112,Granada,1995,4.322411,2.966675
GRD,112,Granada,1996,4.397785,2.908367
GRD,112,Granada,1997,4.474912,2.944006
GRD,112,Granada,1998,4.555752,2.982941
GRD,112,Granada,1999,4.636168,3.020391
GRD,112,Granada,2000,4.716263,3.056035
GRD,112,Granada,2001,4.786255,3.084240
GRD,112,Granada,2002,4.856063,3.114991
GRD,112,Granada,2003,4.917121,3.143238
GRD,112,Granada,2004,4.967980,3.167398
GRD,112,Granada,2005,5.017585,3.190976
GRD,112,Granada,2006,5.065518,3.202702
GRD,112,Granada,2007,5.107472,3.216786
GRD,112,Granada,2008,5.146132,3.224209
GRD,112,Granada,2009,5.187580,3.224692
GRD,112,Granada,2010,5.212192,3.223577
GRD,112,Granada,2011,5.242257,3.231536
GRD,112,Granada,2012,5.319482,3.238812
GRD,112,Granada,2013,5.362921,3.249394
GRD,112,Granada,2014,5.403643,3.266081
GRD,112,Granada,2015,5.476998,3.280055
GRD,112,Granada,2016,5.548945,3.296374
GRD,112,Granada,2017,5.593954,3.313294
GRD,112,Granada,2018,5.600431,3.332040
GRD,112,Granada,2019,5.578170,3.352225
GRD,112,Granada,2020,6.445672,3.962619
GRD,112,Granada,2021,6.834893,4.160303
GRD,112,Granada,2022,6.830450,4.010663
GRD,112,Granada,2023,7.770566,4.162147
GRL,349,Groenlandia,1990,5.993453,3.680626
GRL,349,Groenlandia,1991,6.036433,3.686844
GRL,349,Groenlandia,1992,6.072884,3.693881
GRL,349,Groenlandia,1993,6.124946,3.696869
GRL,349,Groenlandia,1994,6.193338,3.697588
GRL,349,Groenlandia,1995,6.276495,3.705587
GRL,349,Groenlandia,1996,6.355459,3.713039
GRL,349,Groenlandia,1997,6.446261,3.725650
GRL,349,Groenlandia,1998,6.544651,3.740275
GRL,349,Groenlandia,1999,6.652322,3.758971
GRL,349,Groenlandia,2000,6.768318,3.780738
GRL,349,Groenlandia,2001,6.819977,3.813327
GRL,349,Groenlandia,2002,6.882930,3.846136
GRL,349,Groenlandia,2003,6.870640,3.879919
GRL,349,Groenlandia,2004,6.801535,3.920008
GRL,349,Groenlandia,2005,6.727770,3.959437
GRL,349,Groenlandia,2006,6.655402,4.012247
GRL,349,Groenlandia,2007,6.579281,4.062895
GRL,349,Groenlandia,2008,6.460613,4.129266
GRL,349,Groenlandia,2009,6.307402,4.193789
GRL,349,Groenlandia,2010,6.135486,4.263333
GRL,349,Groenlandia,2011,6.064439,4.306098
GRL,349,Groenlandia,2012,5.993210,4.350334
GRL,349,Groenlandia,2013,5.975079,4.386719
GRL,349,Groenlandia,2014,6.005174,4.405720
GRL,349,Groenlandia,2015,6.019006,4.424391
GRL,349,Groenlandia,2016,6.016116,4.433538
GRL,349,Groenlandia,2017,6.017665,4.443756
GRL,349,Groenlandia,2018,6.054180,4.452996
GRL,349,Groenlandia,2019,6.122436,4.461635
GRL,349,Groenlandia,2020,7.456259,5.218565
GRL,349,Groenlandia,2021,7.581905,5.261580
GRL,349,Groenlandia,2022,7.884405,5.164397
GRL,349,Groenlandia,2023,9.009887,5.228314
GTM,128,Guatemala,1990,2.676957,2.612103
GTM,128,Guatemala,1991,2.704036,2.612055
GTM,128,Guatemala,1992,2.730971,2.624859
GTM,128,Guatemala,1993,2.763598,2.629911
GTM,128,Guatemala,1994,2.802274,2.644232
GTM,128,Guatemala,1995,2.841737,2.642607
GTM,128,Guatemala,1996,2.882122,2.630772
GTM,128,Guatemala,1997,2.924714,2.645480
GTM,128,Guatemala,1998,2.972452,2.643323
GTM,128,Guatemala,1999,3.025107,2.644452
GTM,128,Guatemala,2000,3.079199,2.649476
GTM,128,Guatemala,2001,3.127486,2.670485
GTM,128,Guatemala,2002,3.178209,2.684959
GTM,128,Guatemala,2003,3.224895,2.707653
GTM,128,Guatemala,2004,3.267635,2.735437
GTM,128,Guatemala,2005,3.313899,2.733287
GTM,128,Guatemala,2006,3.363520,2.777154
GTM,128,Guatemala,2007,3.407650,2.792383
GTM,128,Guatemala,2008,3.468494,2.671672
GTM,128,Guatemala,2009,3.523868,2.710272
GTM,128,Guatemala,2010,3.599679,2.672191
GTM,128,Guatemala,2011,3.716694,2.811019
GTM,128,Guatemala,2012,3.847061,2.804920
GTM,128,Guatemala,2013,3.963077,2.924569
GTM,128,Guatemala,2014,4.063756,2.873375
GTM,128,Guatemala,2015,4.140739,2.885439
GTM,128,Guatemala,2016,4.199887,2.841109
GTM,128,Guatemala,2017,4.252126,2.796236
GTM,128,Guatemala,2018,4.303293,3.046000
GTM,128,Guatemala,2019,4.376158,3.073687
GTM,128,Guatemala,2020,5.432548,3.994068
GTM,128,Guatemala,2021,5.605819,4.157961
GTM,128,Guatemala,2022,5.750973,3.803120
GTM,128,Guatemala,2023,6.804050,4.100953
GUM,351,Guam,1990,2.989222,2.120326
GUM,351,Guam,1991,2.967284,2.261083
GUM,351,Guam,1992,2.947823,2.143836
GUM,351,Guam,1993,2.929055,2.214035
GUM,351,Guam,1994,2.911655,2.224522
GUM,351,Guam,1995,2.898340,2.176401
GUM,351,Guam,1996,2.889529,2.191532
GUM,351,Guam,1997,2.886344,2.208963
GUM,351,Guam,1998,2.886440,2.232281
GUM,351,Guam,1999,2.887626,2.255542
GUM,351,Guam,2000,2.889821,2.278496
GUM,351,Guam,2001,2.900815,2.305981
GUM,351,Guam,2002,2.912942,2.335198
GUM,351,Guam,2003,2.932436,2.366083
GUM,351,Guam,2004,2.957507,2.540393
GUM,351,Guam,2005,2.979179,2.573907
GUM,351,Guam,2006,2.996489,2.528629
GUM,351,Guam,2007,3.013591,2.799621
GUM,351,Guam,2008,3.027935,2.766850
GUM,351,Guam,2009,3.052803,2.794350
GUM,351,Guam,2010,3.078275,2.928253
GUM,351,Guam,2011,3.096175,2.799175
GUM,351,Guam,2012,3.131284,2.836323
GUM,351,Guam,2013,3.168540,2.963002
GUM,351,Guam,2014,3.212306,2.752153
GUM,351,Guam,2015,3.269745,2.876459
GUM,351,Guam,2016,3.318529,2.914250
GUM,351,Guam,2017,3.372107,2.869416
GUM,351,Guam,2018,3.419142,2.902657
GUM,351,Guam,2019,3.456946,2.934942
GUM,351,Guam,2020,4.125529,3.468440
GUM,351,Guam,2021,4.283210,3.593155
GUM,351,Guam,2022,4.393767,3.524677
GUM,351,Guam,2023,5.060997,3.619251
GUY,113,Guyana,1990,3.594209,2.594271
GUY,113,Guyana,1991,3.636958,2.684068
GUY,113,Guyana,1992,3.679926,2.705496
GUY,113,Guyana,1993,3.727177,2.655342
GUY,113,Guyana,1994,3.778122,2.672000
GUY,113,Guyana,1995,3.829850,2.687288
GUY,113,Guyana,1996,3.883969,2.703207
GUY,113,Guyana,1997,3.940699,2.717491
GUY,113,Guyana,1998,4.002792,2.885309
GUY,113,Guyana,1999,4.071049,2.746777
GUY,113,Guyana,2000,4.142036,2.835191
GUY,113,Guyana,2001,4.207015,2.852532
GUY,113,Guyana,2002,4.274664,2.979667
GUY,113,Guyana,2003,4.336589,2.823044
GUY,113,Guyana,2004,4.392123,2.927838
GUY,113,Guyana,2005,4.447391,2.955672
GUY,113,Guyana,2006,4.503402,3.081271
GUY,113,Guyana,2007,4.556685,2.911481
GUY,113,Guyana,2008,4.607588,3.229674
GUY,113,Guyana,2009,4.651239,3.032148
GUY,113,Guyana,2010,4.697205,3.054937
GUY,113,Guyana,2011,4.742863,3.072694
GUY,113,Guyana,2012,4.816357,2.990950
GUY,113,Guyana,2013,4.887241,3.012553
GUY,113,Guyana,2014,4.954038,3.034310
GUY,113,Guyana,2015,5.041345,3.053701
GUY,113,Guyana,2016,5.127302,3.072832
GUY,113,Guyana,2017,5.189579,3.088906
GUY,113,Guyana,2018,5.229211,3.107787
GUY,113,Guyana,2019,5.227211,3.120620
GUY,113,Guyana,2020,6.128993,3.705574
GUY,113,Guyana,2021,6.492371,3.871240
GUY,113,Guyana,2022,6.519304,3.973674
GUY,113,Guyana,2023,7.476904,3.877241
HND,129,Honduras,1990,2.415331,2.179504
HND,129,Honduras,1991,2.442501,2.200721
HND,129,Honduras,1992,2.469785,2.186642
HND,129,Honduras,1993,2.501212,2.094244
HND,129,Honduras,1994,2.537421,2.238125
HND,129,Honduras,1995,2.574135,2.184093
HND,129,Honduras,1996,2.611769,2.202086
HND,129,Honduras,1997,2.650356,2.276922
HND,129,Honduras,1998,2.691197,2.156528
HND,129,Honduras,1999,2.738793,2.172296
HND,129,Honduras,2000,2.788459,2.120982
HND,129,Honduras,2001,2.832621,2.073614
HND,129,Honduras,2002,2.879355,2.088317
HND,129,Honduras,2003,2.922452,2.242467
HND,129,Honduras,2004,2.961013,2.259767
HND,129,Honduras,2005,3.000940,2.194317
HND,129,Honduras,2006,3.041579,2.276400
HND,129,Honduras,2007,3.116272,2.220679
HND,129,Honduras,2008,3.190034,2.167164
HND,129,Honduras,2009,3.302771,2.290144
HND,129,Honduras,2010,3.431323,2.187831
HND,129,Honduras,2011,3.570196,2.371459
HND,129,Honduras,2012,3.678959,2.272814
HND,129,Honduras,2013,3.751611,2.415932
HND,129,Honduras,2014,3.822414,2.311593
HND,129,Honduras,2015,3.897927,2.495877
HND,129,Honduras,2016,3.967607,2.474733
HND,129,Honduras,2017,4.021467,2.508661
HND,129,Honduras,2018,4.041703,2.578788
HND,129,Honduras,2019,4.044566,2.595217
HND,129,Honduras,2020,5.071016,3.341973
HND,129,Honduras,2021,5.214807,3.294219
HND,129,Honduras,2022,5.361637,3.286458
HND,129,Honduras,2023,6.367829,3.389639
HRV,46,Croacia,1990,5.276336,2.266087
HRV,46,Croacia,1991,5.291531,2.420021
HRV,46,Croacia,1992,5.307045,2.427019
HRV,46,Croacia,1993,5.323998,2.496577
HRV,46,Croacia,1994,5.340296,2.570576
HRV,46,Croacia,1995,5.351708,2.585743
HRV,46,Croacia,1996,5.359423,2.567539
HRV,46,Croacia,1997,5.365852,2.563918
HRV,46,Croacia,1998,5.375173,2.568878
HRV,46,Croacia,1999,5.388715,2.559941
HRV,46,Croacia,2000,5.405268,2.553624
HRV,46,Croacia,2001,5.429737,2.553115
HRV,46,Croacia,2002,5.455017,2.548176
HRV,46,Croacia,2003,5.484400,2.554604
HRV,46,Croacia,2004,5.517878,2.563211
HRV,46,Croacia,2005,5.550631,2.561839
HRV,46,Croacia,2006,5.587533,2.560759
HRV,46,Croacia,2007,5.621309,2.575819
HRV,46,Croacia,2008,5.644574,2.570124
HRV,46,Croacia,2009,5.679788,2.574569
HRV,46,Croacia,2010,5.688290,2.583363
HRV,46,Croacia,2011,5.684303,2.586511
HRV,46,Croacia,2012,5.696593,2.602337
HRV,46,Croacia,2013,5.714054,2.606944
HRV,46,Croacia,2014,5.745046,2.527004
HRV,46,Croacia,2015,5.791221,2.622503
HRV,46,Croacia,2016,5.811086,2.594172
HRV,46,Croacia,2017,5.829002,2.591971
HRV,46,Croacia,2018,5.856384,2.565731
HRV,46,Croacia,2019,5.885758,2.659087
HRV,46,Croacia,2020,6.900089,2.873777
HRV,46,Croacia,2021,7.045621,3.054340
HRV,46,Croacia,2022,7.231325,2.877125
HRV,46,Croacia,2023,8.237108,2.937401
HTI,114,Haití,1990,3.253455,3.171063
HTI,114,Haití,1991,3.295316,3.281646
HTI,114,Haití,1992,3.338671,3.259754
HTI,114,Haití,1993,3.386460,3.306288
HTI,114,Haití,1994,3.438273,3.352158
HTI,114,Haití,1995,3.491736,3.308709
HTI,114,Haití,1996,3.546591,3.387158
HTI,114,Haití,1997,3.603093,3.385500
HTI,114,Haití,1998,3.662161,3.227366
HTI,114,Haití,1999,3.723192,3.466360
HTI,114,Haití,2000,3.784306,3.395873
HTI,114,Haití,2001,3.837683,3.249032
HTI,114,Haití,2002,3.890981,3.364117
HTI,114,Haití,2003,3.937395,3.473181
HTI,114,Haití,2004,3.976281,3.485803
HTI,114,Haití,2005,4.015701,3.555569
HTI,114,Haití,2006,4.055555,3.695033
HTI,114,Haití,2007,4.082102,3.649516
HTI,114,Haití,2008,4.105971,3.669275
HTI,114,Haití,2009,4.149035,3.599625
HTI,114,Haití,2010,4.170406,3.421290
HTI,114,Haití,2011,4.223534,3.430323
HTI,114,Haití,2012,4.318108,3.345692
HTI,114,Haití,2013,4.395101,3.282747
HTI,114,Haití,2014,4.443575,3.293677
HTI,114,Haití,2015,4.495655,3.304403
HTI,114,Haití,2016,4.585138,3.501136
HTI,114,Haití,2017,4.689486,3.330366
HTI,114,Haití,2018,4.751641,3.654526
HTI,114,Haití,2019,4.765871,3.693668
HTI,114,Haití,2020,5.517575,4.239408
HTI,114,Haití,2021,5.713246,4.482863
HTI,114,Haití,2022,5.893270,4.483462
HTI,114,Haití,2023,6.580322,4.494689
HUN,48,Hungría,1990,4.117383,3.171452
HUN,48,Hungría,1991,4.120625,3.128855
HUN,48,Hungría,1992,4.122366,3.080125
HUN,48,Hungría,1993,4.125634,3.151000
HUN,48,Hungría,1994,4.131525,3.104961
HUN,48,Hungría,1995,4.139311,3.059574
HUN,48,Hungría,1996,4.148690,3.069506
HUN,48,Hungría,1997,4.158883,3.213248
HUN,48,Hungría,1998,4.171499,3.095557
HUN,48,Hungría,1999,4.185943,3.169475
HUN,48,Hungría,2000,4.199050,3.180423
HUN,48,Hungría,2001,4.215625,3.246840
HUN,48,Hungría,2002,4.231443,3.258597
HUN,48,Hungría,2003,4.251370,3.207844
HUN,48,Hungría,2004,4.275158,3.279499
HUN,48,Hungría,2005,4.296782,3.227928
HUN,48,Hungría,2006,4.305565,3.177840
HUN,48,Hungría,2007,4.315900,3.186451
HUN,48,Hungría,2008,4.333623,3.195936
HUN,48,Hungría,2009,4.344513,3.336444
HUN,48,Hungría,2010,4.377487,3.335965
HUN,48,Hungría,2011,4.435656,3.287931
HUN,48,Hungría,2012,4.481476,3.363137
HUN,48,Hungría,2013,4.514363,3.310824
HUN,48,Hungría,2014,4.512943,3.266560
HUN,48,Hungría,2015,4.498466,3.279539
HUN,48,Hungría,2016,4.452745,3.288592
HUN,48,Hungría,2017,4.387288,3.298035
HUN,48,Hungría,2018,4.342509,3.302503
HUN,48,Hungría,2019,4.267081,3.305525
HUN,48,Hungría,2020,4.811582,3.854459
HUN,48,Hungría,2021,4.878443,3.942628
HUN,48,Hungría,2022,4.890623,3.831115
HUN,48,Hungría,2023,5.498477,3.898135
IDN,11,Indonesia,1990,1.798330,1.486868
IDN,11,Indonesia,1991,1.800595,1.512179
IDN,11,Indonesia,1992,1.802424,1.505681
IDN,11,Indonesia,1993,1.802966,1.526911
IDN,11,Indonesia,1994,1.802066,1.545236
IDN,11,Indonesia,1995,1.800240,1.565802
IDN,11,Indonesia,1996,1.797535,1.579851
IDN,11,Indonesia,1997,1.794564,1.605621
IDN,11,Indonesia,1998,1.791167,1.629480
IDN,11,Indonesia,1999,1.787598,1.666029
IDN,11,Indonesia,2000,1.784109,1.660001
IDN,11,Indonesia,2001,1.782704,1.709935
IDN,11,Indonesia,2002,1.781663,1.709840
IDN,11,Indonesia,2003,1.782690,1.724763
IDN,11,Indonesia,2004,1.785796,1.757171
IDN,11,Indonesia,2005,1.789186,1.754812
IDN,11,Indonesia,2006,1.793081,1.794781
IDN,11,Indonesia,2007,1.793770,1.813311
IDN,11,Indonesia,2008,1.794477,1.785853
IDN,11,Indonesia,2009,1.795663,1.866644
IDN,11,Indonesia,2010,1.801991,1.866665
IDN,11,Indonesia,2011,1.811353,1.884442
IDN,11,Indonesia,2012,1.832205,1.948796
IDN,11,Indonesia,2013,1.872804,1.975721
IDN,11,Indonesia,2014,1.913175,2.001423
IDN,11,Indonesia,2015,1.948128,2.055148
IDN,11,Indonesia,2016,1.994116,2.057902
IDN,11,Indonesia,2017,2.046693,2.108484
IDN,11,Indonesia,2018,2.102514,2.137006
IDN,11,Indonesia,2019,2.143083,2.151603
IDN,11,Indonesia,2020,2.656083,2.530035
IDN,11,Indonesia,2021,2.817104,2.595473
IDN,11,Indonesia,2022,2.873180,2.561770
IDN,11,Indonesia,2023,3.420515,2.608253
IND,163,India,1990,2.431597,2.675044
IND,163,India,1991,2.439449,2.717233
IND,163,India,1992,2.446735,2.738873
IND,163,India,1993,2.453725,2.637944
IND,163,India,1994,2.460710,2.725908
IND,163,India,1995,2.467708,2.703597
IND,163,India,1996,2.475052,2.691619
IND,163,India,1997,2.482740,2.737872
IND,163,India,1998,2.491365,2.745158
IND,163,India,1999,2.500961,2.765322
IND,163,India,2000,2.511067,2.799646
IND,163,India,2001,2.522164,2.797690
IND,163,India,2002,2.534076,2.853735
IND,163,India,2003,2.547428,2.876410
IND,163,India,2004,2.562023,2.887244
IND,163,India,2005,2.576986,2.938177
IND,163,India,2006,2.592682,2.962672
IND,163,India,2007,2.633132,2.986364
IND,163,India,2008,2.668998,3.039353
IND,163,India,2009,2.728154,3.065877
IND,163,India,2010,2.794767,3.101467
IND,163,India,2011,2.854157,3.139954
IND,163,India,2012,2.916137,3.157901
IND,163,India,2013,2.973486,3.171550
IND,163,India,2014,3.059874,3.202195
IND,163,India,2015,3.187401,3.216243
IND,163,India,2016,3.305339,3.232442
IND,163,India,2017,3.392196,3.261113
IND,163,India,2018,3.476539,3.263916
IND,163,India,2019,3.585438,3.288523
IND,163,India,2020,4.638262,3.930619
IND,163,India,2021,4.866717,3.876698
IND,163,India,2022,5.109488,3.907947
IND,163,India,2023,6.087292,3.949778
IRL,84,Irlanda,1990,4.741037,3.290611
IRL,84,Irlanda,1991,4.748241,3.464643
IRL,84,Irlanda,1992,4.755130,3.239267
IRL,84,Irlanda,1993,4.770358,3.253202
IRL,84,Irlanda,1994,4.793998,3.440220
IRL,84,Irlanda,1995,4.817271,3.359275
IRL,84,Irlanda,1996,4.838828,3.460912
IRL,84,Irlanda,1997,4.856537,3.404115
IRL,84,Irlanda,1998,4.876753,3.564988
IRL,84,Irlanda,1999,4.899553,3.507967
IRL,84,Irlanda,2000,4.918576,3.370387
IRL,84,Irlanda,2001,4.966183,3.466129
IRL,84,Irlanda,2002,5.011814,3.405481
IRL,84,Irlanda,2003,5.091054,3.345009
IRL,84,Irlanda,2004,5.201825,3.354887
IRL,84,Irlanda,2005,5.307508,3.366183
IRL,84,Irlanda,2006,5.402847,3.530513
IRL,84,Irlanda,2007,5.488840,3.381226
IRL,84,Irlanda,2008,5.595196,3.457063
IRL,84,Irlanda,2009,5.776803,3.457734
IRL,84,Irlanda,2010,5.927728,3.383944
IRL,84,Irlanda,2011,6.112740,3.544430
IRL,84,Irlanda,2012,6.372376,3.471287
IRL,84,Irlanda,2013,6.597487,3.484300
IRL,84,Irlanda,2014,6.783021,3.538567
IRL,84,Irlanda,2015,6.956171,3.478057
IRL,84,Irlanda,2016,7.121213,3.633936
IRL,84,Irlanda,2017,7.291702,3.486925
IRL,84,Irlanda,2018,7.415147,3.597298
IRL,84,Irlanda,2019,7.565343,3.629451
IRL,84,Irlanda,2020,9.027548,4.179242
IRL,84,Irlanda,2021,9.312220,4.273515
IRL,84,Irlanda,2022,9.683178,4.195782
IRL,84,Irlanda,2023,10.846148,4.283212
IRN,142,Irán,1990,8.099575,2.794391
IRN,142,Irán,1991,8.228307,2.830975
IRN,142,Irán,1992,8.357092,2.869187
IRN,142,Irán,1993,8.476738,2.927676
IRN,142,Irán,1994,8.585490,2.987031
IRN,142,Irán,1995,8.687720,3.048919
IRN,142,Irán,1996,8.785421,3.116228
IRN,142,Irán,1997,8.877763,3.180032
IRN,142,Irán,1998,8.957821,3.243619
IRN,142,Irán,1999,9.020715,3.305071
IRN,142,Irán,2000,9.068642,3.368465
IRN,142,Irán,2001,9.098352,3.430498
IRN,142,Irán,2002,9.118678,3.483676
IRN,142,Irán,2003,9.124833,3.542859
IRN,142,Irán,2004,9.118022,3.588365
IRN,142,Irán,2005,9.106850,3.620727
IRN,142,Irán,2006,9.010296,3.651056
IRN,142,Irán,2007,8.935942,3.662727
IRN,142,Irán,2008,8.796965,3.630310
IRN,142,Irán,2009,8.649077,3.665969
IRN,142,Irán,2010,8.570681,3.622958
IRN,142,Irán,2011,8.568108,3.678803
IRN,142,Irán,2012,8.684020,3.641010
IRN,142,Irán,2013,8.672214,3.666587
IRN,142,Irán,2014,8.606991,3.591613
IRN,142,Irán,2015,8.591026,3.690347
IRN,142,Irán,2016,8.590641,3.673472
IRN,142,Irán,2017,8.610909,3.693215
IRN,142,Irán,2018,8.574729,3.796628
IRN,142,Irán,2019,8.523401,3.835436
IRN,142,Irán,2020,10.510896,4.731115
IRN,142,Irán,2021,10.466088,4.740728
IRN,142,Irán,2022,10.878603,4.677854
IRN,142,Irán,2023,12.619209,4.804364
IRQ,143,Iraq,1990,5.399077,2.774928
IRQ,143,Iraq,1991,5.408872,2.773926
IRQ,143,Iraq,1992,5.422365,2.774379
IRQ,143,Iraq,1993,5.423676,2.793422
IRQ,143,Iraq,1994,5.409467,2.808933
IRQ,143,Iraq,1995,5.394159,2.822880
IRQ,143,Iraq,1996,5.381607,2.840520
IRQ,143,Iraq,1997,5.369490,2.854832
IRQ,143,Iraq,1998,5.354675,2.871569
IRQ,143,Iraq,1999,5.335541,2.889368
IRQ,143,Iraq,2000,5.315920,2.909938
IRQ,143,Iraq,2001,5.294560,2.925649
IRQ,143,Iraq,2002,5.273981,2.943953
IRQ,143,Iraq,2003,5.250341,3.017269
IRQ,143,Iraq,2004,5.228258,3.030599
IRQ,143,Iraq,2005,5.206717,3.076112
IRQ,143,Iraq,2006,5.192071,3.126982
IRQ,143,Iraq,2007,5.185232,3.146351
IRQ,143,Iraq,2008,5.196800,3.168456
IRQ,143,Iraq,2009,5.198133,3.191953
IRQ,143,Iraq,2010,5.205241,3.212580
IRQ,143,Iraq,2011,5.222310,3.232818
IRQ,143,Iraq,2012,5.219505,3.258320
IRQ,143,Iraq,2013,5.271757,3.297953
IRQ,143,Iraq,2014,5.325286,3.338914
IRQ,143,Iraq,2015,5.377306,3.372335
IRQ,143,Iraq,2016,5.410882,3.414035
IRQ,143,Iraq,2017,5.419090,3.448243
IRQ,143,Iraq,2018,5.436010,3.446078
IRQ,143,Iraq,2019,5.450064,3.472593
IRQ,143,Iraq,2020,6.823410,4.319612
IRQ,143,Iraq,2021,6.689446,4.300168
IRQ,143,Iraq,2022,7.000478,4.255344
IRQ,143,Iraq,2023,8.128238,4.370376
ISL,83,Islandia,1990,4.675099,4.034460
ISL,83,Islandia,1991,4.582309,4.038928
ISL,83,Islandia,1992,4.491143,4.041703
ISL,83,Islandia,1993,4.408289,4.042539
ISL,83,Islandia,1994,4.336603,4.045888
ISL,83,Islandia,1995,4.267299,4.051342
ISL,83,Islandia,1996,4.204019,4.063576
ISL,83,Islandia,1997,4.140012,4.074584
ISL,83,Islandia,1998,4.087891,4.090111
ISL,83,Islandia,1999,4.047184,4.110746
ISL,83,Islandia,2000,4.005460,4.129445
ISL,83,Islandia,2001,3.994064,4.148587
ISL,83,Islandia,2002,3.982450,4.166557
ISL,83,Islandia,2003,4.007346,4.185078
ISL,83,Islandia,2004,4.071152,4.205610
ISL,83,Islandia,2005,4.131450,4.221386
ISL,83,Islandia,2006,4.182740,4.239365
ISL,83,Islandia,2007,4.223275,4.255411
ISL,83,Islandia,2008,4.290089,4.278894
ISL,83,Islandia,2009,4.417813,4.304882
ISL,83,Islandia,2010,4.529113,4.328156
ISL,83,Islandia,2011,4.654090,4.357356
ISL,83,Islandia,2012,4.806958,4.384733
ISL,83,Islandia,2013,4.930873,4.415287
ISL,83,Islandia,2014,5.034607,4.451432
ISL,83,Islandia,2015,5.111381,4.488657
ISL,83,Islandia,2016,5.226483,4.522519
ISL,83,Islandia,2017,5.380457,4.556064
ISL,83,Islandia,2018,5.503545,4.894276
ISL,83,Islandia,2019,5.586127,4.920012
ISL,83,Islandia,2020,6.604614,5.576496
ISL,83,Islandia,2021,6.728393,5.761785
ISL,83,Islandia,2022,7.137382,5.581159
ISL,83,Islandia,2023,7.952286,5.508343
ISR,85,Israel,1990,3.542344,3.974936
ISR,85,Israel,1991,3.535371,3.987370
ISR,85,Israel,1992,3.526674,4.014236
ISR,85,Israel,1993,3.523794,4.018114
ISR,85,Israel,1994,3.527226,4.053200
ISR,85,Israel,1995,3.529827,4.072544
ISR,85,Israel,1996,3.530818,4.102970
ISR,85,Israel,1997,3.532236,4.098370
ISR,85,Israel,1998,3.540872,4.073507
ISR,85,Israel,1999,3.550302,4.040634
ISR,85,Israel,2000,3.558284,4.105279
ISR,85,Israel,2001,3.581059,4.100175
ISR,85,Israel,2002,3.601173,4.150851
ISR,85,Israel,2003,3.642037,4.194795
ISR,85,Israel,2004,3.704509,4.212546
ISR,85,Israel,2005,3.770059,4.216081
ISR,85,Israel,2006,3.843112,4.234515
ISR,85,Israel,2007,3.912341,4.206399
ISR,85,Israel,2008,4.003276,4.223298
ISR,85,Israel,2009,4.114482,4.230678
ISR,85,Israel,2010,4.225184,4.221014
ISR,85,Israel,2011,4.328260,4.213376
ISR,85,Israel,2012,4.411279,4.207508
ISR,85,Israel,2013,4.514446,4.298938
ISR,85,Israel,2014,4.552259,4.301269
ISR,85,Israel,2015,4.595251,4.307681
ISR,85,Israel,2016,4.630560,4.364033
ISR,85,Israel,2017,4.673132,4.401277
ISR,85,Israel,2018,4.737833,4.382509
ISR,85,Israel,2019,4.784016,4.420680
ISR,85,Israel,2020,5.604155,5.231486
ISR,85,Israel,2021,5.675382,5.331800
ISR,85,Israel,2022,5.851119,5.221117
ISR,85,Israel,2023,6.572674,5.403271
ITA,86,Italia,1990,5.208451,2.476453
ITA,86,Italia,1991,5.174757,2.472973
ITA,86,Italia,1992,5.139129,2.485418
ITA,86,Italia,1993,5.108715,2.463867
ITA,86,Italia,1994,5.082873,2.499839
ITA,86,Italia,1995,5.054754,2.488487
ITA,86,Italia,1996,5.025556,2.480530
ITA,86,Italia,1997,4.995808,2.485486
ITA,86,Italia,1998,4.972493,2.494824
ITA,86,Italia,1999,4.955035,2.476453
ITA,86,Italia,2000,4.937672,2.481298
ITA,86,Italia,2001,4.935741,2.486382
ITA,86,Italia,2002,4.935929,2.483131
ITA,86,Italia,2003,4.954359,2.567451
ITA,86,Italia,2004,4.989767,2.488735
ITA,86,Italia,2005,5.023565,2.535933
ITA,86,Italia,2006,5.057213,2.521395
ITA,86,Italia,2007,5.095319,2.479582
ITA,86,Italia,2008,5.140424,2.532723
ITA,86,Italia,2009,5.222228,2.459076
ITA,86,Italia,2010,5.299484,2.576686
ITA,86,Italia,2011,5.407461,2.557342
ITA,86,Italia,2012,5.548209,2.505315
ITA,86,Italia,2013,5.700432,2.616106
ITA,86,Italia,2014,5.859658,2.524981
ITA,86,Italia,2015,6.008673,2.591316
ITA,86,Italia,2016,6.103218,2.553690
ITA,86,Italia,2017,6.151711,2.550630
ITA,86,Italia,2018,6.224377,2.569060
ITA,86,Italia,2019,6.317867,2.618136
ITA,86,Italia,2020,7.501356,3.028636
ITA,86,Italia,2021,7.504888,2.976542
ITA,86,Italia,2022,7.836345,3.006397
ITA,86,Italia,2023,8.817896,3.007407
JAM,115,Jamaica,1990,2.847548,2.986494
JAM,115,Jamaica,1991,2.881588,3.006657
JAM,115,Jamaica,1992,2.916837,3.122238
JAM,115,Jamaica,1993,2.956390,2.964984
JAM,115,Jamaica,1994,2.999914,3.142348
JAM,115,Jamaica,1995,3.045008,3.069586
JAM,115,Jamaica,1996,3.091669,3.083534
JAM,115,Jamaica,1997,3.139837,3.219221
JAM,115,Jamaica,1998,3.190947,3.066029
JAM,115,Jamaica,1999,3.244655,3.112205
JAM,115,Jamaica,2000,3.299608,3.067872
JAM,115,Jamaica,2001,3.348904,3.010613
JAM,115,Jamaica,2002,3.398984,3.039119
JAM,115,Jamaica,2003,3.444501,3.065919
JAM,115,Jamaica,2004,3.484461,3.091761
JAM,115,Jamaica,2005,3.523818,3.115313
JAM,115,Jamaica,2006,3.563080,3.128626
JAM,115,Jamaica,2007,3.643885,3.145007
JAM,115,Jamaica,2008,3.735554,3.155300
JAM,115,Jamaica,2009,3.866556,3.159120
JAM,115,Jamaica,2010,4.040251,3.161719
JAM,115,Jamaica,2011,4.206059,3.172403
JAM,115,Jamaica,2012,4.390897,3.182802
JAM,115,Jamaica,2013,4.511807,3.198161
JAM,115,Jamaica,2014,4.637607,3.219239
JAM,115,Jamaica,2015,4.814152,3.236859
JAM,115,Jamaica,2016,4.952513,3.257520
JAM,115,Jamaica,2017,5.009896,3.277911
JAM,115,Jamaica,2018,4.973940,3.528960
JAM,115,Jamaica,2019,4.930021,3.559856
JAM,115,Jamaica,2020,5.580221,4.352645
JAM,115,Jamaica,2021,5.778680,4.641194
JAM,115,Jamaica,2022,5.766787,4.536747
JAM,115,Jamaica,2023,6.386757,4.423151
JOR,144,Jordania,1990,4.511911,2.786053
JOR,144,Jordania,1991,4.518750,2.954073
JOR,144,Jordania,1992,4.524741,2.983337
JOR,144,Jordania,1993,4.527086,2.934512
JOR,144,Jordania,1994,4.526506,3.031265
JOR,144,Jordania,1995,4.526876,3.135654
JOR,144,Jordania,1996,4.529152,2.961103
JOR,144,Jordania,1997,4.531865,3.055350
JOR,144,Jordania,1998,4.532886,3.086952
JOR,144,Jordania,1999,4.531660,3.051915
JOR,144,Jordania,2000,4.529283,3.077464
JOR,144,Jordania,2001,4.518371,3.247057
JOR,144,Jordania,2002,4.508190,3.289625
JOR,144,Jordania,2003,4.489625,3.215555
JOR,144,Jordania,2004,4.462205,3.463378
JOR,144,Jordania,2005,4.435251,3.479035
JOR,144,Jordania,2006,4.427522,3.430326
JOR,144,Jordania,2007,4.410199,3.405781
JOR,144,Jordania,2008,4.424158,3.427828
JOR,144,Jordania,2009,4.431579,3.347903
JOR,144,Jordania,2010,4.470233,3.447180
JOR,144,Jordania,2011,4.475894,3.325552
JOR,144,Jordania,2012,4.499107,3.573726
JOR,144,Jordania,2013,4.486361,3.634393
JOR,144,Jordania,2014,4.458537,3.639651
JOR,144,Jordania,2015,4.431420,3.759254
JOR,144,Jordania,2016,4.401149,3.857523
JOR,144,Jordania,2017,4.385402,3.887128
JOR,144,Jordania,2018,4.336404,3.922221
JOR,144,Jordania,2019,4.288330,3.989168
JOR,144,Jordania,2020,5.189704,4.971768
JOR,144,Jordania,2021,5.234151,4.875516
JOR,144,Jordania,2022,5.293390,4.955061
JOR,144,Jordania,2023,6.164933,5.015318
JPN,67,Japón,1990,2.680746,2.686568
JPN,67,Japón,1991,2.681670,2.694323
JPN,67,Japón,1992,2.681357,2.693343
JPN,67,Japón,1993,2.679856,2.700618
JPN,67,Japón,1994,2.677030,2.719783
JPN,67,Japón,1995,2.673700,2.712936
JPN,67,Japón,1996,2.670282,2.704136
JPN,67,Japón,1997,2.665993,2.713590
JPN,67,Japón,1998,2.661433,2.699888
JPN,67,Japón,1999,2.657175,2.688953
JPN,67,Japón,2000,2.653318,2.690793
JPN,67,Japón,2001,2.649243,2.698666
JPN,67,Japón,2002,2.645467,2.707087
JPN,67,Japón,2003,2.641520,2.716987
JPN,67,Japón,2004,2.637043,2.728981
JPN,67,Japón,2005,2.632238,2.741635
JPN,67,Japón,2006,2.643109,2.759283
JPN,67,Japón,2007,2.646618,2.777374
JPN,67,Japón,2008,2.655566,2.798176
JPN,67,Japón,2009,2.667448,2.821271
JPN,67,Japón,2010,2.673201,2.843913
JPN,67,Japón,2011,2.656981,2.868525
JPN,67,Japón,2012,2.644657,2.893518
JPN,67,Japón,2013,2.661360,2.919365
JPN,67,Japón,2014,2.692400,2.945758
JPN,67,Japón,2015,2.701003,3.056985
JPN,67,Japón,2016,2.710689,3.006229
JPN,67,Japón,2017,2.726157,3.059436
JPN,67,Japón,2018,2.749830,3.088107
JPN,67,Japón,2019,2.782866,3.188467
JPN,67,Japón,2020,2.973868,3.335548
JPN,67,Japón,2021,3.187925,3.620777
JPN,67,Japón,2022,3.165919,3.522734
JPN,67,Japón,2023,3.417477,3.494483
KAZ,36,Kazajistán,1990,2.000374,2.340089
KAZ,36,Kazajistán,1991,2.002286,2.342385
KAZ,36,Kazajistán,1992,2.006302,2.445738
KAZ,36,Kazajistán,1993,2.014873,2.350745
KAZ,36,Kazajistán,1994,2.027200,2.404191
KAZ,36,Kazajistán,1995,2.041916,2.413138
KAZ,36,Kazajistán,1996,2.057991,2.378470
KAZ,36,Kazajistán,1997,2.075242,2.480945
KAZ,36,Kazajistán,1998,2.093870,2.410260
KAZ,36,Kazajistán,1999,2.112902,2.567327
KAZ,36,Kazajistán,2000,2.129813,2.587165
KAZ,36,Kazajistán,2001,2.144559,2.627011
KAZ,36,Kazajistán,2002,2.156044,2.582929
KAZ,36,Kazajistán,2003,2.166007,2.611097
KAZ,36,Kazajistán,2004,2.174659,2.701420
KAZ,36,Kazajistán,2005,2.179904,2.662866
KAZ,36,Kazajistán,2006,2.182282,2.728123
KAZ,36,Kazajistán,2007,2.180075,2.799567
KAZ,36,Kazajistán,2008,2.182662,2.803076
KAZ,36,Kazajistán,2009,2.187963,2.800433
KAZ,36,Kazajistán,2010,2.201845,2.812985
KAZ,36,Kazajistán,2011,2.215431,2.795395
KAZ,36,Kazajistán,2012,2.244316,2.807199
KAZ,36,Kazajistán,2013,2.273361,2.769528
KAZ,36,Kazajistán,2014,2.291793,2.773152
KAZ,36,Kazajistán,2015,2.301381,2.759546
KAZ,36,Kazajistán,2016,2.322126,2.734071
KAZ,36,Kazajistán,2017,2.340641,2.635603
KAZ,36,Kazajistán,2018,2.326124,2.717156
KAZ,36,Kazajistán,2019,2.305764,2.650723
KAZ,36,Kazajistán,2020,2.764999,2.992315
KAZ,36,Kazajistán,2021,2.828779,3.211294
KAZ,36,Kazajistán,2022,2.885694,3.127360
KAZ,36,Kazajistán,2023,3.358554,3.115731
KEN,180,Kenia,1990,2.343455,2.283319
KEN,180,Kenia,1991,2.349912,2.287189
KEN,180,Kenia,1992,2.356758,2.441078
KEN,180,Kenia,1993,2.362795,2.319957
KEN,180,Kenia,1994,2.367379,2.395739
KEN,180,Kenia,1995,2.371092,2.411443
KEN,180,Kenia,1996,2.373472,2.370896
KEN,180,Kenia,1997,2.374996,2.517999
KEN,180,Kenia,1998,2.374708,2.540538
KEN,180,Kenia,1999,2.372896,2.580859
KEN,180,Kenia,2000,2.369671,2.676758
KEN,180,Kenia,2001,2.367206,2.655273
KEN,180,Kenia,2002,2.365315,2.673291
KEN,180,Kenia,2003,2.365265,2.674533
KEN,180,Kenia,2004,2.366894,2.676677
KEN,180,Kenia,2005,2.368343,2.689978
KEN,180,Kenia,2006,2.370191,2.691633
KEN,180,Kenia,2007,2.357351,2.709932
KEN,180,Kenia,2008,2.352674,2.722205
KEN,180,Kenia,2009,2.348925,2.732275
KEN,180,Kenia,2010,2.331272,2.722324
KEN,180,Kenia,2011,2.364796,2.740964
KEN,180,Kenia,2012,2.393353,2.711056
KEN,180,Kenia,2013,2.442760,2.772424
KEN,180,Kenia,2014,2.496324,2.772117
KEN,180,Kenia,2015,2.508711,2.697717
KEN,180,Kenia,2016,2.551718,2.835695
KEN,180,Kenia,2017,2.591478,2.786240
KEN,180,Kenia,2018,2.650441,2.827329
KEN,180,Kenia,2019,2.719034,2.868839
KEN,180,Kenia,2020,3.484626,3.494824
KEN,180,Kenia,2021,3.602484,3.491955
KEN,180,Kenia,2022,3.721004,3.382684
KEN,180,Kenia,2023,4.477137,3.453540
KGZ,37,Kirguistán,1990,1.858746,2.421936
KGZ,37,Kirguistán,1991,1.862156,2.419678
KGZ,37,Kirguistán,1992,1.867514,2.418867
KGZ,37,Kirguistán,1993,1.877021,2.418711
KGZ,37,Kirguistán,1994,1.889986,2.419448
KGZ,37,Kirguistán,1995,1.905099,2.421887
KGZ,37,Kirguistán,1996,1.920495,2.427141
KGZ,37,Kirguistán,1997,1.936299,2.435016
KGZ,37,Kirguistán,1998,1.954306,2.445242
KGZ,37,Kirguistán,1999,1.973540,2.591175
KGZ,37,Kirguistán,2000,1.992403,2.634481
KGZ,37,Kirguistán,2001,2.010478,2.655593
KGZ,37,Kirguistán,2002,2.026108,2.754776
KGZ,37,Kirguistán,2003,2.040624,2.760104
KGZ,37,Kirguistán,2004,2.054642,2.643902
KGZ,37,Kirguistán,2005,2.065413,2.660391
KGZ,37,Kirguistán,2006,2.073744,2.752902
KGZ,37,Kirguistán,2007,2.073349,2.588795
KGZ,37,Kirguistán,2008,2.076955,2.658536
KGZ,37,Kirguistán,2009,2.071188,2.666063
KGZ,37,Kirguistán,2010,2.056100,2.789748
KGZ,37,Kirguistán,2011,2.050161,2.763859
KGZ,37,Kirguistán,2012,2.032296,2.801428
KGZ,37,Kirguistán,2013,2.010941,2.878622
KGZ,37,Kirguistán,2014,1.996054,2.854690
KGZ,37,Kirguistán,2015,1.967027,2.828082
KGZ,37,Kirguistán,2016,1.947706,2.834901
KGZ,37,Kirguistán,2017,1.945452,2.840400
KGZ,37,Kirguistán,2018,1.940707,2.846814
KGZ,37,Kirguistán,2019,1.953193,2.853102
KGZ,37,Kirguistán,2020,2.511794,3.347655
KGZ,37,Kirguistán,2021,2.522562,3.612932
KGZ,37,Kirguistán,2022,2.642416,3.458509
KGZ,37,Kirguistán,2023,3.143062,3.505044
KHM,10,Camboya,1990,2.523263,1.406351
KHM,10,Camboya,1991,2.502135,1.408678
KHM,10,Camboya,1992,2.484233,1.413025
KHM,10,Camboya,1993,2.468623,1.423342
KHM,10,Camboya,1994,2.454900,1.432314
KHM,10,Camboya,1995,2.444477,1.447412
KHM,10,Camboya,1996,2.436653,1.469851
KHM,10,Camboya,1997,2.429426,1.488543
KHM,10,Camboya,1998,2.421821,1.511514
KHM,10,Camboya,1999,2.412506,1.505449
KHM,10,Camboya,2000,2.400780,1.537076
KHM,10,Camboya,2001,2.397009,1.549402
KHM,10,Camboya,2002,2.392632,1.582530
KHM,10,Camboya,2003,2.396206,1.616194
KHM,10,Camboya,2004,2.407084,1.605476
KHM,10,Camboya,2005,2.415664,1.706194
KHM,10,Camboya,2006,2.422613,1.724731
KHM,10,Camboya,2007,2.425264,1.781272
KHM,10,Camboya,2008,2.425754,1.823278
KHM,10,Camboya,2009,2.434439,1.911298
KHM,10,Camboya,2010,2.462028,1.950943
KHM,10,Camboya,2011,2.468724,2.022955
KHM,10,Camboya,2012,2.517096,2.073343
KHM,10,Camboya,2013,2.588549,2.137183
KHM,10,Camboya,2014,2.634547,2.188471
KHM,10,Camboya,2015,2.665482,2.251043
KHM,10,Camboya,2016,2.700410,2.291970
KHM,10,Camboya,2017,2.741953,2.329354
KHM,10,Camboya,2018,2.782559,2.375839
KHM,10,Camboya,2019,2.804808,2.382949
KHM,10,Camboya,2020,3.224006,2.733429
KHM,10,Camboya,2021,3.496134,2.859930
KHM,10,Camboya,2022,3.472390,2.781074
KHM,10,Camboya,2023,3.937645,2.744110
KIR,23,Kiribati,1990,2.847814,2.071412
KIR,23,Kiribati,1991,2.840846,2.229199
KIR,23,Kiribati,1992,2.838278,2.227782
KIR,23,Kiribati,1993,2.836883,2.157994
KIR,23,Kiribati,1994,2.835437,2.391624
KIR,23,Kiribati,1995,2.835365,2.337745
KIR,23,Kiribati,1996,2.835375,2.337978
KIR,23,Kiribati,1997,2.835856,2.293041
KIR,23,Kiribati,1998,2.835095,2.312673
KIR,23,Kiribati,1999,2.833270,2.257437
KIR,23,Kiribati,2000,2.830654,2.213511
KIR,23,Kiribati,2001,2.835091,2.241701
KIR,23,Kiribati,2002,2.837461,2.272647
KIR,23,Kiribati,2003,2.846464,2.301957
KIR,23,Kiribati,2004,2.862956,2.329946
KIR,23,Kiribati,2005,2.877300,2.357836
KIR,23,Kiribati,2006,2.890178,2.389472
KIR,23,Kiribati,2007,2.904663,2.421256
KIR,23,Kiribati,2008,2.917982,2.453574
KIR,23,Kiribati,2009,2.942403,2.486433
KIR,23,Kiribati,2010,2.966544,2.518580
KIR,23,Kiribati,2011,2.981342,2.550598
KIR,23,Kiribati,2012,3.013353,2.581662
KIR,23,Kiribati,2013,3.047361,2.612807
KIR,23,Kiribati,2014,3.087543,2.644404
KIR,23,Kiribati,2015,3.142659,2.676852
KIR,23,Kiribati,2016,3.191600,2.707665
KIR,23,Kiribati,2017,3.245368,2.740611
KIR,23,Kiribati,2018,3.292540,2.773181
KIR,23,Kiribati,2019,3.328983,2.805517
KIR,23,Kiribati,2020,4.016891,3.397826
KIR,23,Kiribati,2021,4.223818,3.531061
KIR,23,Kiribati,2022,4.282297,3.487224
KIR,23,Kiribati,2023,4.963930,3.562411
KNA,393,San Cristóbal y Nieves,1990,4.114285,2.797765
KNA,393,San Cristóbal y Nieves,1991,4.165495,2.824782
KNA,393,San Cristóbal y Nieves,1992,4.220478,2.854333
KNA,393,San Cristóbal y Nieves,1993,4.281567,2.883375
KNA,393,San Cristóbal y Nieves,1994,4.349464,2.914034
KNA,393,San Cristóbal y Nieves,1995,4.417544,2.943867
KNA,393,San Cristóbal y Nieves,1996,4.487741,2.975029
KNA,393,San Cristóbal y Nieves,1997,4.558626,3.006763
KNA,393,San Cristóbal y Nieves,1998,4.632731,3.039067
KNA,393,San Cristóbal y Nieves,1999,4.712028,3.073812
KNA,393,San Cristóbal y Nieves,2000,4.791144,3.107349
KNA,393,San Cristóbal y Nieves,2001,4.862205,3.137445
KNA,393,San Cristóbal y Nieves,2002,4.938133,3.172582
KNA,393,San Cristóbal y Nieves,2003,5.006727,3.203801
KNA,393,San Cristóbal y Nieves,2004,5.071493,3.238110
KNA,393,San Cristóbal y Nieves,2005,5.135793,3.271009
KNA,393,San Cristóbal y Nieves,2006,5.198218,3.291823
KNA,393,San Cristóbal y Nieves,2007,5.252349,3.311826
KNA,393,San Cristóbal y Nieves,2008,5.301266,3.325202
KNA,393,San Cristóbal y Nieves,2009,5.351776,3.330857
KNA,393,San Cristóbal y Nieves,2010,5.386352,3.334940
KNA,393,San Cristóbal y Nieves,2011,5.426174,3.347950
KNA,393,San Cristóbal y Nieves,2012,5.515351,3.359811
KNA,393,San Cristóbal y Nieves,2013,5.568416,3.375253
KNA,393,San Cristóbal y Nieves,2014,5.615612,3.394208
KNA,393,San Cristóbal y Nieves,2015,5.694549,3.411785
KNA,393,San Cristóbal y Nieves,2016,5.768387,3.429470
KNA,393,San Cristóbal y Nieves,2017,5.814710,3.449327
KNA,393,San Cristóbal y Nieves,2018,5.817379,3.467459
KNA,393,San Cristóbal y Nieves,2019,5.789588,3.485563
KNA,393,San Cristóbal y Nieves,2020,6.649642,4.105967
KNA,393,San Cristóbal y Nieves,2021,6.873793,4.224841
KNA,393,San Cristóbal y Nieves,2022,6.972952,4.114184
KNA,393,San Cristóbal y Nieves,2023,7.795888,4.260032
KOR,68,Corea del Sur,1990,4.233161,2.550707
KOR,68,Corea del Sur,1991,4.241681,2.572214
KOR,68,Corea del Sur,1992,4.245251,2.591573
KOR,68,Corea del Sur,1993,4.251584,2.594331
KOR,68,Corea del Sur,1994,4.260659,2.608570
KOR,68,Corea del Sur,1995,4.271362,2.598527
KOR,68,Corea del Sur,1996,4.285147,2.592569
KOR,68,Corea del Sur,1997,4.303526,2.596070
KOR,68,Corea del Sur,1998,4.328419,2.582878
KOR,68,Corea del Sur,1999,4.357772,2.569626
KOR,68,Corea del Sur,2000,4.387326,2.439916
KOR,68,Corea del Sur,2001,4.418541,2.433785
KOR,68,Corea del Sur,2002,4.451461,2.465237
KOR,68,Corea del Sur,2003,4.487799,2.397263
KOR,68,Corea del Sur,2004,4.522988,2.440950
KOR,68,Corea del Sur,2005,4.553957,2.409383
KOR,68,Corea del Sur,2006,4.575973,2.416290
KOR,68,Corea del Sur,2007,4.547045,2.468508
KOR,68,Corea del Sur,2008,4.527743,2.363481
KOR,68,Corea del Sur,2009,4.455616,2.528884
KOR,68,Corea del Sur,2010,4.355752,2.582409
KOR,68,Corea del Sur,2011,4.293706,2.573817
KOR,68,Corea del Sur,2012,4.249420,2.655602
KOR,68,Corea del Sur,2013,4.246752,2.676100
KOR,68,Corea del Sur,2014,4.268305,2.683725
KOR,68,Corea del Sur,2015,4.251263,2.698631
KOR,68,Corea del Sur,2016,4.250509,2.632713
KOR,68,Corea del Sur,2017,4.244119,2.766533
KOR,68,Corea del Sur,2018,4.231784,2.635106
KOR,68,Corea del Sur,2019,4.245164,2.763268
KOR,68,Corea del Sur,2020,4.549281,3.089283
KOR,68,Corea del Sur,2021,4.792951,3.139503
KOR,68,Corea del Sur,2022,4.765009,3.123688
KOR,68,Corea del Sur,2023,5.124006,3.129292
KWT,145,Kuwait,1990,3.642000,3.463267
KWT,145,Kuwait,1991,3.640117,3.444617
KWT,145,Kuwait,1992,3.644565,3.423006
KWT,145,Kuwait,1993,3.640164,3.629380
KWT,145,Kuwait,1994,3.630396,3.594269
KWT,145,Kuwait,1995,3.615410,3.585426
KWT,145,Kuwait,1996,3.599950,3.624587
KWT,145,Kuwait,1997,3.592311,3.638465
KWT,145,Kuwait,1998,3.585565,3.671822
KWT,145,Kuwait,1999,3.583287,3.702008
KWT,145,Kuwait,2000,3.586287,3.727792
KWT,145,Kuwait,2001,3.582830,3.746058
KWT,145,Kuwait,2002,3.582889,3.773890
KWT,145,Kuwait,2003,3.578497,3.817193
KWT,145,Kuwait,2004,3.570422,3.853664
KWT,145,Kuwait,2005,3.563477,3.895953
KWT,145,Kuwait,2006,3.550677,3.950229
KWT,145,Kuwait,2007,3.577614,3.981735
KWT,145,Kuwait,2008,3.579021,3.978204
KWT,145,Kuwait,2009,3.596044,4.028399
KWT,145,Kuwait,2010,3.619530,3.848123
KWT,145,Kuwait,2011,3.606552,4.041553
KWT,145,Kuwait,2012,3.559197,3.813251
KWT,145,Kuwait,2013,3.526198,4.005296
KWT,145,Kuwait,2014,3.504343,4.035448
KWT,145,Kuwait,2015,3.575476,4.118789
KWT,145,Kuwait,2016,3.648192,4.186807
KWT,145,Kuwait,2017,3.664509,4.053312
KWT,145,Kuwait,2018,3.617574,4.263557
KWT,145,Kuwait,2019,3.550250,4.000078
KWT,145,Kuwait,2020,4.285723,4.859035
KWT,145,Kuwait,2021,4.323987,4.924886
KWT,145,Kuwait,2022,4.480740,4.757128
KWT,145,Kuwait,2023,5.131284,4.898497
LAO,12,Laos,1990,1.209792,1.507411
LAO,12,Laos,1991,1.207367,1.432033
LAO,12,Laos,1992,1.204929,1.505971
LAO,12,Laos,1993,1.201854,1.477126
LAO,12,Laos,1994,1.198286,1.471048
LAO,12,Laos,1995,1.195220,1.448675
LAO,12,Laos,1996,1.193123,1.522975
LAO,12,Laos,1997,1.192025,1.499831
LAO,12,Laos,1998,1.191609,1.453465
LAO,12,Laos,1999,1.191717,1.560660
LAO,12,Laos,2000,1.192430,1.555430
LAO,12,Laos,2001,1.195649,1.560701
LAO,12,Laos,2002,1.199717,1.632292
LAO,12,Laos,2003,1.206182,1.658204
LAO,12,Laos,2004,1.214849,1.687205
LAO,12,Laos,2005,1.223740,1.711249
LAO,12,Laos,2006,1.232905,1.784137
LAO,12,Laos,2007,1.239855,1.777020
LAO,12,Laos,2008,1.265128,1.764631
LAO,12,Laos,2009,1.288303,1.860486
LAO,12,Laos,2010,1.329909,1.851283
LAO,12,Laos,2011,1.384997,1.877309
LAO,12,Laos,2012,1.466918,1.956892
LAO,12,Laos,2013,1.518576,1.990975
LAO,12,Laos,2014,1.590710,2.040437
LAO,12,Laos,2015,1.669013,2.069767
LAO,12,Laos,2016,1.728040,2.126807
LAO,12,Laos,2017,1.790495,2.150451
LAO,12,Laos,2018,1.851156,2.096886
LAO,12,Laos,2019,1.907651,2.248822
LAO,12,Laos,2020,2.223987,2.448159
LAO,12,Laos,2021,2.376322,2.580501
LAO,12,Laos,2022,2.406197,2.468962
LAO,12,Laos,2023,2.717785,2.511659
LBN,146,Líbano,1990,6.052822,3.755342
LBN,146,Líbano,1991,6.047748,3.761883
LBN,146,Líbano,1992,6.040847,3.833239
LBN,146,Líbano,1993,6.032384,3.862654
LBN,146,Líbano,1994,6.023539,3.881731
LBN,146,Líbano,1995,6.015148,3.930851
LBN,146,Líbano,1996,6.007230,3.995832
LBN,146,Líbano,1997,5.999417,4.031221
LBN,146,Líbano,1998,5.991894,4.086028
LBN,146,Líbano,1999,5.986555,4.140337
LBN,146,Líbano,2000,5.980928,4.180140
LBN,146,Líbano,2001,5.966822,4.199262
LBN,146,Líbano,2002,5.950359,4.202047
LBN,146,Líbano,2003,5.928263,4.268813
LBN,146,Líbano,2004,5.900575,4.205470
LBN,146,Líbano,2005,5.869192,4.354339
LBN,146,Líbano,2006,5.847660,4.486632
LBN,146,Líbano,2007,5.829733,4.411531
LBN,146,Líbano,2008,5.816595,4.535081
LBN,146,Líbano,2009,5.818443,4.510863
LBN,146,Líbano,2010,5.818125,4.461532
LBN,146,Líbano,2011,5.799278,4.558826
LBN,146,Líbano,2012,5.785590,4.531793
LBN,146,Líbano,2013,5.756553,4.678555
LBN,146,Líbano,2014,5.687772,4.724760
LBN,146,Líbano,2015,5.635464,4.723236
LBN,146,Líbano,2016,5.550570,4.749776
LBN,146,Líbano,2017,5.460329,4.802409
LBN,146,Líbano,2018,5.418540,4.732466
LBN,146,Líbano,2019,5.445137,4.807838
LBN,146,Líbano,2020,6.762311,5.920250
LBN,146,Líbano,2021,6.862105,6.034525
LBN,146,Líbano,2022,7.112438,5.914171
LBN,146,Líbano,2023,8.340683,6.118064
LBR,210,Liberia,1990,4.318306,2.313456
LBR,210,Liberia,1991,4.436681,2.352903
LBR,210,Liberia,1992,4.588850,2.467584
LBR,210,Liberia,1993,4.643593,2.477962
LBR,210,Liberia,1994,4.744623,2.467927
LBR,210,Liberia,1995,4.901034,2.486251
LBR,210,Liberia,1996,5.024767,2.498421
LBR,210,Liberia,1997,5.131765,2.459648
LBR,210,Liberia,1998,5.229489,2.450763
LBR,210,Liberia,1999,5.303445,2.435006
LBR,210,Liberia,2000,5.394915,2.416728
LBR,210,Liberia,2001,5.449219,2.440728
LBR,210,Liberia,2002,5.507545,2.468650
LBR,210,Liberia,2003,5.572566,2.492303
LBR,210,Liberia,2004,5.611205,2.466351
LBR,210,Liberia,2005,5.634478,2.470554
LBR,210,Liberia,2006,5.651769,2.340703
LBR,210,Liberia,2007,5.668474,2.410100
LBR,210,Liberia,2008,5.579041,2.385298
LBR,210,Liberia,2009,5.515948,2.264738
LBR,210,Liberia,2010,5.382275,2.430008
LBR,210,Liberia,2011,5.289042,2.420828
LBR,210,Liberia,2012,5.280289,2.360660
LBR,210,Liberia,2013,5.341042,2.475218
LBR,210,Liberia,2014,5.528167,2.495401
LBR,210,Liberia,2015,5.658216,2.491262
LBR,210,Liberia,2016,5.750180,2.563031
LBR,210,Liberia,2017,5.816685,2.589152
LBR,210,Liberia,2018,5.879499,2.506968
LBR,210,Liberia,2019,5.945579,2.653724
LBR,210,Liberia,2020,7.554515,3.228442
LBR,210,Liberia,2021,7.808429,3.148984
LBR,210,Liberia,2022,7.953433,3.347257
LBR,210,Liberia,2023,9.409215,3.344353
LBY,147,Libia,1990,5.118907,2.773721
LBY,147,Libia,1991,5.151509,2.714691
LBY,147,Libia,1992,5.184884,2.758437
LBY,147,Libia,1993,5.215817,2.806309
LBY,147,Libia,1994,5.243739,2.858301
LBY,147,Libia,1995,5.267739,2.903224
LBY,147,Libia,1996,5.278503,3.117739
LBY,147,Libia,1997,5.285499,3.158111
LBY,147,Libia,1998,5.285319,3.263547
LBY,147,Libia,1999,5.282354,3.243281
LBY,147,Libia,2000,5.279252,3.483848
LBY,147,Libia,2001,5.265495,3.381212
LBY,147,Libia,2002,5.250786,3.445230
LBY,147,Libia,2003,5.224274,3.409409
LBY,147,Libia,2004,5.186343,3.416973
LBY,147,Libia,2005,5.147871,3.524514
LBY,147,Libia,2006,5.116062,3.483430
LBY,147,Libia,2007,5.091367,3.434213
LBY,147,Libia,2008,5.059778,3.750276
LBY,147,Libia,2009,5.031114,3.553608
LBY,147,Libia,2010,5.007198,3.542166
LBY,147,Libia,2011,4.960846,3.893367
LBY,147,Libia,2012,4.930613,3.790437
LBY,147,Libia,2013,4.897571,3.925516
LBY,147,Libia,2014,4.849948,4.134183
LBY,147,Libia,2015,4.803703,4.150216
LBY,147,Libia,2016,4.753241,4.207802
LBY,147,Libia,2017,4.701469,4.252833
LBY,147,Libia,2018,4.640614,4.290237
LBY,147,Libia,2019,4.561058,4.340786
LBY,147,Libia,2020,5.356619,5.325267
LBY,147,Libia,2021,5.430484,5.404619
LBY,147,Libia,2022,5.473158,5.308085
LBY,147,Libia,2023,6.281461,5.413374
LCA,116,Santa Lucía,1990,3.960922,2.985968
LCA,116,Santa Lucía,1991,4.025362,3.018631
LCA,116,Santa Lucía,1992,4.088172,3.055535
LCA,116,Santa Lucía,1993,4.155316,3.104315
LCA,116,Santa Lucía,1994,4.225145,3.133218
LCA,116,Santa Lucía,1995,4.296028,2.994135
LCA,116,Santa Lucía,1996,4.369983,3.031175
LCA,116,Santa Lucía,1997,4.446659,2.973379
LCA,116,Santa Lucía,1998,4.528232,2.926516
LCA,116,Santa Lucía,1999,4.614576,2.965385
LCA,116,Santa Lucía,2000,4.701628,3.209068
LCA,116,Santa Lucía,2001,4.782337,3.043338
LCA,116,Santa Lucía,2002,4.862975,3.174099
LCA,116,Santa Lucía,2003,4.936025,3.210212
LCA,116,Santa Lucía,2004,5.001730,3.150127
LCA,116,Santa Lucía,2005,5.067004,3.186336
LCA,116,Santa Lucía,2006,5.130905,3.212072
LCA,116,Santa Lucía,2007,5.187526,3.240974
LCA,116,Santa Lucía,2008,5.239995,3.262019
LCA,116,Santa Lucía,2009,5.294923,3.272643
LCA,116,Santa Lucía,2010,5.332656,3.286177
LCA,116,Santa Lucía,2011,5.376394,3.306373
LCA,116,Santa Lucía,2012,5.465612,3.325732
LCA,116,Santa Lucía,2013,5.518683,3.346941
LCA,116,Santa Lucía,2014,5.565304,3.371954
LCA,116,Santa Lucía,2015,5.645462,3.394685
LCA,116,Santa Lucía,2016,5.722114,3.418449
LCA,116,Santa Lucía,2017,5.769573,3.441656
LCA,116,Santa Lucía,2018,5.774397,3.465930
LCA,116,Santa Lucía,2019,5.749523,3.490204
LCA,116,Santa Lucía,2020,6.621283,4.124674
LCA,116,Santa Lucía,2021,6.962506,4.298736
LCA,116,Santa Lucía,2022,6.994769,4.168671
LCA,116,Santa Lucía,2023,7.914457,4.325299
LKA,17,Sri Lanka,1990,1.325542,1.908162
LKA,17,Sri Lanka,1991,1.318816,1.931979
LKA,17,Sri Lanka,1992,1.311677,1.955997
LKA,17,Sri Lanka,1993,1.302796,1.982303
LKA,17,Sri Lanka,1994,1.292791,2.000132
LKA,17,Sri Lanka,1995,1.282627,2.037068
LKA,17,Sri Lanka,1996,1.273141,2.059049
LKA,17,Sri Lanka,1997,1.263608,2.086804
LKA,17,Sri Lanka,1998,1.254421,2.125372
LKA,17,Sri Lanka,1999,1.244849,2.147139
LKA,17,Sri Lanka,2000,1.234995,2.175889
LKA,17,Sri Lanka,2001,1.228325,2.195520
LKA,17,Sri Lanka,2002,1.221945,2.181375
LKA,17,Sri Lanka,2003,1.219037,2.230343
LKA,17,Sri Lanka,2004,1.217579,2.242872
LKA,17,Sri Lanka,2005,1.218863,2.263290
LKA,17,Sri Lanka,2006,1.219078,2.323225
LKA,17,Sri Lanka,2007,1.216557,2.358506
LKA,17,Sri Lanka,2008,1.208538,2.406237
LKA,17,Sri Lanka,2009,1.209479,2.445014
LKA,17,Sri Lanka,2010,1.200972,2.480660
LKA,17,Sri Lanka,2011,1.199577,2.505715
LKA,17,Sri Lanka,2012,1.218313,2.528530
LKA,17,Sri Lanka,2013,1.244588,2.552116
LKA,17,Sri Lanka,2014,1.276523,2.565741
LKA,17,Sri Lanka,2015,1.316646,2.591480
LKA,17,Sri Lanka,2016,1.355565,2.573728
LKA,17,Sri Lanka,2017,1.412467,2.596225
LKA,17,Sri Lanka,2018,1.477991,2.630085
LKA,17,Sri Lanka,2019,1.547066,2.660267
LKA,17,Sri Lanka,2020,1.848659,2.955923
LKA,17,Sri Lanka,2021,2.101366,3.186470
LKA,17,Sri Lanka,2022,2.088968,3.130367
LKA,17,Sri Lanka,2023,2.462678,3.144620
LSO,194,Lesoto,1990,2.853833,2.215776
LSO,194,Lesoto,1991,2.870576,2.233286
LSO,194,Lesoto,1992,2.886316,2.196978
LSO,194,Lesoto,1993,2.901853,2.213142
LSO,194,Lesoto,1994,2.917174,2.229669
LSO,194,Lesoto,1995,2.930939,2.246568
LSO,194,Lesoto,1996,2.943277,2.260905
LSO,194,Lesoto,1997,2.954370,2.394737
LSO,194,Lesoto,1998,2.964886,2.433883
LSO,194,Lesoto,1999,2.975756,2.345846
LSO,194,Lesoto,2000,2.985918,2.424719
LSO,194,Lesoto,2001,2.994152,2.368988
LSO,194,Lesoto,2002,3.002495,2.416849
LSO,194,Lesoto,2003,3.009866,2.306671
LSO,194,Lesoto,2004,3.015851,2.360054
LSO,194,Lesoto,2005,3.021714,2.363211
LSO,194,Lesoto,2006,3.028227,2.429942
LSO,194,Lesoto,2007,3.019961,2.322420
LSO,194,Lesoto,2008,3.013395,2.466617
LSO,194,Lesoto,2009,2.990002,2.525743
LSO,194,Lesoto,2010,2.956427,2.514940
LSO,194,Lesoto,2011,2.929761,2.475706
LSO,194,Lesoto,2012,2.960835,2.634734
LSO,194,Lesoto,2013,3.026701,2.463891
LSO,194,Lesoto,2014,3.140734,2.596963
LSO,194,Lesoto,2015,3.300501,2.624369
LSO,194,Lesoto,2016,3.471811,2.510573
LSO,194,Lesoto,2017,3.608665,2.718232
LSO,194,Lesoto,2018,3.694369,2.552946
LSO,194,Lesoto,2019,3.781764,2.574833
LSO,194,Lesoto,2020,4.936395,3.285356
LSO,194,Lesoto,2021,5.302560,3.303786
LSO,194,Lesoto,2022,5.465931,3.302358
LSO,194,Lesoto,2023,6.589942,3.432776
LTU,60,Lituania,1990,3.467674,3.645448
LTU,60,Lituania,1991,3.476312,3.654511
LTU,60,Lituania,1992,3.486670,3.665093
LTU,60,Lituania,1993,3.500546,3.864523
LTU,60,Lituania,1994,3.517228,3.868874
LTU,60,Lituania,1995,3.535502,3.957906
LTU,60,Lituania,1996,3.553147,3.908260
LTU,60,Lituania,1997,3.568191,4.073992
LTU,60,Lituania,1998,3.581294,3.843300
LTU,60,Lituania,1999,3.592555,3.866628
LTU,60,Lituania,2000,3.603767,3.896417
LTU,60,Lituania,2001,3.616131,3.849165
LTU,60,Lituania,2002,3.627556,3.878922
LTU,60,Lituania,2003,3.640190,3.905571
LTU,60,Lituania,2004,3.652959,3.932872
LTU,60,Lituania,2005,3.663326,3.958697
LTU,60,Lituania,2006,3.670332,3.980530
LTU,60,Lituania,2007,3.683814,4.003705
LTU,60,Lituania,2008,3.689654,4.198316
LTU,60,Lituania,2009,3.717539,4.042927
LTU,60,Lituania,2010,3.747214,4.142822
LTU,60,Lituania,2011,3.776898,4.158143
LTU,60,Lituania,2012,3.812036,4.087351
LTU,60,Lituania,2013,3.845106,4.100163
LTU,60,Lituania,2014,3.871457,4.112079
LTU,60,Lituania,2015,3.883154,4.124658
LTU,60,Lituania,2016,3.883167,4.130121
LTU,60,Lituania,2017,3.855433,4.131877
LTU,60,Lituania,2018,3.812711,4.134466
LTU,60,Lituania,2019,3.778339,4.135923
LTU,60,Lituania,2020,4.359948,4.821585
LTU,60,Lituania,2021,4.505017,4.937222
LTU,60,Lituania,2022,4.594091,4.807281
LTU,60,Lituania,2023,5.207018,4.894951
LUX,87,Luxemburgo,1990,4.604143,4.144318
LUX,87,Luxemburgo,1991,4.525345,4.137827
LUX,87,Luxemburgo,1992,4.447020,4.016345
LUX,87,Luxemburgo,1993,4.375519,4.247075
LUX,87,Luxemburgo,1994,4.312825,4.004147
LUX,87,Luxemburgo,1995,4.251209,4.113252
LUX,87,Luxemburgo,1996,4.191344,4.111208
LUX,87,Luxemburgo,1997,4.132440,3.996077
LUX,87,Luxemburgo,1998,4.082628,3.997931
LUX,87,Luxemburgo,1999,4.042865,4.003260
LUX,87,Luxemburgo,2000,4.004066,4.011452
LUX,87,Luxemburgo,2001,3.993331,4.017689
LUX,87,Luxemburgo,2002,3.983430,4.021972
LUX,87,Luxemburgo,2003,4.007856,4.029572
LUX,87,Luxemburgo,2004,4.067646,4.036491
LUX,87,Luxemburgo,2005,4.129324,4.045007
LUX,87,Luxemburgo,2006,4.185676,4.057662
LUX,87,Luxemburgo,2007,4.233978,4.069595
LUX,87,Luxemburgo,2008,4.301146,4.083318
LUX,87,Luxemburgo,2009,4.381979,4.096186
LUX,87,Luxemburgo,2010,4.467995,4.111012
LUX,87,Luxemburgo,2011,4.541310,4.136246
LUX,87,Luxemburgo,2012,4.654231,4.162501
LUX,87,Luxemburgo,2013,4.740962,4.189806
LUX,87,Luxemburgo,2014,4.837590,4.219946
LUX,87,Luxemburgo,2015,4.943638,4.251386
LUX,87,Luxemburgo,2016,5.023425,4.283531
LUX,87,Luxemburgo,2017,5.126413,4.316756
LUX,87,Luxemburgo,2018,5.251640,4.350226
LUX,87,Luxemburgo,2019,5.374530,4.382474
LUX,87,Luxemburgo,2020,6.499741,5.231750
LUX,87,Luxemburgo,2021,6.587430,5.268162
LUX,87,Luxemburgo,2022,6.945629,5.193479
LUX,87,Luxemburgo,2023,7.917603,5.295379
LVA,59,Letonia,1990,3.812878,3.171485
LVA,59,Letonia,1991,3.822419,3.174372
LVA,59,Letonia,1992,3.837289,3.180163
LVA,59,Letonia,1993,3.858395,3.189355
LVA,59,Letonia,1994,3.884177,3.330696
LVA,59,Letonia,1995,3.911478,3.216546
LVA,59,Letonia,1996,3.937752,3.296143
LVA,59,Letonia,1997,3.962280,3.318442
LVA,59,Letonia,1998,3.983732,3.280164
LVA,59,Letonia,1999,4.000559,3.304792
LVA,59,Letonia,2000,4.011225,3.464816
LVA,59,Letonia,2001,4.017698,3.353391
LVA,59,Letonia,2002,4.019509,3.441420
LVA,59,Letonia,2003,4.021155,3.461860
LVA,59,Letonia,2004,4.023595,3.554219
LVA,59,Letonia,2005,4.025467,3.431803
LVA,59,Letonia,2006,4.025181,3.657461
LVA,59,Letonia,2007,4.026772,3.518391
LVA,59,Letonia,2008,4.030453,3.664839
LVA,59,Letonia,2009,4.046953,3.671459
LVA,59,Letonia,2010,4.045377,3.517929
LVA,59,Letonia,2011,4.051045,3.596368
LVA,59,Letonia,2012,4.049720,3.524803
LVA,59,Letonia,2013,4.023649,3.454762
LVA,59,Letonia,2014,4.003209,3.455831
LVA,59,Letonia,2015,3.999437,3.455117
LVA,59,Letonia,2016,3.993284,3.458424
LVA,59,Letonia,2017,3.974248,3.459189
LVA,59,Letonia,2018,3.926866,3.462322
LVA,59,Letonia,2019,3.902998,3.468951
LVA,59,Letonia,2020,4.465314,3.957543
LVA,59,Letonia,2021,4.665790,4.083318
LVA,59,Letonia,2022,4.693023,3.962221
LVA,59,Letonia,2023,5.309496,4.024566
MAR,148,Marruecos,1990,4.584996,2.993660
MAR,148,Marruecos,1991,4.598371,3.166874
MAR,148,Marruecos,1992,4.612103,3.080265
MAR,148,Marruecos,1993,4.623587,2.982253
MAR,148,Marruecos,1994,4.633057,3.076512
MAR,148,Marruecos,1995,4.642669,3.039234
MAR,148,Marruecos,1996,4.652394,3.019240
MAR,148,Marruecos,1997,4.662633,3.194331
MAR,148,Marruecos,1998,4.672394,3.241151
MAR,148,Marruecos,1999,4.681659,3.196837
MAR,148,Marruecos,2000,4.690623,3.309584
MAR,148,Marruecos,2001,4.689434,3.272635
MAR,148,Marruecos,2002,4.687667,3.356891
MAR,148,Marruecos,2003,4.674851,3.444194
MAR,148,Marruecos,2004,4.650967,3.355397
MAR,148,Marruecos,2005,4.625143,3.472108
MAR,148,Marruecos,2006,4.593715,3.571245
MAR,148,Marruecos,2007,4.566833,3.515853
MAR,148,Marruecos,2008,4.522209,3.471953
MAR,148,Marruecos,2009,4.466943,3.567520
MAR,148,Marruecos,2010,4.409829,3.694320
MAR,148,Marruecos,2011,4.338569,3.666815
MAR,148,Marruecos,2012,4.297071,3.730421
MAR,148,Marruecos,2013,4.228896,3.867634
MAR,148,Marruecos,2014,4.183928,3.898269
MAR,148,Marruecos,2015,4.152892,3.953176
MAR,148,Marruecos,2016,4.107065,4.007324
MAR,148,Marruecos,2017,4.104716,4.030713
MAR,148,Marruecos,2018,4.072244,4.183113
MAR,148,Marruecos,2019,4.077292,4.209039
MAR,148,Marruecos,2020,4.932449,5.057954
MAR,148,Marruecos,2021,4.928592,5.138787
MAR,148,Marruecos,2022,5.114851,5.090911
MAR,148,Marruecos,2023,5.769863,5.164266
MCO,367,Mónaco,1990,5.145129,3.544946
MCO,367,Mónaco,1991,5.062974,3.529953
MCO,367,Mónaco,1992,4.980165,3.514238
MCO,367,Mónaco,1993,4.906856,3.501187
MCO,367,Mónaco,1994,4.842888,3.490966
MCO,367,Mónaco,1995,4.780724,3.480302
MCO,367,Mónaco,1996,4.720200,3.478032
MCO,367,Mónaco,1997,4.659983,3.476012
MCO,367,Mónaco,1998,4.609978,3.478233
MCO,367,Mónaco,1999,4.571602,3.484601
MCO,367,Mónaco,2000,4.535666,3.491512
MCO,367,Mónaco,2001,4.529902,3.495295
MCO,367,Mónaco,2002,4.526259,3.499436
MCO,367,Mónaco,2003,4.560105,3.502492
MCO,367,Mónaco,2004,4.630432,3.502621
MCO,367,Mónaco,2005,4.702778,3.507031
MCO,367,Mónaco,2006,4.786370,3.503663
MCO,367,Mónaco,2007,4.862805,3.499648
MCO,367,Mónaco,2008,4.971154,3.496082
MCO,367,Mónaco,2009,5.142066,3.494698
MCO,367,Mónaco,2010,5.293008,3.491155
MCO,367,Mónaco,2011,5.443862,3.500564
MCO,367,Mónaco,2012,5.623469,3.517012
MCO,367,Mónaco,2013,5.781879,3.540391
MCO,367,Mónaco,2014,5.930184,3.569632
MCO,367,Mónaco,2015,6.055446,3.606410
MCO,367,Mónaco,2016,6.185074,3.648471
MCO,367,Mónaco,2017,6.299436,3.692040
MCO,367,Mónaco,2018,6.392886,3.740088
MCO,367,Mónaco,2019,6.483478,3.799412
MCO,367,Mónaco,2020,7.746257,4.550079
MCO,367,Mónaco,2021,7.890219,4.625033
MCO,367,Mónaco,2022,8.239179,4.560288
MCO,367,Mónaco,2023,9.344910,4.664364
MDA,61,Moldavia,1990,3.682948,2.878100
MDA,61,Moldavia,1991,3.699091,3.033093
MDA,61,Moldavia,1992,3.718413,3.095372
MDA,61,Moldavia,1993,3.742557,3.162662
MDA,61,Moldavia,1994,3.770244,3.240167
MDA,61,Moldavia,1995,3.798509,3.273614
MDA,61,Moldavia,1996,3.825243,3.255821
MDA,61,Moldavia,1997,3.850667,3.147155
MDA,61,Moldavia,1998,3.875024,3.170767
MDA,61,Moldavia,1999,3.897396,3.140171
MDA,61,Moldavia,2000,3.914756,3.240068
MDA,61,Moldavia,2001,3.927470,3.150373
MDA,61,Moldavia,2002,3.934600,3.240651
MDA,61,Moldavia,2003,3.939301,3.271177
MDA,61,Moldavia,2004,3.942542,3.237681
MDA,61,Moldavia,2005,3.942773,3.261009
MDA,61,Moldavia,2006,3.940228,3.413997
MDA,61,Moldavia,2007,3.943924,3.295891
MDA,61,Moldavia,2008,3.939221,3.372446
MDA,61,Moldavia,2009,3.953853,3.377155
MDA,61,Moldavia,2010,3.958078,3.315436
MDA,61,Moldavia,2011,3.958197,3.323503
MDA,61,Moldavia,2012,3.958803,3.457329
MDA,61,Moldavia,2013,3.937898,3.341996
MDA,61,Moldavia,2014,3.926509,3.414608
MDA,61,Moldavia,2015,3.911134,3.423991
MDA,61,Moldavia,2016,3.895607,3.377283
MDA,61,Moldavia,2017,3.909700,3.393060
MDA,61,Moldavia,2018,3.920173,3.411967
MDA,61,Moldavia,2019,3.932008,3.567899
MDA,61,Moldavia,2020,4.843934,4.102902
MDA,61,Moldavia,2021,4.949024,4.240163
MDA,61,Moldavia,2022,5.086572,4.163163
MDA,61,Moldavia,2023,6.017846,4.198369
MDG,181,Madagascar,1990,2.470636,2.389129
MDG,181,Madagascar,1991,2.463074,2.500010
MDG,181,Madagascar,1992,2.454926,2.513036
MDG,181,Madagascar,1993,2.446196,2.432881
MDG,181,Madagascar,1994,2.437081,2.489785
MDG,181,Madagascar,1995,2.428061,2.543037
MDG,181,Madagascar,1996,2.419170,2.467200
MDG,181,Madagascar,1997,2.410784,2.418082
MDG,181,Madagascar,1998,2.402927,2.460039
MDG,181,Madagascar,1999,2.395604,2.404712
MDG,181,Madagascar,2000,2.388363,2.448257
MDG,181,Madagascar,2001,2.382571,2.352284
MDG,181,Madagascar,2002,2.378245,2.503049
MDG,181,Madagascar,2003,2.376591,2.393227
MDG,181,Madagascar,2004,2.377424,2.493742
MDG,181,Madagascar,2005,2.378974,2.503426
MDG,181,Madagascar,2006,2.381782,2.399460
MDG,181,Madagascar,2007,2.416771,2.553008
MDG,181,Madagascar,2008,2.449367,2.510774
MDG,181,Madagascar,2009,2.506205,2.548376
MDG,181,Madagascar,2010,2.595532,2.569033
MDG,181,Madagascar,2011,2.666316,2.493503
MDG,181,Madagascar,2012,2.698662,2.622940
MDG,181,Madagascar,2013,2.751568,2.596553
MDG,181,Madagascar,2014,2.778509,2.637022
MDG,181,Madagascar,2015,2.822758,2.709659
MDG,181,Madagascar,2016,2.889856,2.747727
MDG,181,Madagascar,2017,2.989409,2.711035
MDG,181,Madagascar,2018,3.077579,2.781874
MDG,181,Madagascar,2019,3.158898,2.732579
MDG,181,Madagascar,2020,4.066738,3.385270
MDG,181,Madagascar,2021,4.188291,3.470357
MDG,181,Madagascar,2022,4.326153,3.400452
MDG,181,Madagascar,2023,5.129973,3.503217
MDV,14,Maldivas,1990,1.646509,1.257998
MDV,14,Maldivas,1991,1.638730,1.263082
MDV,14,Maldivas,1992,1.634195,1.236270
MDV,14,Maldivas,1993,1.631347,1.247988
MDV,14,Maldivas,1994,1.629446,1.263268
MDV,14,Maldivas,1995,1.628911,1.282976
MDV,14,Maldivas,1996,1.629814,1.308674
MDV,14,Maldivas,1997,1.631512,1.338237
MDV,14,Maldivas,1998,1.633229,1.373157
MDV,14,Maldivas,1999,1.634319,1.411517
MDV,14,Maldivas,2000,1.633319,1.449595
MDV,14,Maldivas,2001,1.636341,1.550931
MDV,14,Maldivas,2002,1.636754,1.540663
MDV,14,Maldivas,2003,1.640867,1.685878
MDV,14,Maldivas,2004,1.647511,1.669048
MDV,14,Maldivas,2005,1.651114,1.787386
MDV,14,Maldivas,2006,1.651290,1.845541
MDV,14,Maldivas,2007,1.645995,1.897788
MDV,14,Maldivas,2008,1.643106,1.920884
MDV,14,Maldivas,2009,1.643128,2.045821
MDV,14,Maldivas,2010,1.645006,2.072405
MDV,14,Maldivas,2011,1.647358,2.116164
MDV,14,Maldivas,2012,1.664979,2.222203
MDV,14,Maldivas,2013,1.690408,2.277982
MDV,14,Maldivas,2014,1.716355,2.326067
MDV,14,Maldivas,2015,1.749869,2.406914
MDV,14,Maldivas,2016,1.780715,2.358775
MDV,14,Maldivas,2017,1.811807,2.528257
MDV,14,Maldivas,2018,1.844265,2.404493
MDV,14,Maldivas,2019,1.867256,2.450184
MDV,14,Maldivas,2020,2.180214,2.804107
MDV,14,Maldivas,2021,2.331316,2.897513
MDV,14,Maldivas,2022,2.341464,2.822985
MDV,14,Maldivas,2023,2.695893,2.893949
MEX,130,México,1990,2.796323,2.346828
MEX,130,México,1991,2.832156,2.363098
MEX,130,México,1992,2.867777,2.379548
MEX,130,México,1993,2.913770,2.394667
MEX,130,México,1994,2.970371,2.408243
MEX,130,México,1995,3.027101,2.421196
MEX,130,México,1996,3.084020,2.433758
MEX,130,México,1997,3.141017,2.445579
MEX,130,México,1998,3.205710,2.457662
MEX,130,México,1999,3.277859,2.469954
MEX,130,México,2000,3.349844,2.482717
MEX,130,México,2001,3.426419,2.499904
MEX,130,México,2002,3.503111,2.517465
MEX,130,México,2003,3.588511,2.536941
MEX,130,México,2004,3.682072,2.557964
MEX,130,México,2005,3.775019,2.578941
MEX,130,México,2006,3.867664,2.600922
MEX,130,México,2007,3.958439,2.626159
MEX,130,México,2008,4.054654,2.651534
MEX,130,México,2009,4.166117,2.673938
MEX,130,México,2010,4.283212,2.692805
MEX,130,México,2011,4.402824,2.708182
MEX,130,México,2012,4.534679,2.724761
MEX,130,México,2013,4.645786,2.741857
MEX,130,México,2014,4.745741,2.758928
MEX,130,México,2015,4.795358,2.775689
MEX,130,México,2016,4.833484,2.791778
MEX,130,México,2017,4.894810,2.807803
MEX,130,México,2018,4.939483,2.824397
MEX,130,México,2019,4.976871,2.841710
MEX,130,México,2020,6.189434,3.516989
MEX,130,México,2021,6.257135,3.552737
MEX,130,México,2022,6.529168,3.482457
MEX,130,México,2023,7.675785,3.579859
MHL,24,Islas Marshall ,1990,2.940092,1.570900
MHL,24,Islas Marshall ,1991,2.953780,1.591672
MHL,24,Islas Marshall ,1992,2.965915,1.614459
MHL,24,Islas Marshall ,1993,2.971656,1.638837
MHL,24,Islas Marshall ,1994,2.969595,1.663920
MHL,24,Islas Marshall ,1995,2.963103,1.689730
MHL,24,Islas Marshall ,1996,2.951697,1.716850
MHL,24,Islas Marshall ,1997,2.935991,1.743108
MHL,24,Islas Marshall ,1998,2.914660,1.768826
MHL,24,Islas Marshall ,1999,2.888875,1.793594
MHL,24,Islas Marshall ,2000,2.861304,1.816715
MHL,24,Islas Marshall ,2001,2.842909,1.840016
MHL,24,Islas Marshall ,2002,2.825544,1.862007
MHL,24,Islas Marshall ,2003,2.818841,1.883476
MHL,24,Islas Marshall ,2004,2.823162,1.904665
MHL,24,Islas Marshall ,2005,2.829621,1.924825
MHL,24,Islas Marshall ,2006,2.838626,1.946102
MHL,24,Islas Marshall ,2007,2.854129,1.967960
MHL,24,Islas Marshall ,2008,2.872730,1.991742
MHL,24,Islas Marshall ,2009,2.906233,2.018047
MHL,24,Islas Marshall ,2010,2.944553,2.047007
MHL,24,Islas Marshall ,2011,2.978014,2.079548
MHL,24,Islas Marshall ,2012,3.032327,2.115517
MHL,24,Islas Marshall ,2013,3.089352,2.155227
MHL,24,Islas Marshall ,2014,3.150966,2.198299
MHL,24,Islas Marshall ,2015,3.224829,2.244136
MHL,24,Islas Marshall ,2016,3.286305,2.289545
MHL,24,Islas Marshall ,2017,3.347827,2.336580
MHL,24,Islas Marshall ,2018,3.398502,2.383059
MHL,24,Islas Marshall ,2019,3.434646,2.428422
MHL,24,Islas Marshall ,2020,4.133618,2.938678
MHL,24,Islas Marshall ,2021,4.333481,3.081296
MHL,24,Islas Marshall ,2022,4.392477,3.019851
MHL,24,Islas Marshall ,2023,5.084085,3.109873
MKD,49,Macedonia,1990,4.097323,2.202187
MKD,49,Macedonia,1991,4.108779,2.333923
MKD,49,Macedonia,1992,4.120336,2.320693
MKD,49,Macedonia,1993,4.131278,2.386840
MKD,49,Macedonia,1994,4.145883,2.356696
MKD,49,Macedonia,1995,4.159607,2.453094
MKD,49,Macedonia,1996,4.174655,2.322889
MKD,49,Macedonia,1997,4.192486,2.342978
MKD,49,Macedonia,1998,4.210631,2.357887
MKD,49,Macedonia,1999,4.229718,2.434224
MKD,49,Macedonia,2000,4.245219,2.439643
MKD,49,Macedonia,2001,4.262818,2.525942
MKD,49,Macedonia,2002,4.284924,2.585431
MKD,49,Macedonia,2003,4.312129,2.608824
MKD,49,Macedonia,2004,4.340727,2.508000
MKD,49,Macedonia,2005,4.371280,2.513704
MKD,49,Macedonia,2006,4.398806,2.572408
MKD,49,Macedonia,2007,4.426871,2.542108
MKD,49,Macedonia,2008,4.494175,2.579234
MKD,49,Macedonia,2009,4.551645,2.554573
MKD,49,Macedonia,2010,4.623112,2.554262
MKD,49,Macedonia,2011,4.726453,2.510844
MKD,49,Macedonia,2012,4.792659,2.592954
MKD,49,Macedonia,2013,4.813498,2.491608
MKD,49,Macedonia,2014,4.823092,2.567263
MKD,49,Macedonia,2015,4.852661,2.588487
MKD,49,Macedonia,2016,4.870076,2.549154
MKD,49,Macedonia,2017,4.861626,2.564742
MKD,49,Macedonia,2018,4.848277,2.572082
MKD,49,Macedonia,2019,4.859566,2.594475
MKD,49,Macedonia,2020,5.851676,3.057419
MKD,49,Macedonia,2021,6.010713,3.109859
MKD,49,Macedonia,2022,6.118333,3.028438
MKD,49,Macedonia,2023,7.126075,3.095596
MLI,211,Mali,1990,3.286027,2.075761
MLI,211,Mali,1991,3.327064,2.065140
MLI,211,Mali,1992,3.368095,2.111959
MLI,211,Mali,1993,3.429163,2.056383
MLI,211,Mali,1994,3.508666,2.178023
MLI,211,Mali,1995,3.588518,2.072801
MLI,211,Mali,1996,3.664498,1.991862
MLI,211,Mali,1997,3.736401,2.181765
MLI,211,Mali,1998,3.821198,2.124426
MLI,211,Mali,1999,3.919397,2.131735
MLI,211,Mali,2000,4.018473,2.201011
MLI,211,Mali,2001,4.081940,2.193886
MLI,211,Mali,2002,4.146684,2.184569
MLI,211,Mali,2003,4.183661,2.177902
MLI,211,Mali,2004,4.193987,2.112482
MLI,211,Mali,2005,4.203785,2.133190
MLI,211,Mali,2006,4.214289,2.126488
MLI,211,Mali,2007,4.210061,2.094870
MLI,211,Mali,2008,4.190400,2.128174
MLI,211,Mali,2009,4.143021,2.138168
MLI,211,Mali,2010,4.103777,2.127463
MLI,211,Mali,2011,4.082792,2.134537
MLI,211,Mali,2012,4.106776,2.154939
MLI,211,Mali,2013,4.195074,2.166354
MLI,211,Mali,2014,4.263963,2.168641
MLI,211,Mali,2015,4.397098,2.191396
MLI,211,Mali,2016,4.571002,2.193929
MLI,211,Mali,2017,4.736573,2.208037
MLI,211,Mali,2018,4.889036,2.223805
MLI,211,Mali,2019,4.991968,2.240142
MLI,211,Mali,2020,6.540128,2.734371
MLI,211,Mali,2021,6.695303,2.779289
MLI,211,Mali,2022,6.911928,2.727301
MLI,211,Mali,2023,8.170237,2.757727
MLT,88,Malta,1990,6.887939,2.359539
MLT,88,Malta,1991,6.777897,2.475386
MLT,88,Malta,1992,6.671839,2.479067
MLT,88,Malta,1993,6.581529,2.425032
MLT,88,Malta,1994,6.506915,2.488228
MLT,88,Malta,1995,6.435114,2.547733
MLT,88,Malta,1996,6.365722,2.387730
MLT,88,Malta,1997,6.298355,2.448870
MLT,88,Malta,1998,6.247364,2.459364
MLT,88,Malta,1999,6.211677,2.416464
MLT,88,Malta,2000,6.177213,2.424926
MLT,88,Malta,2001,6.190294,2.432508
MLT,88,Malta,2002,6.203620,2.442201
MLT,88,Malta,2003,6.273429,2.450553
MLT,88,Malta,2004,6.398105,2.456390
MLT,88,Malta,2005,6.520862,2.462822
MLT,88,Malta,2006,6.677414,2.470281
MLT,88,Malta,2007,6.831468,2.476662
MLT,88,Malta,2008,7.057876,2.483174
MLT,88,Malta,2009,7.369967,2.488677
MLT,88,Malta,2010,7.667589,2.493124
MLT,88,Malta,2011,7.915616,2.501903
MLT,88,Malta,2012,8.174653,2.509849
MLT,88,Malta,2013,8.385784,2.520431
MLT,88,Malta,2014,8.614274,2.532219
MLT,88,Malta,2015,8.828649,2.544254
MLT,88,Malta,2016,9.010544,2.557309
MLT,88,Malta,2017,9.170794,2.691031
MLT,88,Malta,2018,9.313999,2.585279
MLT,88,Malta,2019,9.474961,2.658096
MLT,88,Malta,2020,11.220813,3.034218
MLT,88,Malta,2021,11.316119,2.993676
MLT,88,Malta,2022,11.912332,2.961437
MLT,88,Malta,2023,13.260328,3.006060
MMR,15,Birmania,1990,1.832238,1.655464
MMR,15,Birmania,1991,1.823095,1.674828
MMR,15,Birmania,1992,1.813470,1.688983
MMR,15,Birmania,1993,1.801726,1.689692
MMR,15,Birmania,1994,1.788094,1.720134
MMR,15,Birmania,1995,1.774058,1.726805
MMR,15,Birmania,1996,1.759736,1.744002
MMR,15,Birmania,1997,1.745197,1.768279
MMR,15,Birmania,1998,1.730219,1.783389
MMR,15,Birmania,1999,1.714914,1.803472
MMR,15,Birmania,2000,1.699905,1.827167
MMR,15,Birmania,2001,1.690471,1.848336
MMR,15,Birmania,2002,1.681827,1.881482
MMR,15,Birmania,2003,1.679069,1.909382
MMR,15,Birmania,2004,1.681851,1.943535
MMR,15,Birmania,2005,1.685023,1.985180
MMR,15,Birmania,2006,1.689015,2.028423
MMR,15,Birmania,2007,1.693369,2.078310
MMR,15,Birmania,2008,1.702152,2.114979
MMR,15,Birmania,2009,1.716530,2.177607
MMR,15,Birmania,2010,1.731646,2.222596
MMR,15,Birmania,2011,1.746867,2.282689
MMR,15,Birmania,2012,1.765948,2.337986
MMR,15,Birmania,2013,1.783653,2.386630
MMR,15,Birmania,2014,1.797088,2.444086
MMR,15,Birmania,2015,1.838978,2.503316
MMR,15,Birmania,2016,1.870114,2.516959
MMR,15,Birmania,2017,1.920689,2.564846
MMR,15,Birmania,2018,1.996747,2.575710
MMR,15,Birmania,2019,2.045508,2.603204
MMR,15,Birmania,2020,2.481263,3.023077
MMR,15,Birmania,2021,2.650245,3.103610
MMR,15,Birmania,2022,2.691707,3.090550
MMR,15,Birmania,2023,3.184058,3.117664
MNE,50,Montenegro,1990,5.075765,2.268905
MNE,50,Montenegro,1991,5.083312,2.274518
MNE,50,Montenegro,1992,5.100005,2.288298
MNE,50,Montenegro,1993,5.119788,2.302702
MNE,50,Montenegro,1994,5.141121,2.317383
MNE,50,Montenegro,1995,5.161001,2.332356
MNE,50,Montenegro,1996,5.168937,2.338310
MNE,50,Montenegro,1997,5.192123,2.356814
MNE,50,Montenegro,1998,5.212571,2.372283
MNE,50,Montenegro,1999,5.235951,2.386931
MNE,50,Montenegro,2000,5.252910,2.504486
MNE,50,Montenegro,2001,5.273852,2.511156
MNE,50,Montenegro,2002,5.296239,2.466747
MNE,50,Montenegro,2003,5.333871,2.534662
MNE,50,Montenegro,2004,5.360740,2.479543
MNE,50,Montenegro,2005,5.391560,2.427641
MNE,50,Montenegro,2006,5.447559,2.453877
MNE,50,Montenegro,2007,5.474054,2.446600
MNE,50,Montenegro,2008,5.521607,2.444147
MNE,50,Montenegro,2009,5.588900,2.464804
MNE,50,Montenegro,2010,5.640266,2.461582
MNE,50,Montenegro,2011,5.680951,2.474281
MNE,50,Montenegro,2012,5.709473,2.486884
MNE,50,Montenegro,2013,5.707781,2.503430
MNE,50,Montenegro,2014,5.703279,2.515903
MNE,50,Montenegro,2015,5.714071,2.533506
MNE,50,Montenegro,2016,5.739499,2.550693
MNE,50,Montenegro,2017,5.752771,2.540778
MNE,50,Montenegro,2018,5.756668,2.699664
MNE,50,Montenegro,2019,5.719048,2.556407
MNE,50,Montenegro,2020,6.884132,3.090703
MNE,50,Montenegro,2021,7.097918,3.168169
MNE,50,Montenegro,2022,7.243123,3.201401
MNE,50,Montenegro,2023,8.439879,3.099155
MNG,38,Mongolia,1990,2.599584,2.204082
MNG,38,Mongolia,1991,2.612272,2.212979
MNG,38,Mongolia,1992,2.627511,2.222785
MNG,38,Mongolia,1993,2.649078,2.234627
MNG,38,Mongolia,1994,2.677325,2.406716
MNG,38,Mongolia,1995,2.710057,2.265434
MNG,38,Mongolia,1996,2.742929,2.356848
MNG,38,Mongolia,1997,2.774923,2.379049
MNG,38,Mongolia,1998,2.806594,2.331857
MNG,38,Mongolia,1999,2.838066,2.359737
MNG,38,Mongolia,2000,2.867627,2.390703
MNG,38,Mongolia,2001,2.894571,2.427388
MNG,38,Mongolia,2002,2.917150,2.463207
MNG,38,Mongolia,2003,2.937979,2.497904
MNG,38,Mongolia,2004,2.958249,2.534553
MNG,38,Mongolia,2005,2.974244,2.569660
MNG,38,Mongolia,2006,2.985650,2.601935
MNG,38,Mongolia,2007,2.992495,2.628740
MNG,38,Mongolia,2008,2.999924,2.649694
MNG,38,Mongolia,2009,2.995959,2.666851
MNG,38,Mongolia,2010,2.993652,2.679543
MNG,38,Mongolia,2011,2.991990,2.689733
MNG,38,Mongolia,2012,2.997480,2.694768
MNG,38,Mongolia,2013,3.014842,2.698062
MNG,38,Mongolia,2014,3.049997,2.700636
MNG,38,Mongolia,2015,3.094034,2.701454
MNG,38,Mongolia,2016,3.115309,2.700432
MNG,38,Mongolia,2017,3.142533,2.699863
MNG,38,Mongolia,2018,3.148914,2.700386
MNG,38,Mongolia,2019,3.164369,2.702470
MNG,38,Mongolia,2020,3.679654,3.100154
MNG,38,Mongolia,2021,3.905884,3.233780
MNG,38,Mongolia,2022,3.906444,3.127761
MNG,38,Mongolia,2023,4.471943,3.175678
MNP,376,Islas Marianas del Norte,1990,3.005672,2.170069
MNP,376,Islas Marianas del Norte,1991,2.949397,2.184733
MNP,376,Islas Marianas del Norte,1992,2.900678,2.179336
MNP,376,Islas Marianas del Norte,1993,2.864256,2.165199
MNP,376,Islas Marianas del Norte,1994,2.844312,2.157440
MNP,376,Islas Marianas del Norte,1995,2.840746,2.167505
MNP,376,Islas Marianas del Norte,1996,2.850821,2.196879
MNP,376,Islas Marianas del Norte,1997,2.869730,2.235044
MNP,376,Islas Marianas del Norte,1998,2.883690,2.274250
MNP,376,Islas Marianas del Norte,1999,2.880844,2.309472
MNP,376,Islas Marianas del Norte,2000,2.852647,2.337299
MNP,376,Islas Marianas del Norte,2001,2.817696,2.352391
MNP,376,Islas Marianas del Norte,2002,2.788963,2.352397
MNP,376,Islas Marianas del Norte,2003,2.786732,2.354408
MNP,376,Islas Marianas del Norte,2004,2.816941,2.526154
MNP,376,Islas Marianas del Norte,2005,2.859821,2.574504
MNP,376,Islas Marianas del Norte,2006,2.900633,2.534909
MNP,376,Islas Marianas del Norte,2007,2.934236,2.842393
MNP,376,Islas Marianas del Norte,2008,2.958670,2.640807
MNP,376,Islas Marianas del Norte,2009,2.993983,2.685114
MNP,376,Islas Marianas del Norte,2010,3.036785,2.726075
MNP,376,Islas Marianas del Norte,2011,3.078425,2.683212
MNP,376,Islas Marianas del Norte,2012,3.137551,2.717714
MNP,376,Islas Marianas del Norte,2013,3.193193,2.745781
MNP,376,Islas Marianas del Norte,2014,3.246945,2.782105
MNP,376,Islas Marianas del Norte,2015,3.306569,2.824906
MNP,376,Islas Marianas del Norte,2016,3.352169,2.862404
MNP,376,Islas Marianas del Norte,2017,3.400650,2.898749
MNP,376,Islas Marianas del Norte,2018,3.445950,2.928549
MNP,376,Islas Marianas del Norte,2019,3.486320,2.954737
MNP,376,Islas Marianas del Norte,2020,4.171986,3.494612
MNP,376,Islas Marianas del Norte,2021,4.371395,3.625066
MNP,376,Islas Marianas del Norte,2022,4.463723,3.542268
MNP,376,Islas Marianas del Norte,2023,5.172644,3.630407
MOZ,184,Mozambique,1990,4.306171,2.606812
MOZ,184,Mozambique,1991,4.302523,2.596401
MOZ,184,Mozambique,1992,4.296092,2.581916
MOZ,184,Mozambique,1993,4.288844,2.526896
MOZ,184,Mozambique,1994,4.275835,2.519519
MOZ,184,Mozambique,1995,4.248874,2.468140
MOZ,184,Mozambique,1996,4.222695,2.344422
MOZ,184,Mozambique,1997,4.204486,2.333311
MOZ,184,Mozambique,1998,4.187566,2.280907
MOZ,184,Mozambique,1999,4.173001,2.233669
MOZ,184,Mozambique,2000,4.162160,2.307341
MOZ,184,Mozambique,2001,4.154522,2.217706
MOZ,184,Mozambique,2002,4.147633,2.349888
MOZ,184,Mozambique,2003,4.145133,2.241735
MOZ,184,Mozambique,2004,4.147028,2.326662
MOZ,184,Mozambique,2005,4.150774,2.348333
MOZ,184,Mozambique,2006,4.154107,2.320241
MOZ,184,Mozambique,2007,4.129008,2.372393
MOZ,184,Mozambique,2008,4.122856,2.275345
MOZ,184,Mozambique,2009,4.091727,2.268382
MOZ,184,Mozambique,2010,4.061608,2.321731
MOZ,184,Mozambique,2011,4.051700,2.178031
MOZ,184,Mozambique,2012,4.061466,2.305687
MOZ,184,Mozambique,2013,4.110321,2.334241
MOZ,184,Mozambique,2014,4.154562,2.324643
MOZ,184,Mozambique,2015,4.212030,2.381641
MOZ,184,Mozambique,2016,4.291399,2.401560
MOZ,184,Mozambique,2017,4.393275,2.378018
MOZ,184,Mozambique,2018,4.478253,2.430296
MOZ,184,Mozambique,2019,4.526055,2.441436
MOZ,184,Mozambique,2020,5.465051,2.890530
MOZ,184,Mozambique,2021,5.784235,3.030865
MOZ,184,Mozambique,2022,5.897945,2.941973
MOZ,184,Mozambique,2023,6.769245,2.985703
MRT,212,Mauritania,1990,2.840780,2.150839
MRT,212,Mauritania,1991,2.874213,2.084243
MRT,212,Mauritania,1992,2.907683,2.145829
MRT,212,Mauritania,1993,2.956952,2.089205
MRT,212,Mauritania,1994,3.021246,2.036891
MRT,212,Mauritania,1995,3.085186,2.039173
MRT,212,Mauritania,1996,3.148098,2.043031
MRT,212,Mauritania,1997,3.209609,2.147726
MRT,212,Mauritania,1998,3.281390,2.135196
MRT,212,Mauritania,1999,3.363071,2.137960
MRT,212,Mauritania,2000,3.443441,2.138943
MRT,212,Mauritania,2001,3.493285,2.115512
MRT,212,Mauritania,2002,3.541681,2.078309
MRT,212,Mauritania,2003,3.565400,2.178990
MRT,212,Mauritania,2004,3.565864,2.067015
MRT,212,Mauritania,2005,3.565655,2.243873
MRT,212,Mauritania,2006,3.565909,2.126809
MRT,212,Mauritania,2007,3.558903,2.234259
MRT,212,Mauritania,2008,3.533594,2.248200
MRT,212,Mauritania,2009,3.487632,2.222789
MRT,212,Mauritania,2010,3.439456,2.283662
MRT,212,Mauritania,2011,3.419712,2.306366
MRT,212,Mauritania,2012,3.415016,2.279511
MRT,212,Mauritania,2013,3.439207,2.288479
MRT,212,Mauritania,2014,3.478027,2.215513
MRT,212,Mauritania,2015,3.534565,2.302190
MRT,212,Mauritania,2016,3.618629,2.177815
MRT,212,Mauritania,2017,3.722273,2.292785
MRT,212,Mauritania,2018,3.863299,2.307331
MRT,212,Mauritania,2019,4.012150,2.226459
MRT,212,Mauritania,2020,5.354134,2.890870
MRT,212,Mauritania,2021,5.494947,2.770126
MRT,212,Mauritania,2022,5.721935,2.830308
MRT,212,Mauritania,2023,6.872333,2.896031
MUS,183,Mauricio,1990,1.906276,2.885850
MUS,183,Mauricio,1991,1.892800,2.849226
MUS,183,Mauricio,1992,1.878749,2.883580
MUS,183,Mauricio,1993,1.863371,2.918500
MUS,183,Mauricio,1994,1.847474,2.958413
MUS,183,Mauricio,1995,1.832853,2.996762
MUS,183,Mauricio,1996,1.819869,3.037358
MUS,183,Mauricio,1997,1.808398,3.079024
MUS,183,Mauricio,1998,1.797273,3.121793
MUS,183,Mauricio,1999,1.786069,3.165733
MUS,183,Mauricio,2000,1.775147,3.208881
MUS,183,Mauricio,2001,1.769003,3.395649
MUS,183,Mauricio,2002,1.763400,3.298751
MUS,183,Mauricio,2003,1.762320,3.582110
MUS,183,Mauricio,2004,1.766139,3.463510
MUS,183,Mauricio,2005,1.770124,3.669833
MUS,183,Mauricio,2006,1.775140,3.723195
MUS,183,Mauricio,2007,1.779593,3.768091
MUS,183,Mauricio,2008,1.788713,3.755047
MUS,183,Mauricio,2009,1.801434,3.949731
MUS,183,Mauricio,2010,1.814976,3.934762
MUS,183,Mauricio,2011,1.828978,3.966849
MUS,183,Mauricio,2012,1.837735,4.129190
MUS,183,Mauricio,2013,1.846866,4.185272
MUS,183,Mauricio,2014,1.844899,4.226655
MUS,183,Mauricio,2015,1.839316,4.329882
MUS,183,Mauricio,2016,1.834339,4.204414
MUS,183,Mauricio,2017,1.821678,4.258405
MUS,183,Mauricio,2018,1.822935,4.232464
MUS,183,Mauricio,2019,1.790744,4.188739
MUS,183,Mauricio,2020,1.978005,5.028376
MUS,183,Mauricio,2021,2.057400,5.283947
MUS,183,Mauricio,2022,2.044742,5.371177
MUS,183,Mauricio,2023,2.315649,5.494254
MWI,182,Malaui,1990,2.590709,2.295873
MWI,182,Malaui,1991,2.586000,2.300245
MWI,182,Malaui,1992,2.580633,2.435634
MWI,182,Malaui,1993,2.573732,2.307405
MWI,182,Malaui,1994,2.567931,2.367422
MWI,182,Malaui,1995,2.566477,2.370280
MWI,182,Malaui,1996,2.563959,2.313742
MWI,182,Malaui,1997,2.556034,2.311814
MWI,182,Malaui,1998,2.546810,2.307706
MWI,182,Malaui,1999,2.537167,2.302858
MWI,182,Malaui,2000,2.526202,2.388125
MWI,182,Malaui,2001,2.517339,2.388824
MWI,182,Malaui,2002,2.511316,2.418374
MWI,182,Malaui,2003,2.508548,2.371054
MWI,182,Malaui,2004,2.508128,2.369717
MWI,182,Malaui,2005,2.507254,2.320939
MWI,182,Malaui,2006,2.508106,2.279745
MWI,182,Malaui,2007,2.491399,2.283144
MWI,182,Malaui,2008,2.504338,2.391926
MWI,182,Malaui,2009,2.498398,2.296538
MWI,182,Malaui,2010,2.532403,2.349502
MWI,182,Malaui,2011,2.589205,2.450802
MWI,182,Malaui,2012,2.660312,2.329326
MWI,182,Malaui,2013,2.786458,2.488303
MWI,182,Malaui,2014,2.857384,2.529526
MWI,182,Malaui,2015,2.928059,2.554001
MWI,182,Malaui,2016,3.037902,2.645321
MWI,182,Malaui,2017,3.150868,2.686832
MWI,182,Malaui,2018,3.284938,2.669335
MWI,182,Malaui,2019,3.378810,2.726358
MWI,182,Malaui,2020,4.350311,3.287271
MWI,182,Malaui,2021,4.826888,3.263056
MWI,182,Malaui,2022,4.799891,3.379241
MWI,182,Malaui,2023,5.878917,3.352986
MYS,13,Malasia,1990,1.630816,1.998571
MYS,13,Malasia,1991,1.620023,2.015250
MYS,13,Malasia,1992,1.608568,1.986949
MYS,13,Malasia,1993,1.595646,2.003504
MYS,13,Malasia,1994,1.582197,2.019932
MYS,13,Malasia,1995,1.569737,2.037359
MYS,13,Malasia,1996,1.558329,2.060078
MYS,13,Malasia,1997,1.547871,2.185710
MYS,13,Malasia,1998,1.537895,2.109994
MYS,13,Malasia,1999,1.527759,2.187634
MYS,13,Malasia,2000,1.517802,2.316524
MYS,13,Malasia,2001,1.513430,2.310967
MYS,13,Malasia,2002,1.510107,2.307255
MYS,13,Malasia,2003,1.511868,2.523261
MYS,13,Malasia,2004,1.518158,2.424119
MYS,13,Malasia,2005,1.523648,2.592444
MYS,13,Malasia,2006,1.528243,2.667024
MYS,13,Malasia,2007,1.517056,2.736552
MYS,13,Malasia,2008,1.523249,2.760579
MYS,13,Malasia,2009,1.514499,2.947894
MYS,13,Malasia,2010,1.513611,2.982606
MYS,13,Malasia,2011,1.529343,3.044392
MYS,13,Malasia,2012,1.564437,3.206826
MYS,13,Malasia,2013,1.619366,3.344447
MYS,13,Malasia,2014,1.659414,3.350117
MYS,13,Malasia,2015,1.712781,3.489784
MYS,13,Malasia,2016,1.751159,3.546862
MYS,13,Malasia,2017,1.763133,3.539775
MYS,13,Malasia,2018,1.765816,3.612636
MYS,13,Malasia,2019,1.764189,3.617078
MYS,13,Malasia,2020,1.989600,3.935942
MYS,13,Malasia,2021,2.233607,4.551822
MYS,13,Malasia,2022,2.161544,4.234174
MYS,13,Malasia,2023,2.478358,4.143274
NAM,195,Namibia,1990,2.742306,2.187330
NAM,195,Namibia,1991,2.747957,2.269567
NAM,195,Namibia,1992,2.753988,2.098806
NAM,195,Namibia,1993,2.761934,2.108133
NAM,195,Namibia,1994,2.772362,2.113784
NAM,195,Namibia,1995,2.784097,2.073232
NAM,195,Namibia,1996,2.796995,2.179684
NAM,195,Namibia,1997,2.811106,2.085420
NAM,195,Namibia,1998,2.826214,2.263280
NAM,195,Namibia,1999,2.842427,2.240292
NAM,195,Namibia,2000,2.857872,2.294938
NAM,195,Namibia,2001,2.871227,2.318687
NAM,195,Namibia,2002,2.884180,2.320103
NAM,195,Namibia,2003,2.894889,2.363241
NAM,195,Namibia,2004,2.902963,2.238180
NAM,195,Namibia,2005,2.909854,2.259488
NAM,195,Namibia,2006,2.915725,2.232151
NAM,195,Namibia,2007,2.916815,2.195268
NAM,195,Namibia,2008,2.935352,2.211560
NAM,195,Namibia,2009,2.956139,2.226900
NAM,195,Namibia,2010,2.999844,2.241649
NAM,195,Namibia,2011,3.080320,2.253966
NAM,195,Namibia,2012,3.172161,2.365131
NAM,195,Namibia,2013,3.271084,2.279627
NAM,195,Namibia,2014,3.356038,2.442597
NAM,195,Namibia,2015,3.433776,2.458019
NAM,195,Namibia,2016,3.513292,2.361441
NAM,195,Namibia,2017,3.590160,2.524547
NAM,195,Namibia,2018,3.640622,2.384336
NAM,195,Namibia,2019,3.718102,2.499592
NAM,195,Namibia,2020,4.708187,2.925002
NAM,195,Namibia,2021,5.034401,2.961085
NAM,195,Namibia,2022,5.036476,3.037831
NAM,195,Namibia,2023,6.148616,3.003909
NER,213,Níger,1990,2.732519,2.078067
NER,213,Níger,1991,2.774953,2.122424
NER,213,Níger,1992,2.814349,2.186364
NER,213,Níger,1993,2.866480,2.170050
NER,213,Níger,1994,2.930341,2.182015
NER,213,Níger,1995,2.989633,2.177474
NER,213,Níger,1996,3.044158,2.168472
NER,213,Níger,1997,3.095004,2.194085
NER,213,Níger,1998,3.155189,2.194754
NER,213,Níger,1999,3.226155,2.169913
NER,213,Níger,2000,3.297217,2.158082
NER,213,Níger,2001,3.338592,2.154724
NER,213,Níger,2002,3.382781,2.131724
NER,213,Níger,2003,3.406502,2.035444
NER,213,Níger,2004,3.409174,2.125548
NER,213,Níger,2005,3.412550,2.067322
NER,213,Níger,2006,3.417238,2.070985
NER,213,Níger,2007,3.399636,2.132281
NER,213,Níger,2008,3.392133,2.118871
NER,213,Níger,2009,3.318357,2.114236
NER,213,Níger,2010,3.282716,2.123384
NER,213,Níger,2011,3.283770,2.111179
NER,213,Níger,2012,3.297693,2.076631
NER,213,Níger,2013,3.409653,2.108638
NER,213,Níger,2014,3.520891,2.112264
NER,213,Níger,2015,3.683185,2.131373
NER,213,Níger,2016,3.872491,2.162511
NER,213,Níger,2017,4.058296,2.169635
NER,213,Níger,2018,4.274485,2.185429
NER,213,Níger,2019,4.434466,2.214914
NER,213,Níger,2020,5.910490,2.692928
NER,213,Níger,2021,5.923034,2.712077
NER,213,Níger,2022,6.231525,2.686098
NER,213,Níger,2023,7.268601,2.721564
NGA,214,Nigeria,1990,2.786284,2.503280
NGA,214,Nigeria,1991,2.815198,2.511081
NGA,214,Nigeria,1992,2.842504,2.525723
NGA,214,Nigeria,1993,2.883206,2.520321
NGA,214,Nigeria,1994,2.937011,2.607773
NGA,214,Nigeria,1995,2.988894,2.527618
NGA,214,Nigeria,1996,3.038527,2.675700
NGA,214,Nigeria,1997,3.086445,2.674329
NGA,214,Nigeria,1998,3.143856,2.661500
NGA,214,Nigeria,1999,3.211509,2.681592
NGA,214,Nigeria,2000,3.278475,2.784803
NGA,214,Nigeria,2001,3.327333,2.739427
NGA,214,Nigeria,2002,3.377266,2.788036
NGA,214,Nigeria,2003,3.415676,2.761157
NGA,214,Nigeria,2004,3.442137,2.794332
NGA,214,Nigeria,2005,3.468884,2.784567
NGA,214,Nigeria,2006,3.496830,2.763591
NGA,214,Nigeria,2007,3.525167,2.788966
NGA,214,Nigeria,2008,3.585857,2.798691
NGA,214,Nigeria,2009,3.600176,2.739071
NGA,214,Nigeria,2010,3.656035,2.793909
NGA,214,Nigeria,2011,3.760215,2.740796
NGA,214,Nigeria,2012,3.854087,2.724514
NGA,214,Nigeria,2013,4.008886,2.762743
NGA,214,Nigeria,2014,4.220935,2.778841
NGA,214,Nigeria,2015,4.468339,2.785678
NGA,214,Nigeria,2016,4.699928,2.796412
NGA,214,Nigeria,2017,4.845910,2.839302
NGA,214,Nigeria,2018,4.951209,2.822815
NGA,214,Nigeria,2019,5.037165,2.845734
NGA,214,Nigeria,2020,6.369864,3.392923
NGA,214,Nigeria,2021,6.512186,3.445122
NGA,214,Nigeria,2022,6.841031,3.458206
NGA,214,Nigeria,2023,7.746428,3.515659
NIC,131,Nicaragua,1990,3.249040,2.117072
NIC,131,Nicaragua,1991,3.293667,2.086163
NIC,131,Nicaragua,1992,3.338650,2.119538
NIC,131,Nicaragua,1993,3.391686,2.108734
NIC,131,Nicaragua,1994,3.452855,2.121488
NIC,131,Nicaragua,1995,3.515527,2.144562
NIC,131,Nicaragua,1996,3.580495,2.154816
NIC,131,Nicaragua,1997,3.648143,2.175542
NIC,131,Nicaragua,1998,3.720101,2.066971
NIC,131,Nicaragua,1999,3.800091,2.090113
NIC,131,Nicaragua,2000,3.880981,2.166778
NIC,131,Nicaragua,2001,3.952312,2.024146
NIC,131,Nicaragua,2002,4.025011,2.094580
NIC,131,Nicaragua,2003,4.089501,2.218307
NIC,131,Nicaragua,2004,4.145180,2.084563
NIC,131,Nicaragua,2005,4.199774,2.149754
NIC,131,Nicaragua,2006,4.255176,2.164207
NIC,131,Nicaragua,2007,4.308056,2.131555
NIC,131,Nicaragua,2008,4.359800,2.143236
NIC,131,Nicaragua,2009,4.400217,2.150723
NIC,131,Nicaragua,2010,4.433338,2.159224
NIC,131,Nicaragua,2011,4.471790,2.172390
NIC,131,Nicaragua,2012,4.500386,2.183888
NIC,131,Nicaragua,2013,4.524496,2.198362
NIC,131,Nicaragua,2014,4.562268,2.341617
NIC,131,Nicaragua,2015,4.602174,2.233254
NIC,131,Nicaragua,2016,4.663953,2.309312
NIC,131,Nicaragua,2017,4.701732,2.326157
NIC,131,Nicaragua,2018,4.729640,2.444842
NIC,131,Nicaragua,2019,4.720623,2.451653
NIC,131,Nicaragua,2020,5.808279,3.143178
NIC,131,Nicaragua,2021,5.891300,3.282274
NIC,131,Nicaragua,2022,6.119826,3.181401
NIC,131,Nicaragua,2023,7.128484,3.268687
NIU,374,Niue,1990,3.066547,2.092096
NIU,374,Niue,1991,3.075372,2.125080
NIU,374,Niue,1992,3.082460,2.162316
NIU,374,Niue,1993,3.080157,2.197417
NIU,374,Niue,1994,3.071868,2.230677
NIU,374,Niue,1995,3.062596,2.262505
NIU,374,Niue,1996,3.050982,2.295983
NIU,374,Niue,1997,3.037362,2.330691
NIU,374,Niue,1998,3.027965,2.363921
NIU,374,Niue,1999,3.021859,2.396538
NIU,374,Niue,2000,3.016863,2.428290
NIU,374,Niue,2001,3.016609,2.461200
NIU,374,Niue,2002,3.009165,2.495427
NIU,374,Niue,2003,3.006765,2.529480
NIU,374,Niue,2004,3.009250,2.560439
NIU,374,Niue,2005,3.011496,2.588161
NIU,374,Niue,2006,3.013998,2.613594
NIU,374,Niue,2007,3.021804,2.636786
NIU,374,Niue,2008,3.032842,2.659473
NIU,374,Niue,2009,3.057957,2.682163
NIU,374,Niue,2010,3.086740,2.704722
NIU,374,Niue,2011,3.111899,2.729876
NIU,374,Niue,2012,3.157262,2.756947
NIU,374,Niue,2013,3.206631,2.786141
NIU,374,Niue,2014,3.261818,2.816804
NIU,374,Niue,2015,3.328882,2.847683
NIU,374,Niue,2016,3.384999,2.876097
NIU,374,Niue,2017,3.442200,2.905953
NIU,374,Niue,2018,3.491006,2.934797
NIU,374,Niue,2019,3.528700,2.961975
NIU,374,Niue,2020,4.215951,3.494029
NIU,374,Niue,2021,4.429348,3.631340
NIU,374,Niue,2022,4.506383,3.549885
NIU,374,Niue,2023,5.223809,3.636247
NLD,89,Holanda,1990,6.992260,5.254374
NLD,89,Holanda,1991,6.942793,5.012681
NLD,89,Holanda,1992,6.889107,4.989228
NLD,89,Holanda,1993,6.832576,4.973902
NLD,89,Holanda,1994,6.774921,4.848626
NLD,89,Holanda,1995,6.717889,5.071545
NLD,89,Holanda,1996,6.657974,4.813396
NLD,89,Holanda,1997,6.586920,4.892339
NLD,89,Holanda,1998,6.513735,4.855408
NLD,89,Holanda,1999,6.448265,4.713533
NLD,89,Holanda,2000,6.396686,4.798671
NLD,89,Holanda,2001,6.382295,4.912527
NLD,89,Holanda,2002,6.369258,4.963880
NLD,89,Holanda,2003,6.388474,4.860863
NLD,89,Holanda,2004,6.439682,5.139796
NLD,89,Holanda,2005,6.491312,4.837667
NLD,89,Holanda,2006,6.508923,5.087070
NLD,89,Holanda,2007,6.535497,5.177223
NLD,89,Holanda,2008,6.549562,5.223266
NLD,89,Holanda,2009,6.599991,5.399489
NLD,89,Holanda,2010,6.656779,5.465455
NLD,89,Holanda,2011,6.759264,5.271843
NLD,89,Holanda,2012,6.928809,5.337251
NLD,89,Holanda,2013,7.067724,5.524919
NLD,89,Holanda,2014,7.236095,5.647882
NLD,89,Holanda,2015,7.388578,5.453113
NLD,89,Holanda,2016,7.549491,5.985872
NLD,89,Holanda,2017,7.725311,5.671769
NLD,89,Holanda,2018,7.924018,5.932215
NLD,89,Holanda,2019,8.161184,5.745032
NLD,89,Holanda,2020,10.093990,6.944119
NLD,89,Holanda,2021,10.314752,7.011208
NLD,89,Holanda,2022,10.984506,6.811252
NLD,89,Holanda,2023,12.639733,7.220879
NOR,90,Noruega,1990,6.354384,2.957198
NOR,90,Noruega,1991,6.299318,2.988645
NOR,90,Noruega,1992,6.243013,2.952618
NOR,90,Noruega,1993,6.190015,2.969185
NOR,90,Noruega,1994,6.142618,2.974749
NOR,90,Noruega,1995,6.095409,2.964026
NOR,90,Noruega,1996,6.049179,2.967391
NOR,90,Noruega,1997,6.002822,2.970997
NOR,90,Noruega,1998,5.962807,2.976537
NOR,90,Noruega,1999,5.928002,3.013634
NOR,90,Noruega,2000,5.895369,2.990349
NOR,90,Noruega,2001,5.876695,3.035011
NOR,90,Noruega,2002,5.859893,3.020468
NOR,90,Noruega,2003,5.859472,3.024250
NOR,90,Noruega,2004,5.874985,3.031463
NOR,90,Noruega,2005,5.891440,3.027658
NOR,90,Noruega,2006,5.903061,3.033793
NOR,90,Noruega,2007,5.891986,3.048693
NOR,90,Noruega,2008,5.881709,3.060955
NOR,90,Noruega,2009,5.942488,3.078213
NOR,90,Noruega,2010,5.972611,3.135515
NOR,90,Noruega,2011,6.070276,3.161872
NOR,90,Noruega,2012,6.240795,3.122909
NOR,90,Noruega,2013,6.380504,3.156170
NOR,90,Noruega,2014,6.449069,3.136411
NOR,90,Noruega,2015,6.485531,3.117159
NOR,90,Noruega,2016,6.571083,3.135117
NOR,90,Noruega,2017,6.729502,3.155061
NOR,90,Noruega,2018,6.883189,3.175869
NOR,90,Noruega,2019,6.980477,3.195652
NOR,90,Noruega,2020,7.950554,3.641722
NOR,90,Noruega,2021,8.092425,3.693514
NOR,90,Noruega,2022,8.415910,3.644100
NOR,90,Noruega,2023,9.306958,3.734952
NPL,164,Nepal,1990,1.970604,2.306214
NPL,164,Nepal,1991,1.971783,2.290516
NPL,164,Nepal,1992,1.973713,2.361815
NPL,164,Nepal,1993,1.977506,2.401595
NPL,164,Nepal,1994,1.983326,2.410030
NPL,164,Nepal,1995,1.990049,2.323479
NPL,164,Nepal,1996,1.997173,2.462694
NPL,164,Nepal,1997,2.005140,2.428231
NPL,164,Nepal,1998,2.015140,2.482357
NPL,164,Nepal,1999,2.027494,2.562091
NPL,164,Nepal,2000,2.040679,2.594978
NPL,164,Nepal,2001,2.055247,2.629455
NPL,164,Nepal,2002,2.071651,2.674803
NPL,164,Nepal,2003,2.090306,2.690620
NPL,164,Nepal,2004,2.110375,2.732212
NPL,164,Nepal,2005,2.131449,2.755859
NPL,164,Nepal,2006,2.153139,2.762863
NPL,164,Nepal,2007,2.179148,2.712088
NPL,164,Nepal,2008,2.209132,2.774326
NPL,164,Nepal,2009,2.252521,2.730048
NPL,164,Nepal,2010,2.300888,2.750227
NPL,164,Nepal,2011,2.361147,2.773310
NPL,164,Nepal,2012,2.452584,2.781929
NPL,164,Nepal,2013,2.542594,2.787628
NPL,164,Nepal,2014,2.647254,2.796824
NPL,164,Nepal,2015,2.783568,2.801138
NPL,164,Nepal,2016,2.915503,2.808102
NPL,164,Nepal,2017,3.045452,2.826796
NPL,164,Nepal,2018,3.144304,2.844076
NPL,164,Nepal,2019,3.229842,2.853317
NPL,164,Nepal,2020,4.107308,3.380962
NPL,164,Nepal,2021,4.347346,3.445189
NPL,164,Nepal,2022,4.476177,3.366072
NPL,164,Nepal,2023,5.343392,3.448845
NRU,369,Nauru,1990,2.913809,1.757092
NRU,369,Nauru,1991,2.907881,1.765640
NRU,369,Nauru,1992,2.902690,1.775845
NRU,369,Nauru,1993,2.896086,1.787868
NRU,369,Nauru,1994,2.887597,1.801335
NRU,369,Nauru,1995,2.879307,1.816526
NRU,369,Nauru,1996,2.869945,1.834226
NRU,369,Nauru,1997,2.859311,1.852465
NRU,369,Nauru,1998,2.845746,1.871558
NRU,369,Nauru,1999,2.830060,1.891109
NRU,369,Nauru,2000,2.813811,1.910201
NRU,369,Nauru,2001,2.805909,1.929939
NRU,369,Nauru,2002,2.797631,1.948083
NRU,369,Nauru,2003,2.797713,1.964730
NRU,369,Nauru,2004,2.806990,1.980874
NRU,369,Nauru,2005,2.816747,1.996225
NRU,369,Nauru,2006,2.827137,2.013001
NRU,369,Nauru,2007,2.841568,2.030289
NRU,369,Nauru,2008,2.857526,2.048557
NRU,369,Nauru,2009,2.886647,2.068041
NRU,369,Nauru,2010,2.918343,2.088395
NRU,369,Nauru,2011,2.944029,2.110780
NRU,369,Nauru,2012,2.989452,2.135406
NRU,369,Nauru,2013,3.037401,2.162379
NRU,369,Nauru,2014,3.090189,2.191285
NRU,369,Nauru,2015,3.155603,2.221645
NRU,369,Nauru,2016,3.211328,2.250824
NRU,369,Nauru,2017,3.270625,2.281901
NRU,369,Nauru,2018,3.322360,2.312944
NRU,369,Nauru,2019,3.362497,2.343583
NRU,369,Nauru,2020,4.101400,2.843943
NRU,369,Nauru,2021,4.319615,2.969877
NRU,369,Nauru,2022,4.379860,2.897452
NRU,369,Nauru,2023,5.115437,2.976730
NZL,72,Nueva Zelanda,1990,8.108874,3.188878
NZL,72,Nueva Zelanda,1991,8.155492,3.196703
NZL,72,Nueva Zelanda,1992,8.203153,3.202991
NZL,72,Nueva Zelanda,1993,8.262869,3.209022
NZL,72,Nueva Zelanda,1994,8.338968,3.216214
NZL,72,Nueva Zelanda,1995,8.418222,3.223064
NZL,72,Nueva Zelanda,1996,8.498957,3.228523
NZL,72,Nueva Zelanda,1997,8.581244,3.229927
NZL,72,Nueva Zelanda,1998,8.668558,3.232745
NZL,72,Nueva Zelanda,1999,8.755610,3.238453
NZL,72,Nueva Zelanda,2000,8.843918,3.251418
NZL,72,Nueva Zelanda,2001,8.927511,3.265826
NZL,72,Nueva Zelanda,2002,9.017567,3.282449
NZL,72,Nueva Zelanda,2003,9.134663,3.304282
NZL,72,Nueva Zelanda,2004,9.244960,3.321386
NZL,72,Nueva Zelanda,2005,9.339800,3.333048
NZL,72,Nueva Zelanda,2006,9.418345,3.344726
NZL,72,Nueva Zelanda,2007,9.474812,3.361526
NZL,72,Nueva Zelanda,2008,9.519378,3.379800
NZL,72,Nueva Zelanda,2009,9.544836,3.394820
NZL,72,Nueva Zelanda,2010,9.547975,3.405107
NZL,72,Nueva Zelanda,2011,9.531154,3.409459
NZL,72,Nueva Zelanda,2012,9.518562,3.412750
NZL,72,Nueva Zelanda,2013,9.474314,3.415536
NZL,72,Nueva Zelanda,2014,9.425765,3.418451
NZL,72,Nueva Zelanda,2015,9.342135,3.424839
NZL,72,Nueva Zelanda,2016,9.307426,3.432727
NZL,72,Nueva Zelanda,2017,9.284072,3.440611
NZL,72,Nueva Zelanda,2018,9.276939,3.447532
NZL,72,Nueva Zelanda,2019,9.245250,3.454031
NZL,72,Nueva Zelanda,2020,9.954838,3.820045
NZL,72,Nueva Zelanda,2021,9.911045,3.820378
NZL,72,Nueva Zelanda,2022,10.238771,3.791218
NZL,72,Nueva Zelanda,2023,10.770272,3.815215
OMN,150,Omán,1990,4.337112,2.294182
OMN,150,Omán,1991,4.368982,2.303577
OMN,150,Omán,1992,4.405550,2.315650
OMN,150,Omán,1993,4.443054,2.330926
OMN,150,Omán,1994,4.481985,2.350008
OMN,150,Omán,1995,4.525778,2.374174
OMN,150,Omán,1996,4.575523,2.404535
OMN,150,Omán,1997,4.629457,2.440758
OMN,150,Omán,1998,4.683210,2.482065
OMN,150,Omán,1999,4.733705,2.527084
OMN,150,Omán,2000,4.778434,2.574339
OMN,150,Omán,2001,4.808688,2.623886
OMN,150,Omán,2002,4.832510,2.674644
OMN,150,Omán,2003,4.836912,2.725109
OMN,150,Omán,2004,4.818987,2.772816
OMN,150,Omán,2005,4.786030,2.815643
OMN,150,Omán,2006,4.740620,2.855215
OMN,150,Omán,2007,4.690868,2.889863
OMN,150,Omán,2008,4.620267,2.920441
OMN,150,Omán,2009,4.539450,3.074729
OMN,150,Omán,2010,4.453693,2.968616
OMN,150,Omán,2011,4.349956,3.046076
OMN,150,Omán,2012,4.275570,3.060540
OMN,150,Omán,2013,4.188529,3.011671
OMN,150,Omán,2014,4.119411,3.021170
OMN,150,Omán,2015,4.080843,3.029802
OMN,150,Omán,2016,4.028140,3.038864
OMN,150,Omán,2017,3.975968,3.048364
OMN,150,Omán,2018,3.906771,3.103527
OMN,150,Omán,2019,3.845165,3.116311
OMN,150,Omán,2020,4.666575,3.837712
OMN,150,Omán,2021,4.711781,4.088546
OMN,150,Omán,2022,4.799097,3.771160
OMN,150,Omán,2023,5.585460,3.971001
PAK,165,Pakistán,1990,2.386018,2.913291
PAK,165,Pakistán,1991,2.389788,2.893911
PAK,165,Pakistán,1992,2.393530,2.896827
PAK,165,Pakistán,1993,2.398706,2.923507
PAK,165,Pakistán,1994,2.405512,2.940729
PAK,165,Pakistán,1995,2.412896,3.012424
PAK,165,Pakistán,1996,2.420993,2.972507
PAK,165,Pakistán,1997,2.430444,3.034042
PAK,165,Pakistán,1998,2.441986,3.048184
PAK,165,Pakistán,1999,2.455401,3.084418
PAK,165,Pakistán,2000,2.468185,3.079937
PAK,165,Pakistán,2001,2.481443,3.087183
PAK,165,Pakistán,2002,2.496211,3.128585
PAK,165,Pakistán,2003,2.511901,3.133192
PAK,165,Pakistán,2004,2.527224,3.160117
PAK,165,Pakistán,2005,2.541068,3.183037
PAK,165,Pakistán,2006,2.577250,3.249593
PAK,165,Pakistán,2007,2.607481,3.257205
PAK,165,Pakistán,2008,2.656185,3.303932
PAK,165,Pakistán,2009,2.722323,3.373868
PAK,165,Pakistán,2010,2.767489,3.388752
PAK,165,Pakistán,2011,2.802500,3.407690
PAK,165,Pakistán,2012,2.820115,3.438768
PAK,165,Pakistán,2013,2.840462,3.447645
PAK,165,Pakistán,2014,2.869465,3.467523
PAK,165,Pakistán,2015,2.887464,3.485280
PAK,165,Pakistán,2016,2.900381,3.497759
PAK,165,Pakistán,2017,2.922064,3.500647
PAK,165,Pakistán,2018,2.964682,3.512592
PAK,165,Pakistán,2019,2.990153,3.510971
PAK,165,Pakistán,2020,3.853675,4.350230
PAK,165,Pakistán,2021,3.918645,4.374899
PAK,165,Pakistán,2022,4.102533,4.276636
PAK,165,Pakistán,2023,4.921207,4.374472
PAN,132,Panamá,1990,2.516181,2.399069
PAN,132,Panamá,1991,2.543641,2.435374
PAN,132,Panamá,1992,2.571411,2.444489
PAN,132,Panamá,1993,2.604791,2.300578
PAN,132,Panamá,1994,2.643426,2.464771
PAN,132,Panamá,1995,2.681192,2.393575
PAN,132,Panamá,1996,2.718286,2.427301
PAN,132,Panamá,1997,2.754939,2.498821
PAN,132,Panamá,1998,2.795410,2.366083
PAN,132,Panamá,1999,2.840367,2.381838
PAN,132,Panamá,2000,2.885656,2.320660
PAN,132,Panamá,2001,2.925130,2.264860
PAN,132,Panamá,2002,2.966037,2.274830
PAN,132,Panamá,2003,3.000745,2.282239
PAN,132,Panamá,2004,3.028891,2.288404
PAN,132,Panamá,2005,3.056160,2.292500
PAN,132,Panamá,2006,3.082108,2.292994
PAN,132,Panamá,2007,3.072831,2.295696
PAN,132,Panamá,2008,3.086879,2.296836
PAN,132,Panamá,2009,3.071730,2.409951
PAN,132,Panamá,2010,3.065903,2.295845
PAN,132,Panamá,2011,3.113862,2.355584
PAN,132,Panamá,2012,3.195520,2.363336
PAN,132,Panamá,2013,3.293841,2.320565
PAN,132,Panamá,2014,3.360177,2.334897
PAN,132,Panamá,2015,3.414515,2.348325
PAN,132,Panamá,2016,3.483392,2.364091
PAN,132,Panamá,2017,3.560654,2.378818
PAN,132,Panamá,2018,3.624904,2.510422
PAN,132,Panamá,2019,3.661921,2.406503
PAN,132,Panamá,2020,4.516464,3.237728
PAN,132,Panamá,2021,4.551130,3.190892
PAN,132,Panamá,2022,4.816921,3.158302
PAN,132,Panamá,2023,5.592524,3.318791
PER,123,Perú,1990,6.306746,2.738679
PER,123,Perú,1991,6.346483,2.758467
PER,123,Perú,1992,6.389262,2.774579
PER,123,Perú,1993,6.430431,2.780335
PER,123,Perú,1994,6.473164,2.783250
PER,123,Perú,1995,6.518196,2.788543
PER,123,Perú,1996,6.564198,2.783031
PER,123,Perú,1997,6.611972,2.789423
PER,123,Perú,1998,6.663261,2.779072
PER,123,Perú,1999,6.716896,2.799124
PER,123,Perú,2000,6.772082,2.769298
PER,123,Perú,2001,6.822989,2.796671
PER,123,Perú,2002,6.875644,2.791756
PER,123,Perú,2003,6.923746,2.795150
PER,123,Perú,2004,6.964344,2.792564
PER,123,Perú,2005,7.004545,2.819036
PER,123,Perú,2006,7.039792,2.812246
PER,123,Perú,2007,7.037051,2.833076
PER,123,Perú,2008,7.033439,2.847526
PER,123,Perú,2009,6.991230,2.858324
PER,123,Perú,2010,6.941697,2.861722
PER,123,Perú,2011,6.918671,2.860737
PER,123,Perú,2012,6.928097,2.872129
PER,123,Perú,2013,6.954777,2.840136
PER,123,Perú,2014,6.956236,2.863906
PER,123,Perú,2015,6.944640,2.853234
PER,123,Perú,2016,6.893041,2.863072
PER,123,Perú,2017,6.881881,2.888203
PER,123,Perú,2018,6.905173,2.886544
PER,123,Perú,2019,6.934008,2.897597
PER,123,Perú,2020,8.695889,3.628802
PER,123,Perú,2021,8.689995,3.730235
PER,123,Perú,2022,8.961621,3.614285
PER,123,Perú,2023,10.587504,3.713127
PHL,16,Filipinas,1990,2.171741,1.586820
PHL,16,Filipinas,1991,2.153993,1.598414
PHL,16,Filipinas,1992,2.136470,1.589715
PHL,16,Filipinas,1993,2.117285,1.593521
PHL,16,Filipinas,1994,2.096937,1.619658
PHL,16,Filipinas,1995,2.077273,1.620424
PHL,16,Filipinas,1996,2.058266,1.633474
PHL,16,Filipinas,1997,2.039889,1.647046
PHL,16,Filipinas,1998,2.021860,1.673069
PHL,16,Filipinas,1999,2.004078,1.676406
PHL,16,Filipinas,2000,1.986793,1.704735
PHL,16,Filipinas,2001,1.976737,1.731080
PHL,16,Filipinas,2002,1.967216,1.749151
PHL,16,Filipinas,2003,1.965068,1.780566
PHL,16,Filipinas,2004,1.969859,1.812559
PHL,16,Filipinas,2005,1.974700,1.830500
PHL,16,Filipinas,2006,1.979838,1.870756
PHL,16,Filipinas,2007,1.987600,1.897299
PHL,16,Filipinas,2008,1.991987,1.933403
PHL,16,Filipinas,2009,1.994679,1.980482
PHL,16,Filipinas,2010,1.999248,2.006413
PHL,16,Filipinas,2011,2.002060,2.034600
PHL,16,Filipinas,2012,2.000007,2.067106
PHL,16,Filipinas,2013,2.022075,2.095460
PHL,16,Filipinas,2014,2.055350,2.115965
PHL,16,Filipinas,2015,2.074026,2.145666
PHL,16,Filipinas,2016,2.075110,2.177283
PHL,16,Filipinas,2017,2.089344,2.208806
PHL,16,Filipinas,2018,2.117515,2.244036
PHL,16,Filipinas,2019,2.150851,2.283265
PHL,16,Filipinas,2020,2.619839,2.685715
PHL,16,Filipinas,2021,2.822301,2.881085
PHL,16,Filipinas,2022,2.800525,2.781737
PHL,16,Filipinas,2023,3.307071,2.845032
PLW,380,Palaos,1990,3.100215,2.132581
PLW,380,Palaos,1991,3.072445,2.162576
PLW,380,Palaos,1992,3.044277,2.191014
PLW,380,Palaos,1993,3.013804,2.219273
PLW,380,Palaos,1994,2.983090,2.247400
PLW,380,Palaos,1995,2.954984,2.275273
PLW,380,Palaos,1996,2.929733,2.302414
PLW,380,Palaos,1997,2.908475,2.329711
PLW,380,Palaos,1998,2.889441,2.359071
PLW,380,Palaos,1999,2.874268,2.390186
PLW,380,Palaos,2000,2.863780,2.421241
PLW,380,Palaos,2001,2.865988,2.451853
PLW,380,Palaos,2002,2.871575,2.482315
PLW,380,Palaos,2003,2.885333,2.514348
PLW,380,Palaos,2004,2.906183,2.547830
PLW,380,Palaos,2005,2.924826,2.580492
PLW,380,Palaos,2006,2.939129,2.611435
PLW,380,Palaos,2007,2.952452,2.640546
PLW,380,Palaos,2008,2.962274,2.669719
PLW,380,Palaos,2009,2.981258,2.699526
PLW,380,Palaos,2010,3.000673,2.729653
PLW,380,Palaos,2011,3.013620,2.761719
PLW,380,Palaos,2012,3.044965,2.795990
PLW,380,Palaos,2013,3.080622,2.835302
PLW,380,Palaos,2014,3.124285,2.878497
PLW,380,Palaos,2015,3.182517,2.922748
PLW,380,Palaos,2016,3.232262,2.962381
PLW,380,Palaos,2017,3.286369,3.001622
PLW,380,Palaos,2018,3.334868,3.038929
PLW,380,Palaos,2019,3.373017,3.073719
PLW,380,Palaos,2020,4.020912,3.634051
PLW,380,Palaos,2021,4.211352,3.779089
PLW,380,Palaos,2022,4.289134,3.703359
PLW,380,Palaos,2023,4.959773,3.801559
PNG,26,Papúa Nueva Guinea,1990,2.847331,1.769748
PNG,26,Papúa Nueva Guinea,1991,2.840991,1.817822
PNG,26,Papúa Nueva Guinea,1992,2.834552,1.888432
PNG,26,Papúa Nueva Guinea,1993,2.825350,1.892076
PNG,26,Papúa Nueva Guinea,1994,2.813645,1.898414
PNG,26,Papúa Nueva Guinea,1995,2.802336,1.918248
PNG,26,Papúa Nueva Guinea,1996,2.791339,1.936073
PNG,26,Papúa Nueva Guinea,1997,2.780746,1.926920
PNG,26,Papúa Nueva Guinea,1998,2.768852,1.966515
PNG,26,Papúa Nueva Guinea,1999,2.757332,1.863897
PNG,26,Papúa Nueva Guinea,2000,2.746519,1.876335
PNG,26,Papúa Nueva Guinea,2001,2.745140,1.940927
PNG,26,Papúa Nueva Guinea,2002,2.744712,1.814574
PNG,26,Papúa Nueva Guinea,2003,2.753288,1.877911
PNG,26,Papúa Nueva Guinea,2004,2.770609,1.900146
PNG,26,Papúa Nueva Guinea,2005,2.787316,1.879186
PNG,26,Papúa Nueva Guinea,2006,2.802093,1.902512
PNG,26,Papúa Nueva Guinea,2007,2.817756,1.926031
PNG,26,Papúa Nueva Guinea,2008,2.831462,1.953149
PNG,26,Papúa Nueva Guinea,2009,2.855278,1.979231
PNG,26,Papúa Nueva Guinea,2010,2.879767,2.003673
PNG,26,Papúa Nueva Guinea,2011,2.895738,2.029418
PNG,26,Papúa Nueva Guinea,2012,2.928362,2.054169
PNG,26,Papúa Nueva Guinea,2013,2.961827,2.078303
PNG,26,Papúa Nueva Guinea,2014,2.999720,2.102045
PNG,26,Papúa Nueva Guinea,2015,3.049899,2.125062
PNG,26,Papúa Nueva Guinea,2016,3.090843,2.249289
PNG,26,Papúa Nueva Guinea,2017,3.135963,2.164341
PNG,26,Papúa Nueva Guinea,2018,3.174653,2.230983
PNG,26,Papúa Nueva Guinea,2019,3.203378,2.380467
PNG,26,Papúa Nueva Guinea,2020,3.717382,2.560634
PNG,26,Papúa Nueva Guinea,2021,3.944642,2.986185
PNG,26,Papúa Nueva Guinea,2022,3.966921,2.825904
PNG,26,Papúa Nueva Guinea,2023,4.490459,2.857152
POL,51,Polonia,1990,3.525804,2.517086
POL,51,Polonia,1991,3.542062,2.518199
POL,51,Polonia,1992,3.557593,2.555375
POL,51,Polonia,1993,3.574546,2.550524
POL,51,Polonia,1994,3.592316,2.570215
POL,51,Polonia,1995,3.609398,2.587400
POL,51,Polonia,1996,3.625287,2.606893
POL,51,Polonia,1997,3.639309,2.632684
POL,51,Polonia,1998,3.652629,2.639091
POL,51,Polonia,1999,3.665108,2.667821
POL,51,Polonia,2000,3.674931,2.680472
POL,51,Polonia,2001,3.686519,2.687637
POL,51,Polonia,2002,3.696566,2.703170
POL,51,Polonia,2003,3.709125,2.717772
POL,51,Polonia,2004,3.723856,2.840348
POL,51,Polonia,2005,3.736686,2.742616
POL,51,Polonia,2006,3.734865,2.809824
POL,51,Polonia,2007,3.732770,2.822660
POL,51,Polonia,2008,3.734931,2.823787
POL,51,Polonia,2009,3.726491,2.781185
POL,51,Polonia,2010,3.729202,2.815728
POL,51,Polonia,2011,3.747697,2.926515
POL,51,Polonia,2012,3.758284,2.805238
POL,51,Polonia,2013,3.745073,2.869926
POL,51,Polonia,2014,3.712197,2.882143
POL,51,Polonia,2015,3.697582,2.877078
POL,51,Polonia,2016,3.670460,2.855009
POL,51,Polonia,2017,3.630615,2.881884
POL,51,Polonia,2018,3.580521,2.892688
POL,51,Polonia,2019,3.519163,2.885096
POL,51,Polonia,2020,4.051403,3.374297
POL,51,Polonia,2021,4.122377,3.425784
POL,51,Polonia,2022,4.192432,3.383795
POL,51,Polonia,2023,4.775807,3.412010
PRI,385,Puerto Rico,1990,5.117163,3.098015
PRI,385,Puerto Rico,1991,5.176627,3.136329
PRI,385,Puerto Rico,1992,5.236176,3.323231
PRI,385,Puerto Rico,1993,5.299967,3.208396
PRI,385,Puerto Rico,1994,5.368475,3.313565
PRI,385,Puerto Rico,1995,5.437944,3.346693
PRI,385,Puerto Rico,1996,5.507270,3.306356
PRI,385,Puerto Rico,1997,5.577642,3.559972
PRI,385,Puerto Rico,1998,5.651807,3.370428
PRI,385,Puerto Rico,1999,5.728498,3.666980
PRI,385,Puerto Rico,2000,5.806582,3.540011
PRI,385,Puerto Rico,2001,5.880978,3.540034
PRI,385,Puerto Rico,2002,5.956617,3.572184
PRI,385,Puerto Rico,2003,6.028974,3.691815
PRI,385,Puerto Rico,2004,6.096711,3.748457
PRI,385,Puerto Rico,2005,6.162436,3.865244
PRI,385,Puerto Rico,2006,6.226440,3.981299
PRI,385,Puerto Rico,2007,6.284139,4.042015
PRI,385,Puerto Rico,2008,6.339444,4.035397
PRI,385,Puerto Rico,2009,6.396236,4.063670
PRI,385,Puerto Rico,2010,6.449861,3.902837
PRI,385,Puerto Rico,2011,6.506084,4.104989
PRI,385,Puerto Rico,2012,6.596416,4.026262
PRI,385,Puerto Rico,2013,6.671603,4.054046
PRI,385,Puerto Rico,2014,6.739567,4.005565
PRI,385,Puerto Rico,2015,6.808039,4.023231
PRI,385,Puerto Rico,2016,6.869502,3.959543
PRI,385,Puerto Rico,2017,6.917143,4.044938
PRI,385,Puerto Rico,2018,6.951267,4.189987
PRI,385,Puerto Rico,2019,6.978995,4.325935
PRI,385,Puerto Rico,2020,7.882172,5.206902
PRI,385,Puerto Rico,2021,7.994950,5.337603
PRI,385,Puerto Rico,2022,8.220288,5.295853
PRI,385,Puerto Rico,2023,9.025631,5.183679
PRK,7,Corea del Norte,1990,2.954212,2.498665
PRK,7,Corea del Norte,1991,2.928607,2.511767
PRK,7,Corea del Norte,1992,2.905476,2.524485
PRK,7,Corea del Norte,1993,2.874033,2.535005
PRK,7,Corea del Norte,1994,2.834609,2.630660
PRK,7,Corea del Norte,1995,2.800703,2.555401
PRK,7,Corea del Norte,1996,2.771847,2.612814
PRK,7,Corea del Norte,1997,2.745418,2.630816
PRK,7,Corea del Norte,1998,2.713067,2.609587
PRK,7,Corea del Norte,1999,2.672950,2.631436
PRK,7,Corea del Norte,2000,2.632662,2.654424
PRK,7,Corea del Norte,2001,2.606766,2.682457
PRK,7,Corea del Norte,2002,2.582863,2.712482
PRK,7,Corea del Norte,2003,2.568797,2.743116
PRK,7,Corea del Norte,2004,2.562835,2.776242
PRK,7,Corea del Norte,2005,2.554150,2.809175
PRK,7,Corea del Norte,2006,2.543201,2.847233
PRK,7,Corea del Norte,2007,2.557348,2.886074
PRK,7,Corea del Norte,2008,2.561138,2.927191
PRK,7,Corea del Norte,2009,2.591867,2.970162
PRK,7,Corea del Norte,2010,2.619817,3.011568
PRK,7,Corea del Norte,2011,2.638213,3.066625
PRK,7,Corea del Norte,2012,2.646021,3.121512
PRK,7,Corea del Norte,2013,2.657030,3.183308
PRK,7,Corea del Norte,2014,2.723914,3.252313
PRK,7,Corea del Norte,2015,2.813494,3.321158
PRK,7,Corea del Norte,2016,2.869420,3.491158
PRK,7,Corea del Norte,2017,2.940473,3.461765
PRK,7,Corea del Norte,2018,2.995004,3.581831
PRK,7,Corea del Norte,2019,3.078825,3.804295
PRK,7,Corea del Norte,2020,3.688821,4.099456
PRK,7,Corea del Norte,2021,3.560323,4.074089
PRK,7,Corea del Norte,2022,3.869188,4.272762
PRK,7,Corea del Norte,2023,4.232238,4.321294
PRT,91,Portugal,1990,8.031975,3.757183
PRT,91,Portugal,1991,8.053031,3.850977
PRT,91,Portugal,1992,8.071347,3.776140
PRT,91,Portugal,1993,8.100977,3.712596
PRT,91,Portugal,1994,8.142295,3.892026
PRT,91,Portugal,1995,8.180600,3.889884
PRT,91,Portugal,1996,8.212677,3.827506
PRT,91,Portugal,1997,8.240621,4.074442
PRT,91,Portugal,1998,8.277896,3.838509
PRT,91,Portugal,1999,8.324367,4.008815
PRT,91,Portugal,2000,8.368544,3.860728
PRT,91,Portugal,2001,8.417078,3.872386
PRT,91,Portugal,2002,8.466792,4.044984
PRT,91,Portugal,2003,8.529740,3.816971
PRT,91,Portugal,2004,8.604479,4.064192
PRT,91,Portugal,2005,8.677399,3.914177
PRT,91,Portugal,2006,8.769616,3.928778
PRT,91,Portugal,2007,8.800176,3.945298
PRT,91,Portugal,2008,8.883631,4.048244
PRT,91,Portugal,2009,8.952873,3.906638
PRT,91,Portugal,2010,8.985308,4.007556
PRT,91,Portugal,2011,9.079184,4.203149
PRT,91,Portugal,2012,9.226570,3.984093
PRT,91,Portugal,2013,9.394753,4.095596
PRT,91,Portugal,2014,9.559091,4.131573
PRT,91,Portugal,2015,9.650149,4.086403
PRT,91,Portugal,2016,9.726956,4.116526
PRT,91,Portugal,2017,9.789980,4.143177
PRT,91,Portugal,2018,9.869590,4.171315
PRT,91,Portugal,2019,9.935605,4.374764
PRT,91,Portugal,2020,11.660888,5.214111
PRT,91,Portugal,2021,11.898302,5.109140
PRT,91,Portugal,2022,12.304769,5.145098
PRT,91,Portugal,2023,13.828445,5.146391
PRY,136,Paraguay,1990,5.301470,2.664246
PRY,136,Paraguay,1991,5.374649,2.565161
PRY,136,Paraguay,1992,5.450793,2.564404
PRY,136,Paraguay,1993,5.544432,2.479029
PRY,136,Paraguay,1994,5.656076,2.572360
PRY,136,Paraguay,1995,5.770883,2.591574
PRY,136,Paraguay,1996,5.888196,2.514196
PRY,136,Paraguay,1997,6.008214,2.719971
PRY,136,Paraguay,1998,6.140469,2.536677
PRY,136,Paraguay,1999,6.285379,2.666559
PRY,136,Paraguay,2000,6.432611,2.545442
PRY,136,Paraguay,2001,6.550124,2.559940
PRY,136,Paraguay,2002,6.668812,2.570561
PRY,136,Paraguay,2003,6.759394,2.515839
PRY,136,Paraguay,2004,6.822043,2.521776
PRY,136,Paraguay,2005,6.885216,2.527800
PRY,136,Paraguay,2006,6.948690,2.532145
PRY,136,Paraguay,2007,6.956258,2.536102
PRY,136,Paraguay,2008,6.972342,2.538066
PRY,136,Paraguay,2009,6.869505,2.539950
PRY,136,Paraguay,2010,6.774194,2.669263
PRY,136,Paraguay,2011,6.703002,2.546860
PRY,136,Paraguay,2012,6.678649,2.731003
PRY,136,Paraguay,2013,6.685130,2.769829
PRY,136,Paraguay,2014,6.682557,2.767574
PRY,136,Paraguay,2015,6.704812,2.862481
PRY,136,Paraguay,2016,6.654090,2.881622
PRY,136,Paraguay,2017,6.598209,2.884597
PRY,136,Paraguay,2018,6.594366,2.883648
PRY,136,Paraguay,2019,6.631162,2.924482
PRY,136,Paraguay,2020,7.893220,3.483599
PRY,136,Paraguay,2021,8.374263,3.692030
PRY,136,Paraguay,2022,8.323954,3.561940
PRY,136,Paraguay,2023,9.682954,3.594737
PSE,149,Palestina,1990,5.584048,2.709998
PSE,149,Palestina,1991,5.586050,2.741028
PSE,149,Palestina,1992,5.592967,2.762463
PSE,149,Palestina,1993,5.600406,2.778790
PSE,149,Palestina,1994,5.609896,2.799322
PSE,149,Palestina,1995,5.624778,2.817591
PSE,149,Palestina,1996,5.647998,2.852356
PSE,149,Palestina,1997,5.681381,2.857180
PSE,149,Palestina,1998,5.719057,2.883733
PSE,149,Palestina,1999,5.757153,2.905645
PSE,149,Palestina,2000,5.791434,2.977389
PSE,149,Palestina,2001,5.812158,3.016561
PSE,149,Palestina,2002,5.832629,3.080245
PSE,149,Palestina,2003,5.841024,3.138144
PSE,149,Palestina,2004,5.836106,3.189399
PSE,149,Palestina,2005,5.826130,3.209707
PSE,149,Palestina,2006,5.814194,3.259665
PSE,149,Palestina,2007,5.786527,3.278610
PSE,149,Palestina,2008,5.756533,3.325196
PSE,149,Palestina,2009,5.709866,3.358691
PSE,149,Palestina,2010,5.644854,3.352059
PSE,149,Palestina,2011,5.587961,3.399058
PSE,149,Palestina,2012,5.521004,3.427585
PSE,149,Palestina,2013,5.447429,3.401369
PSE,149,Palestina,2014,5.365967,3.528750
PSE,149,Palestina,2015,5.285771,3.509024
PSE,149,Palestina,2016,5.214648,3.556308
PSE,149,Palestina,2017,5.134852,3.611159
PSE,149,Palestina,2018,5.032573,3.620951
PSE,149,Palestina,2019,4.926408,3.661605
PSE,149,Palestina,2020,5.766651,4.452308
PSE,149,Palestina,2021,5.845258,4.714358
PSE,149,Palestina,2022,5.866530,4.529109
PSE,149,Palestina,2023,6.646873,4.735773
QAT,151,Catar,1990,3.091508,2.783836
QAT,151,Catar,1991,3.084630,2.873917
QAT,151,Catar,1992,3.079349,2.894690
QAT,151,Catar,1993,3.070930,2.842400
QAT,151,Catar,1994,3.059904,2.866058
QAT,151,Catar,1995,3.050640,2.890084
QAT,151,Catar,1996,3.042012,2.916353
QAT,151,Catar,1997,3.031995,2.940514
QAT,151,Catar,1998,3.017752,2.961837
QAT,151,Catar,1999,3.000354,2.985026
QAT,151,Catar,2000,2.982563,3.009528
QAT,151,Catar,2001,2.961759,3.190426
QAT,151,Catar,2002,2.939054,3.060583
QAT,151,Catar,2003,2.910824,3.162329
QAT,151,Catar,2004,2.875769,3.193647
QAT,151,Catar,2005,2.835550,3.318560
QAT,151,Catar,2006,2.789888,3.183512
QAT,151,Catar,2007,2.741685,3.290056
QAT,151,Catar,2008,2.687420,3.313743
QAT,151,Catar,2009,2.631890,3.249234
QAT,151,Catar,2010,2.595534,3.257920
QAT,151,Catar,2011,2.560120,3.265338
QAT,151,Catar,2012,2.542143,3.272682
QAT,151,Catar,2013,2.545303,3.277968
QAT,151,Catar,2014,2.543467,3.443486
QAT,151,Catar,2015,2.536471,3.290489
QAT,151,Catar,2016,2.524223,3.380629
QAT,151,Catar,2017,2.530599,3.396641
QAT,151,Catar,2018,2.548533,3.336915
QAT,151,Catar,2019,2.556545,3.357755
QAT,151,Catar,2020,3.083550,4.004806
QAT,151,Catar,2021,3.068482,4.027755
QAT,151,Catar,2022,3.216077,3.985246
QAT,151,Catar,2023,3.690498,4.086393
ROU,52,Rumania,1990,4.309273,2.264019
ROU,52,Rumania,1991,4.322000,2.272589
ROU,52,Rumania,1992,4.337252,2.287829
ROU,52,Rumania,1993,4.350518,2.288400
ROU,52,Rumania,1994,4.363307,2.309111
ROU,52,Rumania,1995,4.375633,2.322099
ROU,52,Rumania,1996,4.385777,2.339038
ROU,52,Rumania,1997,4.396708,2.352396
ROU,52,Rumania,1998,4.406336,2.361356
ROU,52,Rumania,1999,4.413367,2.283831
ROU,52,Rumania,2000,4.415224,2.295126
ROU,52,Rumania,2001,4.418175,2.334131
ROU,52,Rumania,2002,4.422199,2.295574
ROU,52,Rumania,2003,4.431681,2.343972
ROU,52,Rumania,2004,4.444160,2.325492
ROU,52,Rumania,2005,4.451881,2.392590
ROU,52,Rumania,2006,4.434839,2.371073
ROU,52,Rumania,2007,4.423496,2.307679
ROU,52,Rumania,2008,4.424227,2.348358
ROU,52,Rumania,2009,4.408611,2.321941
ROU,52,Rumania,2010,4.440107,2.293219
ROU,52,Rumania,2011,4.481035,2.297954
ROU,52,Rumania,2012,4.531163,2.368357
ROU,52,Rumania,2013,4.540444,2.312645
ROU,52,Rumania,2014,4.510269,2.414662
ROU,52,Rumania,2015,4.500024,2.422616
ROU,52,Rumania,2016,4.489546,2.365339
ROU,52,Rumania,2017,4.475252,2.403217
ROU,52,Rumania,2018,4.439904,2.376348
ROU,52,Rumania,2019,4.368042,2.351941
ROU,52,Rumania,2020,5.168373,2.709264
ROU,52,Rumania,2021,5.257447,2.748844
ROU,52,Rumania,2022,5.358861,2.689465
ROU,52,Rumania,2023,6.181887,2.740422
RUS,62,Rusia,1990,2.923516,3.528802
RUS,62,Rusia,1991,2.936353,3.602992
RUS,62,Rusia,1992,2.953310,3.624001
RUS,62,Rusia,1993,2.973785,3.666824
RUS,62,Rusia,1994,2.995451,3.646274
RUS,62,Rusia,1995,3.015366,3.642244
RUS,62,Rusia,1996,3.031728,3.666481
RUS,62,Rusia,1997,3.044389,3.694037
RUS,62,Rusia,1998,3.053647,3.718887
RUS,62,Rusia,1999,3.061142,3.827000
RUS,62,Rusia,2000,3.065394,3.868326
RUS,62,Rusia,2001,3.066939,3.920314
RUS,62,Rusia,2002,3.065375,3.993495
RUS,62,Rusia,2003,3.063326,4.011570
RUS,62,Rusia,2004,3.062075,4.010197
RUS,62,Rusia,2005,3.060753,4.007632
RUS,62,Rusia,2006,3.059523,3.976307
RUS,62,Rusia,2007,3.041882,3.939410
RUS,62,Rusia,2008,3.030590,3.977030
RUS,62,Rusia,2009,3.008072,3.936991
RUS,62,Rusia,2010,2.974356,3.964304
RUS,62,Rusia,2011,2.949799,3.972748
RUS,62,Rusia,2012,2.939325,3.972675
RUS,62,Rusia,2013,2.928399,4.009194
RUS,62,Rusia,2014,2.896446,3.984392
RUS,62,Rusia,2015,2.858824,3.973494
RUS,62,Rusia,2016,2.835135,4.029074
RUS,62,Rusia,2017,2.835780,4.031359
RUS,62,Rusia,2018,2.846124,3.993360
RUS,62,Rusia,2019,2.864396,4.022884
RUS,62,Rusia,2020,3.470714,4.725762
RUS,62,Rusia,2021,3.570582,4.779938
RUS,62,Rusia,2022,3.644801,4.856435
RUS,62,Rusia,2023,4.268344,4.905209
RWA,185,Ruanda,1990,2.188658,2.474704
RWA,185,Ruanda,1991,2.186697,2.462306
RWA,185,Ruanda,1992,2.186256,2.533811
RWA,185,Ruanda,1993,2.187037,2.621206
RWA,185,Ruanda,1994,2.174241,2.670076
RWA,185,Ruanda,1995,2.175905,2.610758
RWA,185,Ruanda,1996,2.191171,2.654185
RWA,185,Ruanda,1997,2.187435,2.681794
RWA,185,Ruanda,1998,2.186026,2.634030
RWA,185,Ruanda,1999,2.190154,2.604085
RWA,185,Ruanda,2000,2.191126,2.588757
RWA,185,Ruanda,2001,2.191657,2.658464
RWA,185,Ruanda,2002,2.197040,2.544164
RWA,185,Ruanda,2003,2.201280,2.659279
RWA,185,Ruanda,2004,2.204388,2.629380
RWA,185,Ruanda,2005,2.203281,2.622007
RWA,185,Ruanda,2006,2.203462,2.663755
RWA,185,Ruanda,2007,2.227168,2.662165
RWA,185,Ruanda,2008,2.247430,2.671897
RWA,185,Ruanda,2009,2.260636,2.686902
RWA,185,Ruanda,2010,2.315679,2.667389
RWA,185,Ruanda,2011,2.338688,2.665975
RWA,185,Ruanda,2012,2.377967,2.714978
RWA,185,Ruanda,2013,2.461239,2.700941
RWA,185,Ruanda,2014,2.552844,2.733226
RWA,185,Ruanda,2015,2.704151,2.696698
RWA,185,Ruanda,2016,2.855924,2.791779
RWA,185,Ruanda,2017,3.033264,2.767849
RWA,185,Ruanda,2018,3.234329,2.805280
RWA,185,Ruanda,2019,3.465980,2.866224
RWA,185,Ruanda,2020,4.460778,3.288108
RWA,185,Ruanda,2021,4.887627,3.506738
RWA,185,Ruanda,2022,5.045630,3.395537
RWA,185,Ruanda,2023,6.036728,3.404535
SAU,152,Arabia Saudita,1990,4.537578,2.581777
SAU,152,Arabia Saudita,1991,4.570312,2.811177
SAU,152,Arabia Saudita,1992,4.601245,2.693564
SAU,152,Arabia Saudita,1993,4.631013,2.745291
SAU,152,Arabia Saudita,1994,4.662904,2.777451
SAU,152,Arabia Saudita,1995,4.697882,2.887082
SAU,152,Arabia Saudita,1996,4.734008,2.928091
SAU,152,Arabia Saudita,1997,4.769614,2.877079
SAU,152,Arabia Saudita,1998,4.803502,2.987110
SAU,152,Arabia Saudita,1999,4.837527,2.950311
SAU,152,Arabia Saudita,2000,4.870255,3.031724
SAU,152,Arabia Saudita,2001,4.898096,3.079635
SAU,152,Arabia Saudita,2002,4.927222,3.165968
SAU,152,Arabia Saudita,2003,4.952900,3.320296
SAU,152,Arabia Saudita,2004,4.972361,3.383443
SAU,152,Arabia Saudita,2005,4.989796,3.433245
SAU,152,Arabia Saudita,2006,5.034221,3.501483
SAU,152,Arabia Saudita,2007,5.061991,3.530211
SAU,152,Arabia Saudita,2008,5.101395,3.565975
SAU,152,Arabia Saudita,2009,5.181725,3.605046
SAU,152,Arabia Saudita,2010,5.217073,3.607130
SAU,152,Arabia Saudita,2011,5.244940,3.666204
SAU,152,Arabia Saudita,2012,5.287355,3.577984
SAU,152,Arabia Saudita,2013,5.305051,3.692600
SAU,152,Arabia Saudita,2014,5.315738,3.711835
SAU,152,Arabia Saudita,2015,5.291437,3.745910
SAU,152,Arabia Saudita,2016,5.287888,3.827359
SAU,152,Arabia Saudita,2017,5.318668,3.854611
SAU,152,Arabia Saudita,2018,5.293212,3.851822
SAU,152,Arabia Saudita,2019,5.240303,3.837832
SAU,152,Arabia Saudita,2020,6.277666,4.403834
SAU,152,Arabia Saudita,2021,6.056371,4.601904
SAU,152,Arabia Saudita,2022,6.400537,4.208564
SAU,152,Arabia Saudita,2023,7.209952,4.502740
SDN,522,Sudán,1990,3.957434,3.213723
SDN,522,Sudán,1991,3.959922,3.228119
SDN,522,Sudán,1992,3.961440,3.244248
SDN,522,Sudán,1993,3.958962,3.248515
SDN,522,Sudán,1994,3.953831,3.246191
SDN,522,Sudán,1995,3.950300,3.267721
SDN,522,Sudán,1996,3.949487,3.288292
SDN,522,Sudán,1997,3.949765,3.318498
SDN,522,Sudán,1998,3.945834,3.353481
SDN,522,Sudán,1999,3.938493,3.364740
SDN,522,Sudán,2000,3.932080,3.408165
SDN,522,Sudán,2001,3.919672,3.430191
SDN,522,Sudán,2002,3.908307,3.451296
SDN,522,Sudán,2003,3.890393,3.493055
SDN,522,Sudán,2004,3.866902,3.532521
SDN,522,Sudán,2005,3.844867,3.529045
SDN,522,Sudán,2006,3.815240,3.576541
SDN,522,Sudán,2007,3.789117,3.571239
SDN,522,Sudán,2008,3.747946,3.600838
SDN,522,Sudán,2009,3.696975,3.614548
SDN,522,Sudán,2010,3.678709,3.651323
SDN,522,Sudán,2011,3.658374,3.693347
SDN,522,Sudán,2012,3.674966,3.728915
SDN,522,Sudán,2013,3.710546,3.761578
SDN,522,Sudán,2014,3.742830,3.812085
SDN,522,Sudán,2015,3.756264,3.859143
SDN,522,Sudán,2016,3.758893,3.899925
SDN,522,Sudán,2017,3.773468,3.918669
SDN,522,Sudán,2018,3.788741,3.975360
SDN,522,Sudán,2019,3.796542,4.006640
SDN,522,Sudán,2020,4.655202,4.915255
SDN,522,Sudán,2021,4.601576,4.941301
SDN,522,Sudán,2022,4.817355,4.884832
SDN,522,Sudán,2023,5.516234,5.089380
SEN,216,Senegal,1990,3.379075,2.178827
SEN,216,Senegal,1991,3.433162,2.215246
SEN,216,Senegal,1992,3.487076,2.262974
SEN,216,Senegal,1993,3.560394,2.292214
SEN,216,Senegal,1994,3.651949,2.269572
SEN,216,Senegal,1995,3.741086,2.337466
SEN,216,Senegal,1996,3.827049,2.298757
SEN,216,Senegal,1997,3.910140,2.356919
SEN,216,Senegal,1998,4.004590,2.372413
SEN,216,Senegal,1999,4.109932,2.365041
SEN,216,Senegal,2000,4.209679,2.404201
SEN,216,Senegal,2001,4.270576,2.404365
SEN,216,Senegal,2002,4.328262,2.407273
SEN,216,Senegal,2003,4.355044,2.418381
SEN,216,Senegal,2004,4.353743,2.402399
SEN,216,Senegal,2005,4.352441,2.437561
SEN,216,Senegal,2006,4.351829,2.400962
SEN,216,Senegal,2007,4.356145,2.420522
SEN,216,Senegal,2008,4.366533,2.429495
SEN,216,Senegal,2009,4.316516,2.432366
SEN,216,Senegal,2010,4.291429,2.445956
SEN,216,Senegal,2011,4.309259,2.462396
SEN,216,Senegal,2012,4.275263,2.466342
SEN,216,Senegal,2013,4.283341,2.465995
SEN,216,Senegal,2014,4.340976,2.489856
SEN,216,Senegal,2015,4.430839,2.495658
SEN,216,Senegal,2016,4.491561,2.514852
SEN,216,Senegal,2017,4.541142,2.530264
SEN,216,Senegal,2018,4.599837,2.547950
SEN,216,Senegal,2019,4.704576,2.572043
SEN,216,Senegal,2020,5.996834,3.043598
SEN,216,Senegal,2021,6.228182,3.149172
SEN,216,Senegal,2022,6.390290,3.061154
SEN,216,Senegal,2023,7.541635,3.105857
SGP,69,Singapur,1990,2.573451,1.619243
SGP,69,Singapur,1991,2.572711,1.705016
SGP,69,Singapur,1992,2.572458,1.628796
SGP,69,Singapur,1993,2.574956,1.669157
SGP,69,Singapur,1994,2.580563,1.739875
SGP,69,Singapur,1995,2.590524,1.632620
SGP,69,Singapur,1996,2.599001,1.667304
SGP,69,Singapur,1997,2.615428,1.669765
SGP,69,Singapur,1998,2.636397,1.641240
SGP,69,Singapur,1999,2.670147,1.648805
SGP,69,Singapur,2000,2.695751,1.654271
SGP,69,Singapur,2001,2.712042,1.659763
SGP,69,Singapur,2002,2.728738,1.660660
SGP,69,Singapur,2003,2.747219,1.661881
SGP,69,Singapur,2004,2.762597,1.668238
SGP,69,Singapur,2005,2.778048,1.679396
SGP,69,Singapur,2006,2.789889,1.694891
SGP,69,Singapur,2007,2.773662,1.709433
SGP,69,Singapur,2008,2.804312,1.724611
SGP,69,Singapur,2009,2.775344,1.741630
SGP,69,Singapur,2010,2.761222,1.757076
SGP,69,Singapur,2011,2.776870,1.767459
SGP,69,Singapur,2012,2.741982,1.771319
SGP,69,Singapur,2013,2.702980,1.771410
SGP,69,Singapur,2014,2.691174,1.772439
SGP,69,Singapur,2015,2.729606,1.776636
SGP,69,Singapur,2016,2.779992,1.782186
SGP,69,Singapur,2017,2.770314,1.791281
SGP,69,Singapur,2018,2.717691,1.800531
SGP,69,Singapur,2019,2.712113,1.807868
SGP,69,Singapur,2020,2.905367,1.956713
SGP,69,Singapur,2021,3.084237,2.074592
SGP,69,Singapur,2022,3.015403,2.000874
SGP,69,Singapur,2023,3.241584,2.021421
SLB,28,Islas Salomón ,1990,2.886534,1.738991
SLB,28,Islas Salomón ,1991,2.882156,1.755811
SLB,28,Islas Salomón ,1992,2.876689,1.864872
SLB,28,Islas Salomón ,1993,2.868100,1.790959
SLB,28,Islas Salomón ,1994,2.856241,1.850138
SLB,28,Islas Salomón ,1995,2.844033,1.867918
SLB,28,Islas Salomón ,1996,2.832075,1.845232
SLB,28,Islas Salomón ,1997,2.819482,1.864598
SLB,28,Islas Salomón ,1998,2.804631,1.884655
SLB,28,Islas Salomón ,1999,2.788049,2.028954
SLB,28,Islas Salomón ,2000,2.770568,1.927054
SLB,28,Islas Salomón ,2001,2.762003,2.003119
SLB,28,Islas Salomón ,2002,2.754196,2.144626
SLB,28,Islas Salomón ,2003,2.755853,2.112745
SLB,28,Islas Salomón ,2004,2.766820,2.070344
SLB,28,Islas Salomón ,2005,2.778617,2.153993
SLB,28,Islas Salomón ,2006,2.790712,2.122341
SLB,28,Islas Salomón ,2007,2.806411,2.092381
SLB,28,Islas Salomón ,2008,2.824200,2.118525
SLB,28,Islas Salomón ,2009,2.854574,2.149304
SLB,28,Islas Salomón ,2010,2.887898,2.180946
SLB,28,Islas Salomón ,2011,2.916225,2.210747
SLB,28,Islas Salomón ,2012,2.964093,2.241578
SLB,28,Islas Salomón ,2013,3.014293,2.275782
SLB,28,Islas Salomón ,2014,3.069248,2.311262
SLB,28,Islas Salomón ,2015,3.136384,2.347328
SLB,28,Islas Salomón ,2016,3.192282,2.381140
SLB,28,Islas Salomón ,2017,3.250537,2.416415
SLB,28,Islas Salomón ,2018,3.300417,2.451364
SLB,28,Islas Salomón ,2019,3.337039,2.485016
SLB,28,Islas Salomón ,2020,3.949245,2.968619
SLB,28,Islas Salomón ,2021,4.137268,3.348115
SLB,28,Islas Salomón ,2022,4.197057,3.231837
SLB,28,Islas Salomón ,2023,4.785042,3.221974
SLE,217,Sierra Leona,1990,4.300949,2.256937
SLE,217,Sierra Leona,1991,4.325863,2.427802
SLE,217,Sierra Leona,1992,4.363325,2.423934
SLE,217,Sierra Leona,1993,4.439513,2.513551
SLE,217,Sierra Leona,1994,4.530197,2.612609
SLE,217,Sierra Leona,1995,4.614235,2.614061
SLE,217,Sierra Leona,1996,4.706652,2.613134
SLE,217,Sierra Leona,1997,4.802072,2.628797
SLE,217,Sierra Leona,1998,4.899465,2.640229
SLE,217,Sierra Leona,1999,5.021489,2.638264
SLE,217,Sierra Leona,2000,5.157247,2.636838
SLE,217,Sierra Leona,2001,5.241346,2.619287
SLE,217,Sierra Leona,2002,5.301813,2.554216
SLE,217,Sierra Leona,2003,5.334821,2.537972
SLE,217,Sierra Leona,2004,5.358546,2.482955
SLE,217,Sierra Leona,2005,5.395396,2.369370
SLE,217,Sierra Leona,2006,5.438995,2.363131
SLE,217,Sierra Leona,2007,5.458221,2.414874
SLE,217,Sierra Leona,2008,5.507711,2.371246
SLE,217,Sierra Leona,2009,5.479536,2.302378
SLE,217,Sierra Leona,2010,5.476468,2.357099
SLE,217,Sierra Leona,2011,5.538568,2.310226
SLE,217,Sierra Leona,2012,5.613908,2.267952
SLE,217,Sierra Leona,2013,5.714665,2.388272
SLE,217,Sierra Leona,2014,5.781894,2.414596
SLE,217,Sierra Leona,2015,5.907595,2.367263
SLE,217,Sierra Leona,2016,6.007264,2.552606
SLE,217,Sierra Leona,2017,6.065809,2.417571
SLE,217,Sierra Leona,2018,6.144294,2.539566
SLE,217,Sierra Leona,2019,6.219468,2.613154
SLE,217,Sierra Leona,2020,7.607926,3.134176
SLE,217,Sierra Leona,2021,7.416966,3.155669
SLE,217,Sierra Leona,2022,7.810598,3.221875
SLE,217,Sierra Leona,2023,8.751789,3.258956
SLV,127,El Salvador,1990,3.008364,2.287621
SLV,127,El Salvador,1991,3.037714,2.305102
SLV,127,El Salvador,1992,3.065233,2.289266
SLV,127,El Salvador,1993,3.097739,2.260022
SLV,127,El Salvador,1994,3.137118,2.276819
SLV,127,El Salvador,1995,3.178202,2.225493
SLV,127,El Salvador,1996,3.222462,2.264077
SLV,127,El Salvador,1997,3.270244,2.235159
SLV,127,El Salvador,1998,3.325407,2.149088
SLV,127,El Salvador,1999,3.388252,2.162048
SLV,127,El Salvador,2000,3.454169,2.111691
SLV,127,El Salvador,2001,3.513736,2.079722
SLV,127,El Salvador,2002,3.577048,2.096322
SLV,127,El Salvador,2003,3.635061,2.113970
SLV,127,El Salvador,2004,3.686686,2.131816
SLV,127,El Salvador,2005,3.737974,2.148950
SLV,127,El Salvador,2006,3.788879,2.164173
SLV,127,El Salvador,2007,3.839525,2.180584
SLV,127,El Salvador,2008,3.900844,2.195487
SLV,127,El Salvador,2009,3.964356,2.208293
SLV,127,El Salvador,2010,4.053473,2.220189
SLV,127,El Salvador,2011,4.166755,2.238685
SLV,127,El Salvador,2012,4.292331,2.256537
SLV,127,El Salvador,2013,4.403032,2.277362
SLV,127,El Salvador,2014,4.499316,2.300404
SLV,127,El Salvador,2015,4.580309,2.322306
SLV,127,El Salvador,2016,4.643192,2.345214
SLV,127,El Salvador,2017,4.694156,2.367898
SLV,127,El Salvador,2018,4.723456,2.570435
SLV,127,El Salvador,2019,4.710139,2.529468
SLV,127,El Salvador,2020,5.558885,3.294302
SLV,127,El Salvador,2021,5.658479,3.333505
SLV,127,El Salvador,2022,5.843640,3.342697
SLV,127,El Salvador,2023,6.723162,3.416881
SMR,396,San Marino,1990,5.309917,3.424606
SMR,396,San Marino,1991,5.227618,3.426058
SMR,396,San Marino,1992,5.145238,3.425880
SMR,396,San Marino,1993,5.070342,3.428697
SMR,396,San Marino,1994,5.001580,3.431243
SMR,396,San Marino,1995,4.934362,3.432443
SMR,396,San Marino,1996,4.867217,3.439964
SMR,396,San Marino,1997,4.799006,3.446734
SMR,396,San Marino,1998,4.740491,3.456599
SMR,396,San Marino,1999,4.692936,3.471097
SMR,396,San Marino,2000,4.644164,3.481533
SMR,396,San Marino,2001,4.627112,3.615244
SMR,396,San Marino,2002,4.610067,3.491002
SMR,396,San Marino,2003,4.630122,3.558720
SMR,396,San Marino,2004,4.689481,3.555233
SMR,396,San Marino,2005,4.748801,3.493940
SMR,396,San Marino,2006,4.819810,3.491330
SMR,396,San Marino,2007,4.880977,3.488548
SMR,396,San Marino,2008,4.977290,3.485259
SMR,396,San Marino,2009,5.130496,3.601822
SMR,396,San Marino,2010,5.255454,3.470003
SMR,396,San Marino,2011,5.394118,3.635167
SMR,396,San Marino,2012,5.558025,3.693847
SMR,396,San Marino,2013,5.723353,3.712767
SMR,396,San Marino,2014,5.884246,3.816792
SMR,396,San Marino,2015,6.021191,3.837654
SMR,396,San Marino,2016,6.160463,3.923641
SMR,396,San Marino,2017,6.296735,3.965375
SMR,396,San Marino,2018,6.428016,3.881569
SMR,396,San Marino,2019,6.536512,3.964153
SMR,396,San Marino,2020,8.146610,4.781812
SMR,396,San Marino,2021,8.092145,4.710363
SMR,396,San Marino,2022,8.611798,4.677591
SMR,396,San Marino,2023,9.885968,4.800133
SOM,187,Somalia,1990,2.521361,2.656070
SOM,187,Somalia,1991,2.528592,2.684994
SOM,187,Somalia,1992,2.533212,2.666538
SOM,187,Somalia,1993,2.537351,2.649964
SOM,187,Somalia,1994,2.537172,2.686947
SOM,187,Somalia,1995,2.527964,2.652218
SOM,187,Somalia,1996,2.519200,2.666393
SOM,187,Somalia,1997,2.507044,2.673402
SOM,187,Somalia,1998,2.492789,2.660013
SOM,187,Somalia,1999,2.477793,2.643093
SOM,187,Somalia,2000,2.462149,2.597830
SOM,187,Somalia,2001,2.446255,2.628168
SOM,187,Somalia,2002,2.431285,2.586296
SOM,187,Somalia,2003,2.418966,2.559712
SOM,187,Somalia,2004,2.409607,2.621940
SOM,187,Somalia,2005,2.402028,2.559992
SOM,187,Somalia,2006,2.395419,2.594270
SOM,187,Somalia,2007,2.381879,2.603010
SOM,187,Somalia,2008,2.371656,2.593679
SOM,187,Somalia,2009,2.357201,2.608829
SOM,187,Somalia,2010,2.344445,2.616572
SOM,187,Somalia,2011,2.340080,2.617158
SOM,187,Somalia,2012,2.339699,2.626020
SOM,187,Somalia,2013,2.344506,2.618271
SOM,187,Somalia,2014,2.329618,2.621716
SOM,187,Somalia,2015,2.309228,2.618542
SOM,187,Somalia,2016,2.297448,2.622237
SOM,187,Somalia,2017,2.309110,2.625579
SOM,187,Somalia,2018,2.340971,2.633499
SOM,187,Somalia,2019,2.378516,2.637551
SOM,187,Somalia,2020,3.069305,3.230462
SOM,187,Somalia,2021,3.278363,3.349410
SOM,187,Somalia,2022,3.278578,3.220893
SOM,187,Somalia,2023,3.975618,3.267903
SRB,53,Serbia,1990,5.163252,2.406736
SRB,53,Serbia,1991,5.177598,2.583244
SRB,53,Serbia,1992,5.195218,2.591691
SRB,53,Serbia,1993,5.202905,2.606858
SRB,53,Serbia,1994,5.208672,2.603370
SRB,53,Serbia,1995,5.224818,2.670274
SRB,53,Serbia,1996,5.235593,2.599681
SRB,53,Serbia,1997,5.247504,2.623551
SRB,53,Serbia,1998,5.267822,2.736641
SRB,53,Serbia,1999,5.292084,2.781538
SRB,53,Serbia,2000,5.321211,2.801739
SRB,53,Serbia,2001,5.346991,2.820965
SRB,53,Serbia,2002,5.376368,2.832095
SRB,53,Serbia,2003,5.410943,2.815396
SRB,53,Serbia,2004,5.447219,2.829006
SRB,53,Serbia,2005,5.476508,2.819098
SRB,53,Serbia,2006,5.507374,2.799766
SRB,53,Serbia,2007,5.546603,2.821660
SRB,53,Serbia,2008,5.613426,2.797280
SRB,53,Serbia,2009,5.684300,2.703211
SRB,53,Serbia,2010,5.762254,2.801520
SRB,53,Serbia,2011,5.838985,2.757749
SRB,53,Serbia,2012,5.883039,2.760587
SRB,53,Serbia,2013,5.897460,2.808536
SRB,53,Serbia,2014,5.878822,2.822895
SRB,53,Serbia,2015,5.874268,2.743466
SRB,53,Serbia,2016,5.878733,2.749534
SRB,53,Serbia,2017,5.853532,2.836929
SRB,53,Serbia,2018,5.783363,2.809898
SRB,53,Serbia,2019,5.689915,2.760619
SRB,53,Serbia,2020,6.588873,3.280967
SRB,53,Serbia,2021,6.690173,3.291050
SRB,53,Serbia,2022,6.735744,3.276392
SRB,53,Serbia,2023,7.645063,3.331296
SSD,435,Sudán del Sur,1990,3.062000,2.556342
SSD,435,Sudán del Sur,1991,3.053436,2.463180
SSD,435,Sudán del Sur,1992,3.044347,2.377365
SSD,435,Sudán del Sur,1993,3.034822,2.375167
SSD,435,Sudán del Sur,1994,3.024716,2.372106
SSD,435,Sudán del Sur,1995,3.014299,2.368520
SSD,435,Sudán del Sur,1996,3.003555,2.361747
SSD,435,Sudán del Sur,1997,2.991708,2.557236
SSD,435,Sudán del Sur,1998,2.980562,2.545507
SSD,435,Sudán del Sur,1999,2.970682,2.618663
SSD,435,Sudán del Sur,2000,2.961708,2.700668
SSD,435,Sudán del Sur,2001,2.954864,2.683072
SSD,435,Sudán del Sur,2002,2.949145,2.673562
SSD,435,Sudán del Sur,2003,2.946505,2.665515
SSD,435,Sudán del Sur,2004,2.947177,2.645771
SSD,435,Sudán del Sur,2005,2.948704,2.640073
SSD,435,Sudán del Sur,2006,2.951564,2.656709
SSD,435,Sudán del Sur,2007,2.966728,2.640458
SSD,435,Sudán del Sur,2008,2.993084,2.639061
SSD,435,Sudán del Sur,2009,3.051382,2.680542
SSD,435,Sudán del Sur,2010,3.154081,2.663648
SSD,435,Sudán del Sur,2011,3.275399,2.662347
SSD,435,Sudán del Sur,2012,3.439274,2.682889
SSD,435,Sudán del Sur,2013,3.611520,2.695414
SSD,435,Sudán del Sur,2014,3.762030,2.705454
SSD,435,Sudán del Sur,2015,3.915108,2.716188
SSD,435,Sudán del Sur,2016,4.081347,2.746805
SSD,435,Sudán del Sur,2017,4.235310,2.762731
SSD,435,Sudán del Sur,2018,4.392606,2.793063
SSD,435,Sudán del Sur,2019,4.529131,2.826165
SSD,435,Sudán del Sur,2020,5.668676,3.369089
SSD,435,Sudán del Sur,2021,5.707879,3.433852
SSD,435,Sudán del Sur,2022,6.015283,3.387530
SSD,435,Sudán del Sur,2023,6.952535,3.453142
STP,215,Santo Tomé y Príncipe,1990,3.751826,2.114763
STP,215,Santo Tomé y Príncipe,1991,3.808133,2.111445
STP,215,Santo Tomé y Príncipe,1992,3.863485,2.109290
STP,215,Santo Tomé y Príncipe,1993,3.940864,2.107877
STP,215,Santo Tomé y Príncipe,1994,4.039531,2.107531
STP,215,Santo Tomé y Príncipe,1995,4.136733,2.109054
STP,215,Santo Tomé y Príncipe,1996,4.231089,2.115415
STP,215,Santo Tomé y Príncipe,1997,4.321952,2.123453
STP,215,Santo Tomé y Príncipe,1998,4.425162,2.133767
STP,215,Santo Tomé y Príncipe,1999,4.539379,2.145714
STP,215,Santo Tomé y Príncipe,2000,4.646788,2.157627
STP,215,Santo Tomé y Príncipe,2001,4.709162,2.171565
STP,215,Santo Tomé y Príncipe,2002,4.765164,2.185490
STP,215,Santo Tomé y Príncipe,2003,4.785811,2.200316
STP,215,Santo Tomé y Príncipe,2004,4.773933,2.215182
STP,215,Santo Tomé y Príncipe,2005,4.762365,2.229780
STP,215,Santo Tomé y Príncipe,2006,4.750123,2.238997
STP,215,Santo Tomé y Príncipe,2007,4.725184,2.247889
STP,215,Santo Tomé y Príncipe,2008,4.697287,2.255135
STP,215,Santo Tomé y Príncipe,2009,4.623126,2.261620
STP,215,Santo Tomé y Príncipe,2010,4.584180,2.269752
STP,215,Santo Tomé y Príncipe,2011,4.586601,2.281986
STP,215,Santo Tomé y Príncipe,2012,4.610795,2.297270
STP,215,Santo Tomé y Príncipe,2013,4.706318,2.316344
STP,215,Santo Tomé y Príncipe,2014,4.814389,2.338908
STP,215,Santo Tomé y Príncipe,2015,4.948901,2.363405
STP,215,Santo Tomé y Príncipe,2016,5.089549,2.393311
STP,215,Santo Tomé y Príncipe,2017,5.206285,2.426179
STP,215,Santo Tomé y Príncipe,2018,5.341147,2.463096
STP,215,Santo Tomé y Príncipe,2019,5.453320,2.503803
STP,215,Santo Tomé y Príncipe,2020,7.054342,3.079699
STP,215,Santo Tomé y Príncipe,2021,7.161355,3.143918
STP,215,Santo Tomé y Príncipe,2022,7.481954,3.318734
STP,215,Santo Tomé y Príncipe,2023,8.851939,3.221208
SUR,118,Surinam,1990,3.858957,2.727398
SUR,118,Surinam,1991,3.917730,2.752444
SUR,118,Surinam,1992,3.978897,2.783353
SUR,118,Surinam,1993,4.044381,2.814691
SUR,118,Surinam,1994,4.114777,2.846105
SUR,118,Surinam,1995,4.179083,2.873497
SUR,118,Surinam,1996,4.240890,2.900408
SUR,118,Surinam,1997,4.300936,2.927550
SUR,118,Surinam,1998,4.361905,2.953348
SUR,118,Surinam,1999,4.426075,2.978502
SUR,118,Surinam,2000,4.491034,3.002792
SUR,118,Surinam,2001,4.550494,3.023498
SUR,118,Surinam,2002,4.611839,3.043621
SUR,118,Surinam,2003,4.668133,3.062801
SUR,118,Surinam,2004,4.718084,3.081401
SUR,118,Surinam,2005,4.767710,3.100869
SUR,118,Surinam,2006,4.816393,3.110334
SUR,118,Surinam,2007,4.852522,3.121017
SUR,118,Surinam,2008,4.882816,3.125889
SUR,118,Surinam,2009,4.896159,3.124034
SUR,118,Surinam,2010,4.894231,3.121602
SUR,118,Surinam,2011,4.888674,3.124880
SUR,118,Surinam,2012,4.894008,3.129309
SUR,118,Surinam,2013,4.900318,3.137203
SUR,118,Surinam,2014,4.893851,3.151047
SUR,118,Surinam,2015,4.899430,3.164222
SUR,118,Surinam,2016,4.937916,3.178968
SUR,118,Surinam,2017,4.985996,3.196335
SUR,118,Surinam,2018,5.022099,3.215445
SUR,118,Surinam,2019,5.029578,3.234662
SUR,118,Surinam,2020,5.895953,3.846716
SUR,118,Surinam,2021,6.298179,4.045860
SUR,118,Surinam,2022,6.283107,3.893154
SUR,118,Surinam,2023,7.280685,3.979533
SVK,54,Eslovaquia,1990,4.057176,2.407215
SVK,54,Eslovaquia,1991,4.068703,2.419480
SVK,54,Eslovaquia,1992,4.079044,2.432393
SVK,54,Eslovaquia,1993,4.090961,2.446259
SVK,54,Eslovaquia,1994,4.105510,2.461220
SVK,54,Eslovaquia,1995,4.121411,2.580310
SVK,54,Eslovaquia,1996,4.137416,2.586076
SVK,54,Eslovaquia,1997,4.151752,2.658826
SVK,54,Eslovaquia,1998,4.165458,2.717024
SVK,54,Eslovaquia,1999,4.178112,2.638403
SVK,54,Eslovaquia,2000,4.188603,2.656027
SVK,54,Eslovaquia,2001,4.203069,2.621693
SVK,54,Eslovaquia,2002,4.216974,2.594141
SVK,54,Eslovaquia,2003,4.234113,2.611619
SVK,54,Eslovaquia,2004,4.253411,2.626393
SVK,54,Eslovaquia,2005,4.269476,2.640261
SVK,54,Eslovaquia,2006,4.282371,2.651745
SVK,54,Eslovaquia,2007,4.296313,2.662469
SVK,54,Eslovaquia,2008,4.312891,2.673013
SVK,54,Eslovaquia,2009,4.334622,2.681764
SVK,54,Eslovaquia,2010,4.354309,2.688744
SVK,54,Eslovaquia,2011,4.370323,2.696393
SVK,54,Eslovaquia,2012,4.373356,2.704845
SVK,54,Eslovaquia,2013,4.370267,2.714536
SVK,54,Eslovaquia,2014,4.357474,2.724548
SVK,54,Eslovaquia,2015,4.338845,2.734177
SVK,54,Eslovaquia,2016,4.307456,2.740566
SVK,54,Eslovaquia,2017,4.278536,2.746245
SVK,54,Eslovaquia,2018,4.258929,2.857558
SVK,54,Eslovaquia,2019,4.228279,2.754656
SVK,54,Eslovaquia,2020,4.923098,3.228439
SVK,54,Eslovaquia,2021,5.121643,3.308801
SVK,54,Eslovaquia,2022,5.180498,3.166648
SVK,54,Eslovaquia,2023,5.950027,3.225001
SVN,55,Eslovenia,1990,5.365006,2.622301
SVN,55,Eslovenia,1991,5.383072,2.785268
SVN,55,Eslovenia,1992,5.399762,2.769786
SVN,55,Eslovenia,1993,5.417816,2.745594
SVN,55,Eslovenia,1994,5.434955,2.932961
SVN,55,Eslovenia,1995,5.448539,2.762946
SVN,55,Eslovenia,1996,5.458998,2.780218
SVN,55,Eslovenia,1997,5.468035,2.797741
SVN,55,Eslovenia,1998,5.478115,2.761228
SVN,55,Eslovenia,1999,5.489177,2.778115
SVN,55,Eslovenia,2000,5.497764,2.790506
SVN,55,Eslovenia,2001,5.509527,2.802606
SVN,55,Eslovenia,2002,5.521004,2.814519
SVN,55,Eslovenia,2003,5.538074,2.824262
SVN,55,Eslovenia,2004,5.561385,2.833673
SVN,55,Eslovenia,2005,5.585315,2.842747
SVN,55,Eslovenia,2006,5.610496,2.849476
SVN,55,Eslovenia,2007,5.605113,2.855103
SVN,55,Eslovenia,2008,5.620064,2.858504
SVN,55,Eslovenia,2009,5.617421,2.860762
SVN,55,Eslovenia,2010,5.603500,2.861949
SVN,55,Eslovenia,2011,5.598797,2.866135
SVN,55,Eslovenia,2012,5.608183,2.870954
SVN,55,Eslovenia,2013,5.617841,2.877563
SVN,55,Eslovenia,2014,5.608747,2.885740
SVN,55,Eslovenia,2015,5.588321,2.893827
SVN,55,Eslovenia,2016,5.597569,3.019587
SVN,55,Eslovenia,2017,5.618015,2.907142
SVN,55,Eslovenia,2018,5.625663,2.970151
SVN,55,Eslovenia,2019,5.614070,2.975272
SVN,55,Eslovenia,2020,6.639797,3.387393
SVN,55,Eslovenia,2021,6.624183,3.388929
SVN,55,Eslovenia,2022,6.905607,3.339510
SVN,55,Eslovenia,2023,7.876271,3.398615
SWE,93,Suecia,1990,3.627135,3.993012
SWE,93,Suecia,1991,3.576523,3.970447
SWE,93,Suecia,1992,3.526433,3.957802
SWE,93,Suecia,1993,3.483384,3.777147
SWE,93,Suecia,1994,3.448327,3.775493
SWE,93,Suecia,1995,3.417432,3.844840
SWE,93,Suecia,1996,3.388609,3.623802
SWE,93,Suecia,1997,3.360360,3.869577
SWE,93,Suecia,1998,3.339022,3.737201
SWE,93,Suecia,1999,3.323849,3.952468
SWE,93,Suecia,2000,3.309076,3.806510
SWE,93,Suecia,2001,3.308226,3.848922
SWE,93,Suecia,2002,3.306612,3.884119
SWE,93,Suecia,2003,3.324778,3.827622
SWE,93,Suecia,2004,3.362432,3.856543
SWE,93,Suecia,2005,3.400023,4.068496
SWE,93,Suecia,2006,3.458173,4.060524
SWE,93,Suecia,2007,3.503389,4.182887
SWE,93,Suecia,2008,3.560024,4.102759
SWE,93,Suecia,2009,3.681916,4.105032
SWE,93,Suecia,2010,3.773251,4.205174
SWE,93,Suecia,2011,3.848412,3.958830
SWE,93,Suecia,2012,3.981603,4.224716
SWE,93,Suecia,2013,4.131653,4.062327
SWE,93,Suecia,2014,4.274529,4.074547
SWE,93,Suecia,2015,4.374324,4.289976
SWE,93,Suecia,2016,4.489878,4.198951
SWE,93,Suecia,2017,4.644581,4.351173
SWE,93,Suecia,2018,4.794599,4.256701
SWE,93,Suecia,2019,4.929163,4.287572
SWE,93,Suecia,2020,6.024328,5.234417
SWE,93,Suecia,2021,6.072488,4.839047
SWE,93,Suecia,2022,6.550718,5.131550
SWE,93,Suecia,2023,7.433272,5.269975
SWZ,197,Suazilandia,1990,3.300899,2.548568
SWZ,197,Suazilandia,1991,3.322486,2.560423
SWZ,197,Suazilandia,1992,3.344861,2.577027
SWZ,197,Suazilandia,1993,3.368836,2.527595
SWZ,197,Suazilandia,1994,3.394299,2.547264
SWZ,197,Suazilandia,1995,3.418886,2.566506
SWZ,197,Suazilandia,1996,3.442660,2.586534
SWZ,197,Suazilandia,1997,3.465820,2.607372
SWZ,197,Suazilandia,1998,3.488206,2.780300
SWZ,197,Suazilandia,1999,3.510576,2.647527
SWZ,197,Suazilandia,2000,3.530836,2.735828
SWZ,197,Suazilandia,2001,3.547724,2.756007
SWZ,197,Suazilandia,2002,3.563493,2.704724
SWZ,197,Suazilandia,2003,3.576513,2.721120
SWZ,197,Suazilandia,2004,3.586704,2.735538
SWZ,197,Suazilandia,2005,3.595496,2.749711
SWZ,197,Suazilandia,2006,3.604282,2.764164
SWZ,197,Suazilandia,2007,3.607275,2.779558
SWZ,197,Suazilandia,2008,3.613971,2.960485
SWZ,197,Suazilandia,2009,3.613372,2.819092
SWZ,197,Suazilandia,2010,3.610413,2.912600
SWZ,197,Suazilandia,2011,3.614248,2.931688
SWZ,197,Suazilandia,2012,3.615000,2.876798
SWZ,197,Suazilandia,2013,3.626929,2.895679
SWZ,197,Suazilandia,2014,3.640240,2.914614
SWZ,197,Suazilandia,2015,3.651495,2.935918
SWZ,197,Suazilandia,2016,3.679372,2.955730
SWZ,197,Suazilandia,2017,3.703148,2.974905
SWZ,197,Suazilandia,2018,3.717756,2.996565
SWZ,197,Suazilandia,2019,3.736604,3.184345
SWZ,197,Suazilandia,2020,4.801905,4.021975
SWZ,197,Suazilandia,2021,4.917821,4.168413
SWZ,197,Suazilandia,2022,5.053788,4.131704
SWZ,197,Suazilandia,2023,6.113825,4.228482
SYC,186,Seychelles,1990,1.868168,1.627914
SYC,186,Seychelles,1991,1.855844,1.643240
SYC,186,Seychelles,1992,1.843647,1.659731
SYC,186,Seychelles,1993,1.830195,1.676346
SYC,186,Seychelles,1994,1.816543,1.693325
SYC,186,Seychelles,1995,1.804601,1.710452
SYC,186,Seychelles,1996,1.794079,1.730971
SYC,186,Seychelles,1997,1.784457,1.753202
SYC,186,Seychelles,1998,1.773816,1.776591
SYC,186,Seychelles,1999,1.762059,1.801195
SYC,186,Seychelles,2000,1.749678,1.825709
SYC,186,Seychelles,2001,1.741184,1.934993
SYC,186,Seychelles,2002,1.732703,1.977138
SYC,186,Seychelles,2003,1.727855,2.046802
SYC,186,Seychelles,2004,1.726667,2.127180
SYC,186,Seychelles,2005,1.725051,2.173832
SYC,186,Seychelles,2006,1.723207,2.214292
SYC,186,Seychelles,2007,1.718280,2.261498
SYC,186,Seychelles,2008,1.717043,2.293096
SYC,186,Seychelles,2009,1.718501,2.360402
SYC,186,Seychelles,2010,1.722250,2.405972
SYC,186,Seychelles,2011,1.727463,2.459563
SYC,186,Seychelles,2012,1.747870,2.509396
SYC,186,Seychelles,2013,1.777096,2.560824
SYC,186,Seychelles,2014,1.805487,2.609437
SYC,186,Seychelles,2015,1.841187,2.649836
SYC,186,Seychelles,2016,1.874180,2.565630
SYC,186,Seychelles,2017,1.906659,2.598099
SYC,186,Seychelles,2018,1.940385,2.562956
SYC,186,Seychelles,2019,1.965627,2.525486
SYC,186,Seychelles,2020,2.368747,2.920980
SYC,186,Seychelles,2021,2.569305,3.077101
SYC,186,Seychelles,2022,2.563360,2.972872
SYC,186,Seychelles,2023,3.040430,3.040368
SYR,153,Siria,1990,5.123521,4.425727
SYR,153,Siria,1991,5.151751,4.300313
SYR,153,Siria,1992,5.180806,4.486888
SYR,153,Siria,1993,5.205570,4.400326
SYR,153,Siria,1994,5.224487,4.318343
SYR,153,Siria,1995,5.239330,4.366619
SYR,153,Siria,1996,5.251217,4.695921
SYR,153,Siria,1997,5.261017,4.802065
SYR,153,Siria,1998,5.266019,4.934542
SYR,153,Siria,1999,5.266397,5.128348
SYR,153,Siria,2000,5.263388,5.177531
SYR,153,Siria,2001,5.248381,5.214527
SYR,153,Siria,2002,5.233211,5.290468
SYR,153,Siria,2003,5.207943,5.332997
SYR,153,Siria,2004,5.174009,5.342375
SYR,153,Siria,2005,5.139611,5.435988
SYR,153,Siria,2006,5.110022,5.533125
SYR,153,Siria,2007,5.082158,5.543269
SYR,153,Siria,2008,5.044866,5.477729
SYR,153,Siria,2009,5.009960,5.618640
SYR,153,Siria,2010,5.018452,5.551588
SYR,153,Siria,2011,5.104905,5.708129
SYR,153,Siria,2012,5.207740,5.834957
SYR,153,Siria,2013,5.361324,5.950459
SYR,153,Siria,2014,5.569411,6.111535
SYR,153,Siria,2015,5.712060,6.211262
SYR,153,Siria,2016,5.685233,6.303378
SYR,153,Siria,2017,5.677861,6.396666
SYR,153,Siria,2018,5.710467,6.490959
SYR,153,Siria,2019,5.725236,6.583712
SYR,153,Siria,2020,6.735164,8.180615
SYR,153,Siria,2021,6.770094,8.383479
SYR,153,Siria,2022,6.864825,8.183819
SYR,153,Siria,2023,7.841838,8.442232
TCD,204,Chad,1990,3.561902,2.984487
TCD,204,Chad,1991,3.602376,2.922323
TCD,204,Chad,1992,3.642742,3.051919
TCD,204,Chad,1993,3.703908,3.030802
TCD,204,Chad,1994,3.785995,3.037049
TCD,204,Chad,1995,3.868714,3.003824
TCD,204,Chad,1996,3.951393,2.957086
TCD,204,Chad,1997,4.034131,2.989643
TCD,204,Chad,1998,4.131001,2.959490
TCD,204,Chad,1999,4.242035,2.969794
TCD,204,Chad,2000,4.352575,3.001698
TCD,204,Chad,2001,4.420457,2.983128
TCD,204,Chad,2002,4.488445,2.992053
TCD,204,Chad,2003,4.524807,2.955246
TCD,204,Chad,2004,4.529571,2.954896
TCD,204,Chad,2005,4.534127,2.957317
TCD,204,Chad,2006,4.538754,2.971807
TCD,204,Chad,2007,4.540864,2.956696
TCD,204,Chad,2008,4.536144,2.990311
TCD,204,Chad,2009,4.531783,2.961721
TCD,204,Chad,2010,4.560498,2.910627
TCD,204,Chad,2011,4.625679,2.908037
TCD,204,Chad,2012,4.758803,2.888990
TCD,204,Chad,2013,4.912224,2.859855
TCD,204,Chad,2014,5.051045,2.871542
TCD,204,Chad,2015,5.222861,2.933247
TCD,204,Chad,2016,5.408043,2.892766
TCD,204,Chad,2017,5.586319,2.938535
TCD,204,Chad,2018,5.744543,2.966428
TCD,204,Chad,2019,5.853318,2.967297
TCD,204,Chad,2020,7.561606,3.680807
TCD,204,Chad,2021,7.135674,3.562672
TCD,204,Chad,2022,7.749103,3.538795
TCD,204,Chad,2023,8.682991,3.593368
TGO,218,Togo,1990,5.519168,2.472337
TGO,218,Togo,1991,5.558989,2.655863
TGO,218,Togo,1992,5.598463,2.652139
TGO,218,Togo,1993,5.642774,2.772857
TGO,218,Togo,1994,5.692323,2.858825
TGO,218,Togo,1995,5.741195,2.707625
TGO,218,Togo,1996,5.788418,2.877653
TGO,218,Togo,1997,5.832874,2.817046
TGO,218,Togo,1998,5.878460,2.833107
TGO,218,Togo,1999,5.924294,2.911395
TGO,218,Togo,2000,5.966634,2.793075
TGO,218,Togo,2001,5.998406,2.810532
TGO,218,Togo,2002,6.026410,2.749942
TGO,218,Togo,2003,6.048707,2.699487
TGO,218,Togo,2004,6.067019,2.716093
TGO,218,Togo,2005,6.084060,2.940709
TGO,218,Togo,2006,6.100803,2.744389
TGO,218,Togo,2007,6.131982,2.850646
TGO,218,Togo,2008,6.179731,2.990620
TGO,218,Togo,2009,6.211876,2.920251
TGO,218,Togo,2010,6.298312,2.971764
TGO,218,Togo,2011,6.397616,3.077317
TGO,218,Togo,2012,6.485553,2.948648
TGO,218,Togo,2013,6.636762,3.119938
TGO,218,Togo,2014,6.802705,2.925445
TGO,218,Togo,2015,6.961050,2.949607
TGO,218,Togo,2016,7.129426,3.122375
TGO,218,Togo,2017,7.219299,3.099626
TGO,218,Togo,2018,7.317180,3.015271
TGO,218,Togo,2019,7.384877,3.270854
TGO,218,Togo,2020,8.931531,3.859790
TGO,218,Togo,2021,9.138346,3.898060
TGO,218,Togo,2022,9.390161,3.995861
TGO,218,Togo,2023,10.576870,4.063988
THA,18,Tailandia,1990,1.585737,1.582477
THA,18,Tailandia,1991,1.586715,1.598321
THA,18,Tailandia,1992,1.587323,1.624055
THA,18,Tailandia,1993,1.586789,1.632378
THA,18,Tailandia,1994,1.584884,1.658556
THA,18,Tailandia,1995,1.582639,1.687564
THA,18,Tailandia,1996,1.580482,1.705837
THA,18,Tailandia,1997,1.578834,1.733457
THA,18,Tailandia,1998,1.577281,1.770704
THA,18,Tailandia,1999,1.575816,1.790478
THA,18,Tailandia,2000,1.574853,1.823979
THA,18,Tailandia,2001,1.576224,1.858000
THA,18,Tailandia,2002,1.578245,1.887449
THA,18,Tailandia,2003,1.582164,1.926675
THA,18,Tailandia,2004,1.587472,1.978331
THA,18,Tailandia,2005,1.592739,2.015020
THA,18,Tailandia,2006,1.597896,2.056928
THA,18,Tailandia,2007,1.599952,2.097707
THA,18,Tailandia,2008,1.597006,2.128047
THA,18,Tailandia,2009,1.592441,2.148190
THA,18,Tailandia,2010,1.579502,2.168341
THA,18,Tailandia,2011,1.568185,2.211306
THA,18,Tailandia,2012,1.577320,2.253233
THA,18,Tailandia,2013,1.594080,2.288708
THA,18,Tailandia,2014,1.612720,2.317336
THA,18,Tailandia,2015,1.650958,2.349768
THA,18,Tailandia,2016,1.706235,2.378583
THA,18,Tailandia,2017,1.756070,2.408759
THA,18,Tailandia,2018,1.799530,2.445571
THA,18,Tailandia,2019,1.846483,2.478325
THA,18,Tailandia,2020,2.097554,2.718295
THA,18,Tailandia,2021,2.323415,2.871558
THA,18,Tailandia,2022,2.322400,2.808551
THA,18,Tailandia,2023,2.640412,2.858419
TJK,39,Tayikistán,1990,2.010771,2.203619
TJK,39,Tayikistán,1991,2.013534,2.194290
TJK,39,Tayikistán,1992,2.016767,2.361685
TJK,39,Tayikistán,1993,2.023282,2.363597
TJK,39,Tayikistán,1994,2.039301,2.393152
TJK,39,Tayikistán,1995,2.057301,2.482486
TJK,39,Tayikistán,1996,2.074576,2.487889
TJK,39,Tayikistán,1997,2.092665,2.434502
TJK,39,Tayikistán,1998,2.111811,2.466389
TJK,39,Tayikistán,1999,2.133147,2.417646
TJK,39,Tayikistán,2000,2.156088,2.449472
TJK,39,Tayikistán,2001,2.179284,2.436897
TJK,39,Tayikistán,2002,2.201017,2.332901
TJK,39,Tayikistán,2003,2.222996,2.361925
TJK,39,Tayikistán,2004,2.246279,2.323635
TJK,39,Tayikistán,2005,2.267810,2.394509
TJK,39,Tayikistán,2006,2.285418,2.444050
TJK,39,Tayikistán,2007,2.298369,2.491916
TJK,39,Tayikistán,2008,2.336021,2.474839
TJK,39,Tayikistán,2009,2.354534,2.623330
TJK,39,Tayikistán,2010,2.389986,2.602845
TJK,39,Tayikistán,2011,2.438440,2.617051
TJK,39,Tayikistán,2012,2.469988,2.676917
TJK,39,Tayikistán,2013,2.488498,2.691181
TJK,39,Tayikistán,2014,2.514074,2.671865
TJK,39,Tayikistán,2015,2.549219,2.616229
TJK,39,Tayikistán,2016,2.605500,2.678180
TJK,39,Tayikistán,2017,2.636212,2.646013
TJK,39,Tayikistán,2018,2.666984,2.670333
TJK,39,Tayikistán,2019,2.693642,2.699956
TJK,39,Tayikistán,2020,3.277926,3.231731
TJK,39,Tayikistán,2021,3.326749,3.292988
TJK,39,Tayikistán,2022,3.424316,3.239268
TJK,39,Tayikistán,2023,3.990124,3.270546
TKL,413,Tokelau,1990,2.998255,1.965563
TKL,413,Tokelau,1991,2.993347,1.980978
TKL,413,Tokelau,1992,2.989306,2.001161
TKL,413,Tokelau,1993,2.983053,2.023095
TKL,413,Tokelau,1994,2.975127,2.044128
TKL,413,Tokelau,1995,2.968762,2.063257
TKL,413,Tokelau,1996,2.964992,2.081642
TKL,413,Tokelau,1997,2.965742,2.097723
TKL,413,Tokelau,1998,2.966758,2.114518
TKL,413,Tokelau,1999,2.966757,2.134291
TKL,413,Tokelau,2000,2.964798,2.157704
TKL,413,Tokelau,2001,2.968875,2.186500
TKL,413,Tokelau,2002,2.969359,2.219597
TKL,413,Tokelau,2003,2.975257,2.254441
TKL,413,Tokelau,2004,2.987947,2.289972
TKL,413,Tokelau,2005,2.999388,2.324633
TKL,413,Tokelau,2006,3.010435,2.358964
TKL,413,Tokelau,2007,3.025523,2.391270
TKL,413,Tokelau,2008,3.040896,2.422349
TKL,413,Tokelau,2009,3.068628,2.452342
TKL,413,Tokelau,2010,3.098514,2.481167
TKL,413,Tokelau,2011,3.122301,2.510004
TKL,413,Tokelau,2012,3.164551,2.538103
TKL,413,Tokelau,2013,3.208875,2.566605
TKL,413,Tokelau,2014,3.259084,2.596432
TKL,413,Tokelau,2015,3.323546,2.627908
TKL,413,Tokelau,2016,3.379777,2.658802
TKL,413,Tokelau,2017,3.441337,2.692547
TKL,413,Tokelau,2018,3.496125,2.727259
TKL,413,Tokelau,2019,3.539237,2.762809
TKL,413,Tokelau,2020,4.234410,3.293144
TKL,413,Tokelau,2021,4.449748,3.444116
TKL,413,Tokelau,2022,4.530232,3.381859
TKL,413,Tokelau,2023,5.245116,3.482205
TKM,40,Turkmenistán,1990,1.606276,2.338772
TKM,40,Turkmenistán,1991,1.608003,2.511473
TKM,40,Turkmenistán,1992,1.611154,2.509152
TKM,40,Turkmenistán,1993,1.619012,2.577241
TKM,40,Turkmenistán,1994,1.630079,2.510854
TKM,40,Turkmenistán,1995,1.642532,2.505056
TKM,40,Turkmenistán,1996,1.656993,2.432213
TKM,40,Turkmenistán,1997,1.670770,2.367314
TKM,40,Turkmenistán,1998,1.687394,2.381497
TKM,40,Turkmenistán,1999,1.704916,2.511793
TKM,40,Turkmenistán,2000,1.723228,2.530560
TKM,40,Turkmenistán,2001,1.741522,2.623322
TKM,40,Turkmenistán,2002,1.759321,2.693584
TKM,40,Turkmenistán,2003,1.777072,2.725439
TKM,40,Turkmenistán,2004,1.795012,2.754709
TKM,40,Turkmenistán,2005,1.811547,2.788611
TKM,40,Turkmenistán,2006,1.826560,2.790883
TKM,40,Turkmenistán,2007,1.830218,2.822126
TKM,40,Turkmenistán,2008,1.832067,2.844713
TKM,40,Turkmenistán,2009,1.822311,2.850540
TKM,40,Turkmenistán,2010,1.826778,2.900105
TKM,40,Turkmenistán,2011,1.817420,2.906451
TKM,40,Turkmenistán,2012,1.851667,2.949798
TKM,40,Turkmenistán,2013,1.911982,2.943037
TKM,40,Turkmenistán,2014,1.979893,2.960097
TKM,40,Turkmenistán,2015,2.106093,2.973150
TKM,40,Turkmenistán,2016,2.215174,2.834555
TKM,40,Turkmenistán,2017,2.394145,2.894539
TKM,40,Turkmenistán,2018,2.524594,2.954006
TKM,40,Turkmenistán,2019,2.592057,2.901229
TKM,40,Turkmenistán,2020,3.206352,3.529120
TKM,40,Turkmenistán,2021,3.235563,3.445077
TKM,40,Turkmenistán,2022,3.416212,3.562298
TKM,40,Turkmenistán,2023,4.104772,3.385061
TLS,19,Timor Oriental,1990,1.640026,1.707057
TLS,19,Timor Oriental,1991,1.626444,1.719684
TLS,19,Timor Oriental,1992,1.613837,1.726863
TLS,19,Timor Oriental,1993,1.600816,1.739704
TLS,19,Timor Oriental,1994,1.587419,1.750893
TLS,19,Timor Oriental,1995,1.574919,1.767239
TLS,19,Timor Oriental,1996,1.562108,1.662293
TLS,19,Timor Oriental,1997,1.548679,1.800408
TLS,19,Timor Oriental,1998,1.534325,1.758729
TLS,19,Timor Oriental,1999,1.518630,1.788945
TLS,19,Timor Oriental,2000,1.504182,1.842358
TLS,19,Timor Oriental,2001,1.494729,1.869617
TLS,19,Timor Oriental,2002,1.485181,1.883518
TLS,19,Timor Oriental,2003,1.481595,1.883165
TLS,19,Timor Oriental,2004,1.483978,1.789154
TLS,19,Timor Oriental,2005,1.488161,1.877001
TLS,19,Timor Oriental,2006,1.493845,1.894867
TLS,19,Timor Oriental,2007,1.498437,1.896988
TLS,19,Timor Oriental,2008,1.507524,1.953725
TLS,19,Timor Oriental,2009,1.520585,1.980528
TLS,19,Timor Oriental,2010,1.535784,1.997574
TLS,19,Timor Oriental,2011,1.550771,1.988694
TLS,19,Timor Oriental,2012,1.580204,2.020507
TLS,19,Timor Oriental,2013,1.616300,2.051540
TLS,19,Timor Oriental,2014,1.651109,2.075774
TLS,19,Timor Oriental,2015,1.691392,2.129739
TLS,19,Timor Oriental,2016,1.727049,2.073477
TLS,19,Timor Oriental,2017,1.760282,2.101902
TLS,19,Timor Oriental,2018,1.792593,2.095060
TLS,19,Timor Oriental,2019,1.814421,2.080467
TLS,19,Timor Oriental,2020,2.094061,2.382489
TLS,19,Timor Oriental,2021,2.244826,2.513133
TLS,19,Timor Oriental,2022,2.247862,2.586485
TLS,19,Timor Oriental,2023,2.547051,2.480576
TON,29,Tonga,1990,3.544557,2.240196
TON,29,Tonga,1991,3.557616,2.262432
TON,29,Tonga,1992,3.569535,2.284359
TON,29,Tonga,1993,3.583535,2.305693
TON,29,Tonga,1994,3.599650,2.326671
TON,29,Tonga,1995,3.614608,2.347153
TON,29,Tonga,1996,3.628095,2.368312
TON,29,Tonga,1997,3.639238,2.389219
TON,29,Tonga,1998,3.650836,2.409931
TON,29,Tonga,1999,3.664898,2.431098
TON,29,Tonga,2000,3.678311,2.451342
TON,29,Tonga,2001,3.696974,2.471900
TON,29,Tonga,2002,3.716422,2.492554
TON,29,Tonga,2003,3.742654,2.513503
TON,29,Tonga,2004,3.775150,2.534482
TON,29,Tonga,2005,3.807597,2.555006
TON,29,Tonga,2006,3.839284,2.575803
TON,29,Tonga,2007,3.876263,2.597321
TON,29,Tonga,2008,3.908578,2.619750
TON,29,Tonga,2009,3.953060,2.642134
TON,29,Tonga,2010,4.000814,2.665733
TON,29,Tonga,2011,4.040981,2.689398
TON,29,Tonga,2012,4.104728,2.713011
TON,29,Tonga,2013,4.170085,2.736362
TON,29,Tonga,2014,4.242291,2.759544
TON,29,Tonga,2015,4.334953,2.783322
TON,29,Tonga,2016,4.419254,2.805206
TON,29,Tonga,2017,4.513009,2.828436
TON,29,Tonga,2018,4.601040,2.852238
TON,29,Tonga,2019,4.677138,2.876230
TON,29,Tonga,2020,5.697868,3.673328
TON,29,Tonga,2021,6.012633,3.604380
TON,29,Tonga,2022,6.102151,3.588802
TON,29,Tonga,2023,7.072948,3.706962
TTO,119,Trinidad y Tobago,1990,3.245263,3.152946
TTO,119,Trinidad y Tobago,1991,3.303909,3.173597
TTO,119,Trinidad y Tobago,1992,3.364413,3.223503
TTO,119,Trinidad y Tobago,1993,3.429678,3.262859
TTO,119,Trinidad y Tobago,1994,3.498693,3.310682
TTO,119,Trinidad y Tobago,1995,3.567712,3.363663
TTO,119,Trinidad y Tobago,1996,3.636222,3.423642
TTO,119,Trinidad y Tobago,1997,3.704689,3.480163
TTO,119,Trinidad y Tobago,1998,3.774227,3.516900
TTO,119,Trinidad y Tobago,1999,3.844852,3.378441
TTO,119,Trinidad y Tobago,2000,3.913871,3.417159
TTO,119,Trinidad y Tobago,2001,3.975787,3.352847
TTO,119,Trinidad y Tobago,2002,4.037864,3.301557
TTO,119,Trinidad y Tobago,2003,4.093104,3.337412
TTO,119,Trinidad y Tobago,2004,4.139826,3.367283
TTO,119,Trinidad y Tobago,2005,4.183493,3.392484
TTO,119,Trinidad y Tobago,2006,4.224976,3.400971
TTO,119,Trinidad y Tobago,2007,4.227658,3.407213
TTO,119,Trinidad y Tobago,2008,4.225829,3.407995
TTO,119,Trinidad y Tobago,2009,4.204547,3.400205
TTO,119,Trinidad y Tobago,2010,4.140046,3.390160
TTO,119,Trinidad y Tobago,2011,4.102442,3.388415
TTO,119,Trinidad y Tobago,2012,4.194992,3.386403
TTO,119,Trinidad y Tobago,2013,4.281047,3.388791
TTO,119,Trinidad y Tobago,2014,4.335719,3.396249
TTO,119,Trinidad y Tobago,2015,4.482304,3.404617
TTO,119,Trinidad y Tobago,2016,4.572541,3.415619
TTO,119,Trinidad y Tobago,2017,4.577456,3.428953
TTO,119,Trinidad y Tobago,2018,4.566035,3.696318
TTO,119,Trinidad y Tobago,2019,4.605448,3.715184
TTO,119,Trinidad y Tobago,2020,5.520125,4.574783
TTO,119,Trinidad y Tobago,2021,5.913377,4.911604
TTO,119,Trinidad y Tobago,2022,5.917497,4.779782
TTO,119,Trinidad y Tobago,2023,6.836596,4.664802
TUN,154,Túnez,1990,5.250422,3.474116
TUN,154,Túnez,1991,5.270106,3.696086
TUN,154,Túnez,1992,5.292468,3.551333
TUN,154,Túnez,1993,5.314289,3.678736
TUN,154,Túnez,1994,5.335788,3.888499
TUN,154,Túnez,1995,5.358881,3.886374
TUN,154,Túnez,1996,5.383554,3.809674
TUN,154,Túnez,1997,5.409061,3.961635
TUN,154,Túnez,1998,5.433413,3.934367
TUN,154,Túnez,1999,5.455426,3.892287
TUN,154,Túnez,2000,5.473767,4.149975
TUN,154,Túnez,2001,5.477939,4.196507
TUN,154,Túnez,2002,5.478925,4.388610
TUN,154,Túnez,2003,5.464997,4.298587
TUN,154,Túnez,2004,5.435891,4.361521
TUN,154,Túnez,2005,5.402813,4.306270
TUN,154,Túnez,2006,5.371032,4.435109
TUN,154,Túnez,2007,5.338847,4.519352
TUN,154,Túnez,2008,5.297020,4.410313
TUN,154,Túnez,2009,5.249053,4.564226
TUN,154,Túnez,2010,5.203847,4.486757
TUN,154,Túnez,2011,5.142894,4.625922
TUN,154,Túnez,2012,5.113238,4.627012
TUN,154,Túnez,2013,5.054551,4.809391
TUN,154,Túnez,2014,5.027421,4.952707
TUN,154,Túnez,2015,5.006314,5.005774
TUN,154,Túnez,2016,4.989217,5.042692
TUN,154,Túnez,2017,4.983018,5.042265
TUN,154,Túnez,2018,4.970214,5.085334
TUN,154,Túnez,2019,4.951377,5.081869
TUN,154,Túnez,2020,6.019971,6.238569
TUN,154,Túnez,2021,6.140962,6.406505
TUN,154,Túnez,2022,6.244829,6.162647
TUN,154,Túnez,2023,7.334717,6.349892
TUR,155,Turquía,1990,4.296569,3.508177
TUR,155,Turquía,1991,4.299227,3.552212
TUR,155,Turquía,1992,4.300317,3.626865
TUR,155,Turquía,1993,4.296927,3.675576
TUR,155,Turquía,1994,4.288619,3.735126
TUR,155,Turquía,1995,4.279627,3.791812
TUR,155,Turquía,1996,4.268516,3.847017
TUR,155,Turquía,1997,4.255201,3.890421
TUR,155,Turquía,1998,4.238369,3.933072
TUR,155,Turquía,1999,4.217215,3.969424
TUR,155,Turquía,2000,4.197577,3.979422
TUR,155,Turquía,2001,4.177670,4.016271
TUR,155,Turquía,2002,4.158403,4.021812
TUR,155,Turquía,2003,4.138896,4.076464
TUR,155,Turquía,2004,4.118711,4.117968
TUR,155,Turquía,2005,4.097686,4.170759
TUR,155,Turquía,2006,4.080825,4.225803
TUR,155,Turquía,2007,4.062659,4.293263
TUR,155,Turquía,2008,4.031638,4.339440
TUR,155,Turquía,2009,4.012561,4.363295
TUR,155,Turquía,2010,3.975127,4.417798
TUR,155,Turquía,2011,3.940543,4.452026
TUR,155,Turquía,2012,3.915713,4.491544
TUR,155,Turquía,2013,3.912688,4.541700
TUR,155,Turquía,2014,3.904749,4.580238
TUR,155,Turquía,2015,3.891484,4.617241
TUR,155,Turquía,2016,3.863192,4.649900
TUR,155,Turquía,2017,3.819810,4.647388
TUR,155,Turquía,2018,3.790811,4.673373
TUR,155,Turquía,2019,3.774674,4.679714
TUR,155,Turquía,2020,4.424077,5.581145
TUR,155,Turquía,2021,4.503524,5.684146
TUR,155,Turquía,2022,4.597143,5.539486
TUR,155,Turquía,2023,5.261435,5.671554
TUV,416,Tuvalu,1990,2.860145,1.961208
TUV,416,Tuvalu,1991,2.864040,1.978186
TUV,416,Tuvalu,1992,2.869681,1.995487
TUV,416,Tuvalu,1993,2.873817,2.012960
TUV,416,Tuvalu,1994,2.875115,2.029933
TUV,416,Tuvalu,1995,2.875193,2.046533
TUV,416,Tuvalu,1996,2.873486,2.064383
TUV,416,Tuvalu,1997,2.870515,2.081897
TUV,416,Tuvalu,1998,2.865443,2.099912
TUV,416,Tuvalu,1999,2.858867,2.118230
TUV,416,Tuvalu,2000,2.852128,2.135716
TUV,416,Tuvalu,2001,2.853565,2.154115
TUV,416,Tuvalu,2002,2.855273,2.173114
TUV,416,Tuvalu,2003,2.865718,2.193095
TUV,416,Tuvalu,2004,2.884641,2.213920
TUV,416,Tuvalu,2005,2.903424,2.235024
TUV,416,Tuvalu,2006,2.921673,2.258126
TUV,416,Tuvalu,2007,2.942015,2.281898
TUV,416,Tuvalu,2008,2.961054,2.307068
TUV,416,Tuvalu,2009,2.991023,2.333286
TUV,416,Tuvalu,2010,3.021798,2.359706
TUV,416,Tuvalu,2011,3.045127,2.387326
TUV,416,Tuvalu,2012,3.086011,2.415039
TUV,416,Tuvalu,2013,3.127225,2.443114
TUV,416,Tuvalu,2014,3.171901,2.471224
TUV,416,Tuvalu,2015,3.227670,2.498702
TUV,416,Tuvalu,2016,3.272492,2.522621
TUV,416,Tuvalu,2017,3.320079,2.546395
TUV,416,Tuvalu,2018,3.360361,2.568354
TUV,416,Tuvalu,2019,3.389849,2.588345
TUV,416,Tuvalu,2020,4.045784,3.067422
TUV,416,Tuvalu,2021,4.242333,3.183513
TUV,416,Tuvalu,2022,4.300765,3.098936
TUV,416,Tuvalu,2023,4.957581,3.163605
TWN,8,Taiwán,1990,2.768825,1.922313
TWN,8,Taiwán,1991,2.761144,2.015411
TWN,8,Taiwán,1992,2.754126,2.030029
TWN,8,Taiwán,1993,2.746308,2.033617
TWN,8,Taiwán,1994,2.737246,2.144060
TWN,8,Taiwán,1995,2.724804,2.083635
TWN,8,Taiwán,1996,2.707032,2.183410
TWN,8,Taiwán,1997,2.691835,2.141000
TWN,8,Taiwán,1998,2.683529,2.178687
TWN,8,Taiwán,1999,2.676573,2.210663
TWN,8,Taiwán,2000,2.674757,2.206574
TWN,8,Taiwán,2001,2.683043,2.304859
TWN,8,Taiwán,2002,2.692495,2.274202
TWN,8,Taiwán,2003,2.709426,2.343562
TWN,8,Taiwán,2004,2.735649,2.384419
TWN,8,Taiwán,2005,2.762853,2.392622
TWN,8,Taiwán,2006,2.789823,2.435233
TWN,8,Taiwán,2007,2.884872,2.505703
TWN,8,Taiwán,2008,2.962620,2.522217
TWN,8,Taiwán,2009,3.055411,2.580203
TWN,8,Taiwán,2010,3.215893,2.623462
TWN,8,Taiwán,2011,3.280663,2.653018
TWN,8,Taiwán,2012,3.280154,2.693870
TWN,8,Taiwán,2013,3.254969,2.732871
TWN,8,Taiwán,2014,3.298313,2.772651
TWN,8,Taiwán,2015,3.381952,2.811471
TWN,8,Taiwán,2016,3.391183,2.847993
TWN,8,Taiwán,2017,3.376008,2.884064
TWN,8,Taiwán,2018,3.323767,2.919393
TWN,8,Taiwán,2019,3.310789,2.954488
TWN,8,Taiwán,2020,3.658000,3.212911
TWN,8,Taiwán,2021,3.598561,3.238086
TWN,8,Taiwán,2022,3.730244,3.260668
TWN,8,Taiwán,2023,3.958965,3.314163
TZA,189,Tanzania,1990,2.027766,2.416638
TZA,189,Tanzania,1991,2.023491,2.420247
TZA,189,Tanzania,1992,2.018955,2.514458
TZA,189,Tanzania,1993,2.013983,2.426786
TZA,189,Tanzania,1994,2.008473,2.559462
TZA,189,Tanzania,1995,2.002845,2.471221
TZA,189,Tanzania,1996,1.996989,2.471575
TZA,189,Tanzania,1997,1.991250,2.573057
TZA,189,Tanzania,1998,1.985674,2.553391
TZA,189,Tanzania,1999,1.980347,2.593879
TZA,189,Tanzania,2000,1.975085,2.660040
TZA,189,Tanzania,2001,1.970829,2.670656
TZA,189,Tanzania,2002,1.967104,2.692651
TZA,189,Tanzania,2003,1.965070,2.655003
TZA,189,Tanzania,2004,1.964633,2.684083
TZA,189,Tanzania,2005,1.964275,2.674878
TZA,189,Tanzania,2006,1.964478,2.648484
TZA,189,Tanzania,2007,1.957222,2.664692
TZA,189,Tanzania,2008,1.950248,2.671780
TZA,189,Tanzania,2009,1.944059,2.658119
TZA,189,Tanzania,2010,1.926736,2.697131
TZA,189,Tanzania,2011,1.930406,2.699056
TZA,189,Tanzania,2012,1.952590,2.678327
TZA,189,Tanzania,2013,1.995150,2.737927
TZA,189,Tanzania,2014,2.058476,2.716038
TZA,189,Tanzania,2015,2.112558,2.740593
TZA,189,Tanzania,2016,2.189488,2.767959
TZA,189,Tanzania,2017,2.244494,2.736716
TZA,189,Tanzania,2018,2.283837,2.759561
TZA,189,Tanzania,2019,2.342407,2.781963
TZA,189,Tanzania,2020,3.037641,3.397623
TZA,189,Tanzania,2021,3.216208,3.506815
TZA,189,Tanzania,2022,3.299951,3.411240
TZA,189,Tanzania,2023,3.990703,3.517052
UGA,190,Uganda,1990,2.789059,2.458906
UGA,190,Uganda,1991,2.779054,2.448047
UGA,190,Uganda,1992,2.769547,2.409412
UGA,190,Uganda,1993,2.759857,2.277101
UGA,190,Uganda,1994,2.750108,2.383955
UGA,190,Uganda,1995,2.741937,2.316967
UGA,190,Uganda,1996,2.734881,2.325521
UGA,190,Uganda,1997,2.729328,2.385352
UGA,190,Uganda,1998,2.724604,2.393442
UGA,190,Uganda,1999,2.720554,2.392388
UGA,190,Uganda,2000,2.717773,2.386286
UGA,190,Uganda,2001,2.718111,2.367675
UGA,190,Uganda,2002,2.719266,2.383908
UGA,190,Uganda,2003,2.722395,2.375699
UGA,190,Uganda,2004,2.727829,2.382118
UGA,190,Uganda,2005,2.733611,2.381541
UGA,190,Uganda,2006,2.740347,2.369251
UGA,190,Uganda,2007,2.742356,2.353684
UGA,190,Uganda,2008,2.756272,2.296092
UGA,190,Uganda,2009,2.786538,2.309269
UGA,190,Uganda,2010,2.804154,2.297256
UGA,190,Uganda,2011,2.855168,2.246671
UGA,190,Uganda,2012,2.924988,2.261151
UGA,190,Uganda,2013,3.016723,2.260083
UGA,190,Uganda,2014,3.111349,2.268802
UGA,190,Uganda,2015,3.225378,2.252323
UGA,190,Uganda,2016,3.379954,2.276643
UGA,190,Uganda,2017,3.499041,2.291585
UGA,190,Uganda,2018,3.567120,2.307596
UGA,190,Uganda,2019,3.629283,2.323939
UGA,190,Uganda,2020,4.592546,2.689122
UGA,190,Uganda,2021,5.015111,2.948829
UGA,190,Uganda,2022,5.059347,2.818247
UGA,190,Uganda,2023,6.019377,2.877687
UKR,63,Ucrania,1990,3.167840,4.304634
UKR,63,Ucrania,1991,3.176109,4.318707
UKR,63,Ucrania,1992,3.186195,4.474256
UKR,63,Ucrania,1993,3.197777,4.354640
UKR,63,Ucrania,1994,3.209328,4.594829
UKR,63,Ucrania,1995,3.220714,4.469524
UKR,63,Ucrania,1996,3.231638,4.505548
UKR,63,Ucrania,1997,3.240976,4.697960
UKR,63,Ucrania,1998,3.247856,4.515382
UKR,63,Ucrania,1999,3.252749,4.783065
UKR,63,Ucrania,2000,3.255738,4.677687
UKR,63,Ucrania,2001,3.258281,4.709187
UKR,63,Ucrania,2002,3.258534,4.894003
UKR,63,Ucrania,2003,3.257524,4.700485
UKR,63,Ucrania,2004,3.255969,4.799720
UKR,63,Ucrania,2005,3.251957,5.065915
UKR,63,Ucrania,2006,3.246522,5.003058
UKR,63,Ucrania,2007,3.227280,5.123070
UKR,63,Ucrania,2008,3.217944,5.241651
UKR,63,Ucrania,2009,3.209526,5.230193
UKR,63,Ucrania,2010,3.203534,5.223036
UKR,63,Ucrania,2011,3.217837,5.215723
UKR,63,Ucrania,2012,3.250193,5.213713
UKR,63,Ucrania,2013,3.300400,5.127580
UKR,63,Ucrania,2014,3.329570,5.324786
UKR,63,Ucrania,2015,3.346317,5.263466
UKR,63,Ucrania,2016,3.385208,5.294453
UKR,63,Ucrania,2017,3.429901,5.409643
UKR,63,Ucrania,2018,3.438950,5.376504
UKR,63,Ucrania,2019,3.419432,5.394584
UKR,63,Ucrania,2020,4.020029,6.411388
UKR,63,Ucrania,2021,4.219992,6.670571
UKR,63,Ucrania,2022,4.266037,6.607720
UKR,63,Ucrania,2023,4.954270,6.755032
URY,99,Uruguay,1990,6.024777,2.949774
URY,99,Uruguay,1991,6.038944,3.034842
URY,99,Uruguay,1992,6.053781,3.043012
URY,99,Uruguay,1993,6.077732,2.975340
URY,99,Uruguay,1994,6.110023,2.980799
URY,99,Uruguay,1995,6.141390,2.985086
URY,99,Uruguay,1996,6.171101,2.994114
URY,99,Uruguay,1997,6.201153,3.001420
URY,99,Uruguay,1998,6.240617,3.008759
URY,99,Uruguay,1999,6.290776,3.020075
URY,99,Uruguay,2000,6.343753,3.031966
URY,99,Uruguay,2001,6.396549,3.045067
URY,99,Uruguay,2002,6.449808,3.058618
URY,99,Uruguay,2003,6.502475,3.073556
URY,99,Uruguay,2004,6.554761,3.089643
URY,99,Uruguay,2005,6.605011,3.105898
URY,99,Uruguay,2006,6.654331,3.123626
URY,99,Uruguay,2007,6.686415,3.141996
URY,99,Uruguay,2008,6.720010,3.160638
URY,99,Uruguay,2009,6.733684,3.180499
URY,99,Uruguay,2010,6.718293,3.200367
URY,99,Uruguay,2011,6.721246,3.219677
URY,99,Uruguay,2012,6.706014,3.237506
URY,99,Uruguay,2013,6.735948,3.253040
URY,99,Uruguay,2014,6.753594,3.267187
URY,99,Uruguay,2015,6.780296,3.279923
URY,99,Uruguay,2016,6.843410,3.456013
URY,99,Uruguay,2017,6.896418,3.302154
URY,99,Uruguay,2018,6.950371,3.578697
URY,99,Uruguay,2019,6.990320,3.408323
URY,99,Uruguay,2020,7.917072,4.197750
URY,99,Uruguay,2021,8.481561,4.190030
URY,99,Uruguay,2022,8.412034,4.274938
URY,99,Uruguay,2023,9.512571,4.146265
USA,102,Estados Unidos de América,1990,6.426357,3.906921
USA,102,Estados Unidos de América,1991,6.483964,4.009980
USA,102,Estados Unidos de América,1992,6.541715,3.891132
USA,102,Estados Unidos de América,1993,6.604673,3.955011
USA,102,Estados Unidos de América,1994,6.677439,3.942444
USA,102,Estados Unidos de América,1995,6.754015,3.914686
USA,102,Estados Unidos de América,1996,6.835814,3.963647
USA,102,Estados Unidos de América,1997,6.920926,3.902295
USA,102,Estados Unidos de América,1998,7.008634,3.927438
USA,102,Estados Unidos de América,1999,7.099528,3.924532
USA,102,Estados Unidos de América,2000,7.189816,3.946513
USA,102,Estados Unidos de América,2001,7.207795,4.028805
USA,102,Estados Unidos de América,2002,7.223921,4.047400
USA,102,Estados Unidos de América,2003,7.165418,4.135825
USA,102,Estados Unidos de América,2004,7.036096,4.188384
USA,102,Estados Unidos de América,2005,6.908255,4.230895
USA,102,Estados Unidos de América,2006,6.783466,4.293262
USA,102,Estados Unidos de América,2007,6.654650,4.345313
USA,102,Estados Unidos de América,2008,6.482816,4.382532
USA,102,Estados Unidos de América,2009,6.265972,4.437172
USA,102,Estados Unidos de América,2010,6.047772,4.483365
USA,102,Estados Unidos de América,2011,5.928768,4.513598
USA,102,Estados Unidos de América,2012,5.792759,4.545861
USA,102,Estados Unidos de América,2013,5.701723,4.563068
USA,102,Estados Unidos de América,2014,5.659853,4.570024
USA,102,Estados Unidos de América,2015,5.606791,4.561085
USA,102,Estados Unidos de América,2016,5.569515,4.571590
USA,102,Estados Unidos de América,2017,5.520479,4.539019
USA,102,Estados Unidos de América,2018,5.497546,4.501170
USA,102,Estados Unidos de América,2019,5.502695,4.501011
USA,102,Estados Unidos de América,2020,6.699755,5.269477
USA,102,Estados Unidos de América,2021,6.753648,5.217417
USA,102,Estados Unidos de América,2022,6.952510,5.062854
USA,102,Estados Unidos de América,2023,7.979164,5.244168
UZB,41,Uzbekistán,1990,2.023421,2.278615
UZB,41,Uzbekistán,1991,2.029543,2.280607
UZB,41,Uzbekistán,1992,2.038845,2.288041
UZB,41,Uzbekistán,1993,2.053210,2.431934
UZB,41,Uzbekistán,1994,2.072147,2.424426
UZB,41,Uzbekistán,1995,2.093473,2.377642
UZB,41,Uzbekistán,1996,2.116913,2.453207
UZB,41,Uzbekistán,1997,2.140672,2.403606
UZB,41,Uzbekistán,1998,2.168148,2.377034
UZB,41,Uzbekistán,1999,2.195153,2.524473
UZB,41,Uzbekistán,2000,2.222019,2.579207
UZB,41,Uzbekistán,2001,2.246256,2.637965
UZB,41,Uzbekistán,2002,2.268837,2.627088
UZB,41,Uzbekistán,2003,2.289775,2.654269
UZB,41,Uzbekistán,2004,2.309056,2.737989
UZB,41,Uzbekistán,2005,2.324981,2.717562
UZB,41,Uzbekistán,2006,2.337387,2.731974
UZB,41,Uzbekistán,2007,2.315173,2.861026
UZB,41,Uzbekistán,2008,2.300834,2.844443
UZB,41,Uzbekistán,2009,2.253812,2.872643
UZB,41,Uzbekistán,2010,2.193330,2.929120
UZB,41,Uzbekistán,2011,2.143977,2.945481
UZB,41,Uzbekistán,2012,2.127639,2.998822
UZB,41,Uzbekistán,2013,2.117912,2.976617
UZB,41,Uzbekistán,2014,2.093058,3.004619
UZB,41,Uzbekistán,2015,2.065838,3.010855
UZB,41,Uzbekistán,2016,2.044843,2.886047
UZB,41,Uzbekistán,2017,2.043146,3.007430
UZB,41,Uzbekistán,2018,2.046363,2.989731
UZB,41,Uzbekistán,2019,2.063891,2.934995
UZB,41,Uzbekistán,2020,2.423648,3.333575
UZB,41,Uzbekistán,2021,2.419992,3.324556
UZB,41,Uzbekistán,2022,2.522265,3.371198
UZB,41,Uzbekistán,2023,2.806765,3.306553
VCT,117,San Vicente y las Granadinas,1990,3.948384,2.707908
VCT,117,San Vicente y las Granadinas,1991,4.006539,2.652862
VCT,117,San Vicente y las Granadinas,1992,4.062593,2.685121
VCT,117,San Vicente y las Granadinas,1993,4.121630,2.717328
VCT,117,San Vicente y las Granadinas,1994,4.183134,2.750427
VCT,117,San Vicente y las Granadinas,1995,4.245151,2.983017
VCT,117,San Vicente y las Granadinas,1996,4.309727,2.998058
VCT,117,San Vicente y las Granadinas,1997,4.380418,2.937620
VCT,117,San Vicente y las Granadinas,1998,4.454990,3.067198
VCT,117,San Vicente y las Granadinas,1999,4.533142,3.000707
VCT,117,San Vicente y las Granadinas,2000,4.611336,2.945751
VCT,117,San Vicente y las Granadinas,2001,4.683811,2.976933
VCT,117,San Vicente y las Granadinas,2002,4.759284,3.011803
VCT,117,San Vicente y las Granadinas,2003,4.830012,3.046402
VCT,117,San Vicente y las Granadinas,2004,4.892959,3.076350
VCT,117,San Vicente y las Granadinas,2005,4.951348,3.103669
VCT,117,San Vicente y las Granadinas,2006,5.004844,3.119863
VCT,117,San Vicente y las Granadinas,2007,5.051009,3.137151
VCT,117,San Vicente y las Granadinas,2008,5.093235,3.150735
VCT,117,San Vicente y las Granadinas,2009,5.135883,3.154963
VCT,117,San Vicente y las Granadinas,2010,5.162227,3.158051
VCT,117,San Vicente y las Granadinas,2011,5.193109,3.169517
VCT,117,San Vicente y las Granadinas,2012,5.269513,3.177858
VCT,117,San Vicente y las Granadinas,2013,5.312500,3.189537
VCT,117,San Vicente y las Granadinas,2014,5.352708,3.206413
VCT,117,San Vicente y las Granadinas,2015,5.425427,3.221509
VCT,117,San Vicente y las Granadinas,2016,5.498911,3.240376
VCT,117,San Vicente y las Granadinas,2017,5.547214,3.259788
VCT,117,San Vicente y las Granadinas,2018,5.560358,3.282507
VCT,117,San Vicente y las Granadinas,2019,5.546379,3.307813
VCT,117,San Vicente y las Granadinas,2020,6.268671,3.839974
VCT,117,San Vicente y las Granadinas,2021,6.505332,3.967425
VCT,117,San Vicente y las Granadinas,2022,6.607820,3.891487
VCT,117,San Vicente y las Granadinas,2023,7.282473,4.029346
VEN,133,Venezuela,1990,2.618626,2.956321
VEN,133,Venezuela,1991,2.648211,2.969588
VEN,133,Venezuela,1992,2.678682,3.017202
VEN,133,Venezuela,1993,2.715857,3.009332
VEN,133,Venezuela,1994,2.759922,3.054298
VEN,133,Venezuela,1995,2.804695,3.047551
VEN,133,Venezuela,1996,2.848290,3.066262
VEN,133,Venezuela,1997,2.889622,3.036864
VEN,133,Venezuela,1998,2.934401,3.052709
VEN,133,Venezuela,1999,2.982178,3.062771
VEN,133,Venezuela,2000,3.035173,3.071869
VEN,133,Venezuela,2001,3.081809,3.105109
VEN,133,Venezuela,2002,3.128025,3.125211
VEN,133,Venezuela,2003,3.165555,3.145086
VEN,133,Venezuela,2004,3.193959,3.160795
VEN,133,Venezuela,2005,3.221418,3.174474
VEN,133,Venezuela,2006,3.232114,3.191155
VEN,133,Venezuela,2007,3.265156,3.211047
VEN,133,Venezuela,2008,3.274311,3.240367
VEN,133,Venezuela,2009,3.279476,3.259399
VEN,133,Venezuela,2010,3.302076,3.279108
VEN,133,Venezuela,2011,3.352975,3.288913
VEN,133,Venezuela,2012,3.404660,3.298792
VEN,133,Venezuela,2013,3.484130,3.309145
VEN,133,Venezuela,2014,3.582538,3.341516
VEN,133,Venezuela,2015,3.711759,3.344078
VEN,133,Venezuela,2016,3.882407,3.376061
VEN,133,Venezuela,2017,4.024583,3.398031
VEN,133,Venezuela,2018,4.191326,3.415466
VEN,133,Venezuela,2019,4.354224,3.446773
VEN,133,Venezuela,2020,5.272448,4.055687
VEN,133,Venezuela,2021,5.575903,4.228987
VEN,133,Venezuela,2022,5.788289,4.141037
VEN,133,Venezuela,2023,6.703570,4.202721
VIR,422,"Islas Vírgenes, EUA",1990,4.292875,2.606870
VIR,422,"Islas Vírgenes, EUA",1991,4.346097,2.624566
VIR,422,"Islas Vírgenes, EUA",1992,4.399166,2.641910
VIR,422,"Islas Vírgenes, EUA",1993,4.457816,2.659785
VIR,422,"Islas Vírgenes, EUA",1994,4.522377,2.678772
VIR,422,"Islas Vírgenes, EUA",1995,4.588987,2.699303
VIR,422,"Islas Vírgenes, EUA",1996,4.658527,2.721670
VIR,422,"Islas Vírgenes, EUA",1997,4.730562,2.745948
VIR,422,"Islas Vírgenes, EUA",1998,4.806593,2.771160
VIR,422,"Islas Vírgenes, EUA",1999,4.885244,2.796461
VIR,422,"Islas Vírgenes, EUA",2000,4.962718,2.821524
VIR,422,"Islas Vírgenes, EUA",2001,5.029633,2.844607
VIR,422,"Islas Vírgenes, EUA",2002,5.095713,2.867627
VIR,422,"Islas Vírgenes, EUA",2003,5.153415,2.889833
VIR,422,"Islas Vírgenes, EUA",2004,5.202260,2.910917
VIR,422,"Islas Vírgenes, EUA",2005,5.249580,2.931349
VIR,422,"Islas Vírgenes, EUA",2006,5.295188,2.949015
VIR,422,"Islas Vírgenes, EUA",2007,5.333367,2.966767
VIR,422,"Islas Vírgenes, EUA",2008,5.367965,2.983262
VIR,422,"Islas Vírgenes, EUA",2009,5.405414,2.997940
VIR,422,"Islas Vírgenes, EUA",2010,5.426928,3.012089
VIR,422,"Islas Vírgenes, EUA",2011,5.456043,3.027082
VIR,422,"Islas Vírgenes, EUA",2012,5.532087,3.042138
VIR,422,"Islas Vírgenes, EUA",2013,5.576809,3.058680
VIR,422,"Islas Vírgenes, EUA",2014,5.620361,3.076879
VIR,422,"Islas Vírgenes, EUA",2015,5.697894,3.095849
VIR,422,"Islas Vírgenes, EUA",2016,5.773236,3.114245
VIR,422,"Islas Vírgenes, EUA",2017,5.820177,3.132800
VIR,422,"Islas Vírgenes, EUA",2018,5.825328,3.150315
VIR,422,"Islas Vírgenes, EUA",2019,5.801495,3.166988
VIR,422,"Islas Vírgenes, EUA",2020,6.564163,3.649325
VIR,422,"Islas Vírgenes, EUA",2021,6.809065,3.763228
VIR,422,"Islas Vírgenes, EUA",2022,6.892478,3.678150
VIR,422,"Islas Vírgenes, EUA",2023,7.639441,3.800682
VNM,20,Vietnam,1990,1.585144,1.508721
VNM,20,Vietnam,1991,1.581770,1.490720
VNM,20,Vietnam,1992,1.579901,1.482384
VNM,20,Vietnam,1993,1.578744,1.499828
VNM,20,Vietnam,1994,1.578539,1.520585
VNM,20,Vietnam,1995,1.579890,1.542282
VNM,20,Vietnam,1996,1.582457,1.568072
VNM,20,Vietnam,1997,1.585867,1.640833
VNM,20,Vietnam,1998,1.589802,1.628049
VNM,20,Vietnam,1999,1.593838,1.683710
VNM,20,Vietnam,2000,1.597690,1.719568
VNM,20,Vietnam,2001,1.603987,1.797840
VNM,20,Vietnam,2002,1.609600,1.773705
VNM,20,Vietnam,2003,1.617127,1.917692
VNM,20,Vietnam,2004,1.626251,1.883315
VNM,20,Vietnam,2005,1.634052,1.993676
VNM,20,Vietnam,2006,1.640980,2.033493
VNM,20,Vietnam,2007,1.648320,2.067911
VNM,20,Vietnam,2008,1.655633,2.072324
VNM,20,Vietnam,2009,1.668741,2.170618
VNM,20,Vietnam,2010,1.675681,2.169796
VNM,20,Vietnam,2011,1.680403,2.187305
VNM,20,Vietnam,2012,1.692999,2.262627
VNM,20,Vietnam,2013,1.697986,2.286869
VNM,20,Vietnam,2014,1.716881,2.302226
VNM,20,Vietnam,2015,1.742493,2.344947
VNM,20,Vietnam,2016,1.768768,2.354132
VNM,20,Vietnam,2017,1.783662,2.362314
VNM,20,Vietnam,2018,1.772943,2.389676
VNM,20,Vietnam,2019,1.757403,2.330955
VNM,20,Vietnam,2020,1.916186,2.565967
VNM,20,Vietnam,2021,2.087815,2.712762
VNM,20,Vietnam,2022,2.058876,2.592658
VNM,20,Vietnam,2023,2.307433,2.716952
VUT,30,Vanuatu,1990,2.826866,1.662143
VUT,30,Vanuatu,1991,2.824316,1.675386
VUT,30,Vanuatu,1992,2.821939,1.689150
VUT,30,Vanuatu,1993,2.817133,1.703454
VUT,30,Vanuatu,1994,2.809862,1.717722
VUT,30,Vanuatu,1995,2.801910,1.731706
VUT,30,Vanuatu,1996,2.793005,1.747250
VUT,30,Vanuatu,1997,2.782557,1.763268
VUT,30,Vanuatu,1998,2.770191,1.780747
VUT,30,Vanuatu,1999,2.757476,1.799463
VUT,30,Vanuatu,2000,2.746755,1.818939
VUT,30,Vanuatu,2001,2.746715,1.840690
VUT,30,Vanuatu,2002,2.745783,1.862762
VUT,30,Vanuatu,2003,2.753106,1.886461
VUT,30,Vanuatu,2004,2.768632,1.911489
VUT,30,Vanuatu,2005,2.783372,1.936763
VUT,30,Vanuatu,2006,2.797179,1.963228
VUT,30,Vanuatu,2007,2.813538,1.989252
VUT,30,Vanuatu,2008,2.829076,2.015004
VUT,30,Vanuatu,2009,2.855508,2.040170
VUT,30,Vanuatu,2010,2.882349,2.063740
VUT,30,Vanuatu,2011,2.902041,2.087018
VUT,30,Vanuatu,2012,2.941627,2.110183
VUT,30,Vanuatu,2013,2.985009,2.134221
VUT,30,Vanuatu,2014,3.034764,2.159320
VUT,30,Vanuatu,2015,3.098647,2.185531
VUT,30,Vanuatu,2016,3.153608,2.211339
VUT,30,Vanuatu,2017,3.210925,2.397885
VUT,30,Vanuatu,2018,3.260978,2.272239
VUT,30,Vanuatu,2019,3.298940,2.377301
VUT,30,Vanuatu,2020,3.925313,2.820459
VUT,30,Vanuatu,2021,4.121264,2.869784
VUT,30,Vanuatu,2022,4.183762,2.811905
VUT,30,Vanuatu,2023,4.786743,2.881551
WSM,27,Samoa,1990,3.023267,1.726413
WSM,27,Samoa,1991,3.011864,1.742072
WSM,27,Samoa,1992,2.998809,1.758090
WSM,27,Samoa,1993,2.980971,1.774060
WSM,27,Samoa,1994,2.959050,1.789395
WSM,27,Samoa,1995,2.936975,1.804386
WSM,27,Samoa,1996,2.915581,1.820365
WSM,27,Samoa,1997,2.897061,1.836287
WSM,27,Samoa,1998,2.879237,1.852837
WSM,27,Samoa,1999,2.862870,1.870410
WSM,27,Samoa,2000,2.848585,1.888564
WSM,27,Samoa,2001,2.845465,1.909315
WSM,27,Samoa,2002,2.844374,1.931807
WSM,27,Samoa,2003,2.852829,1.955821
WSM,27,Samoa,2004,2.870243,1.980626
WSM,27,Samoa,2005,2.886511,2.004566
WSM,27,Samoa,2006,2.901502,2.028525
WSM,27,Samoa,2007,2.918879,2.050903
WSM,27,Samoa,2008,2.935201,2.072842
WSM,27,Samoa,2009,2.961485,2.093937
WSM,27,Samoa,2010,2.990919,2.116683
WSM,27,Samoa,2011,3.011566,2.140200
WSM,27,Samoa,2012,3.047997,2.163533
WSM,27,Samoa,2013,3.084457,2.187042
WSM,27,Samoa,2014,3.124555,2.210134
WSM,27,Samoa,2015,3.177750,2.232380
WSM,27,Samoa,2016,3.222520,2.251321
WSM,27,Samoa,2017,3.273154,2.269731
WSM,27,Samoa,2018,3.319110,2.286758
WSM,27,Samoa,2019,3.356502,2.302980
WSM,27,Samoa,2020,4.079510,2.745726
WSM,27,Samoa,2021,4.296898,2.852769
WSM,27,Samoa,2022,4.358255,2.764883
WSM,27,Samoa,2023,5.074213,2.824304
YEM,157,Yemen,1990,4.794823,2.240110
YEM,157,Yemen,1991,4.823017,2.347845
YEM,157,Yemen,1992,4.853763,2.398963
YEM,157,Yemen,1993,4.881325,2.332946
YEM,157,Yemen,1994,4.904599,2.603171
YEM,157,Yemen,1995,4.927162,2.514786
YEM,157,Yemen,1996,4.946884,2.565496
YEM,157,Yemen,1997,4.963006,2.671755
YEM,157,Yemen,1998,4.973072,2.671606
YEM,157,Yemen,1999,4.977046,2.719097
YEM,157,Yemen,2000,4.976511,2.766546
YEM,157,Yemen,2001,4.963239,2.768256
YEM,157,Yemen,2002,4.947095,2.802222
YEM,157,Yemen,2003,4.919583,2.842220
YEM,157,Yemen,2004,4.881332,2.852744
YEM,157,Yemen,2005,4.840886,2.874214
YEM,157,Yemen,2006,4.803554,2.906116
YEM,157,Yemen,2007,4.768228,2.926095
YEM,157,Yemen,2008,4.697323,2.935128
YEM,157,Yemen,2009,4.637617,2.972894
YEM,157,Yemen,2010,4.550194,2.998033
YEM,157,Yemen,2011,4.446116,3.058026
YEM,157,Yemen,2012,4.370704,3.103100
YEM,157,Yemen,2013,4.315491,3.130057
YEM,157,Yemen,2014,4.276988,3.199784
YEM,157,Yemen,2015,4.228209,3.252940
YEM,157,Yemen,2016,4.155092,3.300507
YEM,157,Yemen,2017,4.108477,3.361462
YEM,157,Yemen,2018,4.033017,3.429289
YEM,157,Yemen,2019,3.939425,3.476444
YEM,157,Yemen,2020,4.690768,4.356630
YEM,157,Yemen,2021,4.592641,4.397448
YEM,157,Yemen,2022,4.705135,4.320078
YEM,157,Yemen,2023,5.315304,4.428411
ZAF,196,Sudáfrica,1990,3.525530,2.848186
ZAF,196,Sudáfrica,1991,3.538043,2.851746
ZAF,196,Sudáfrica,1992,3.550924,2.863559
ZAF,196,Sudáfrica,1993,3.564323,2.874236
ZAF,196,Sudáfrica,1994,3.577484,2.871235
ZAF,196,Sudáfrica,1995,3.590695,2.843420
ZAF,196,Sudáfrica,1996,3.604618,2.846858
ZAF,196,Sudáfrica,1997,3.619480,2.858080
ZAF,196,Sudáfrica,1998,3.635183,2.830974
ZAF,196,Sudáfrica,1999,3.651152,2.878819
ZAF,196,Sudáfrica,2000,3.666502,2.892198
ZAF,196,Sudáfrica,2001,3.680476,2.903098
ZAF,196,Sudáfrica,2002,3.692095,2.929980
ZAF,196,Sudáfrica,2003,3.701210,2.943644
ZAF,196,Sudáfrica,2004,3.707859,2.964106
ZAF,196,Sudáfrica,2005,3.712032,2.948240
ZAF,196,Sudáfrica,2006,3.714760,2.976577
ZAF,196,Sudáfrica,2007,3.705704,2.999326
ZAF,196,Sudáfrica,2008,3.699855,3.010924
ZAF,196,Sudáfrica,2009,3.683975,3.039791
ZAF,196,Sudáfrica,2010,3.647233,3.063377
ZAF,196,Sudáfrica,2011,3.662059,3.069709
ZAF,196,Sudáfrica,2012,3.641585,3.098473
ZAF,196,Sudáfrica,2013,3.671522,3.097075
ZAF,196,Sudáfrica,2014,3.741116,3.125650
ZAF,196,Sudáfrica,2015,3.759464,3.140235
ZAF,196,Sudáfrica,2016,3.851287,3.163571
ZAF,196,Sudáfrica,2017,3.911357,3.176440
ZAF,196,Sudáfrica,2018,3.985052,3.200436
ZAF,196,Sudáfrica,2019,4.081263,3.216634
ZAF,196,Sudáfrica,2020,5.266442,3.910804
ZAF,196,Sudáfrica,2021,5.492147,4.009002
ZAF,196,Sudáfrica,2022,5.626705,3.939421
ZAF,196,Sudáfrica,2023,6.834024,4.000480
ZMB,191,Zambia,1990,2.773578,2.426298
ZMB,191,Zambia,1991,2.764540,2.363495
ZMB,191,Zambia,1992,2.754157,2.375228
ZMB,191,Zambia,1993,2.742541,2.402175
ZMB,191,Zambia,1994,2.729959,2.244980
ZMB,191,Zambia,1995,2.717212,2.282030
ZMB,191,Zambia,1996,2.704434,2.275909
ZMB,191,Zambia,1997,2.692161,2.319154
ZMB,191,Zambia,1998,2.680975,2.309128
ZMB,191,Zambia,1999,2.671353,2.354219
ZMB,191,Zambia,2000,2.663044,2.375550
ZMB,191,Zambia,2001,2.657888,2.396824
ZMB,191,Zambia,2002,2.654740,2.282514
ZMB,191,Zambia,2003,2.654877,2.396229
ZMB,191,Zambia,2004,2.658608,2.246344
ZMB,191,Zambia,2005,2.662811,2.253205
ZMB,191,Zambia,2006,2.667350,2.376657
ZMB,191,Zambia,2007,2.659823,2.346132
ZMB,191,Zambia,2008,2.656003,2.281222
ZMB,191,Zambia,2009,2.637460,2.469323
ZMB,191,Zambia,2010,2.662745,2.305886
ZMB,191,Zambia,2011,2.685564,2.426116
ZMB,191,Zambia,2012,2.772615,2.435517
ZMB,191,Zambia,2013,2.921714,2.440432
ZMB,191,Zambia,2014,3.053323,2.501492
ZMB,191,Zambia,2015,3.190511,2.510570
ZMB,191,Zambia,2016,3.297432,2.509978
ZMB,191,Zambia,2017,3.411226,2.509684
ZMB,191,Zambia,2018,3.535350,2.538731
ZMB,191,Zambia,2019,3.647990,2.544657
ZMB,191,Zambia,2020,4.784150,3.114983
ZMB,191,Zambia,2021,5.132501,3.224463
ZMB,191,Zambia,2022,5.251670,3.163476
ZMB,191,Zambia,2023,6.386182,3.221521
ZWE,198,Zimbabue,1990,3.644977,2.414344
ZWE,198,Zimbabue,1991,3.681809,2.317953
ZWE,198,Zimbabue,1992,3.717227,2.345780
ZWE,198,Zimbabue,1993,3.750058,2.309963
ZWE,198,Zimbabue,1994,3.780048,2.279212
ZWE,198,Zimbabue,1995,3.804586,2.413490
ZWE,198,Zimbabue,1996,3.824094,2.315746
ZWE,198,Zimbabue,1997,3.840339,2.382607
ZWE,198,Zimbabue,1998,3.853564,2.488442
ZWE,198,Zimbabue,1999,3.863760,2.445494
ZWE,198,Zimbabue,2000,3.870700,2.530440
ZWE,198,Zimbabue,2001,3.876425,2.581870
ZWE,198,Zimbabue,2002,3.880781,2.605428
ZWE,198,Zimbabue,2003,3.885700,2.599140
ZWE,198,Zimbabue,2004,3.891894,2.583773
ZWE,198,Zimbabue,2005,3.898299,2.589231
ZWE,198,Zimbabue,2006,3.903661,2.552041
ZWE,198,Zimbabue,2007,3.889828,2.573974
ZWE,198,Zimbabue,2008,3.869485,2.615660
ZWE,198,Zimbabue,2009,3.820267,2.587439
ZWE,198,Zimbabue,2010,3.740710,2.613035
ZWE,198,Zimbabue,2011,3.700358,2.602585
ZWE,198,Zimbabue,2012,3.626702,2.592422
ZWE,198,Zimbabue,2013,3.627816,2.611402
ZWE,198,Zimbabue,2014,3.655487,2.614459
ZWE,198,Zimbabue,2015,3.647544,2.650368
ZWE,198,Zimbabue,2016,3.655200,2.663916
ZWE,198,Zimbabue,2017,3.628802,2.679504
ZWE,198,Zimbabue,2018,3.626559,2.692716
ZWE,198,Zimbabue,2019,3.657607,2.698732
ZWE,198,Zimbabue,2020,4.633533,3.298595
ZWE,198,Zimbabue,2021,4.903175,3.411786
ZWE,198,Zimbabue,2022,4.910511,3.323522
ZWE,198,Zimbabue,2023,5.917344,3.387573
