iso3,anio,A,Dp,conexion,pob
AFG,1990,4.246852,3.045243,0.0,12045660.0
AFG,1991,4.218643,3.057498,,12238879.0
AFG,1992,4.183842,3.049826,,13278974.0
AFG,1993,4.109785,3.006865,,14943172.0
AFG,1994,4.024815,2.976084,,16250794.0
AFG,1995,3.953906,2.933166,,17065836.0
AFG,1996,3.890441,2.892987,,17763266.0
AFG,1997,3.834337,2.866967,,18452091.0
AFG,1998,3.79679,2.839497,,19159996.0
AFG,1999,3.775308,2.811069,,19887785.0
AFG,2000,3.764579,2.80837,,20130327.0
AFG,2001,3.765069,2.798874,0.00472256824217368,20284307.0
AFG,2002,3.778146,2.771996,0.00456139517022146,21378117.0
AFG,2003,3.778798,2.770505,0.0878912528559713,22733049.0
AFG,2004,3.769843,2.76533,0.105809030021958,23560654.0
AFG,2005,3.768562,2.776365,1.22414808372471,24404567.0
AFG,2006,3.762795,2.803807,2.10712364546412,25424094.0
AFG,2007,3.755781,2.831328,1.899999976,25909852.0
AFG,2008,3.750363,2.871205,1.84,26482622.0
AFG,2009,3.736532,2.917674,3.55,27466101.0
AFG,2010,3.726553,2.952634,4.0,28284089.0
AFG,2011,3.717045,2.991458,5.0,29347708.0
AFG,2012,3.726803,3.029338,5.454500198,30560034.0
AFG,2013,3.748043,3.070745,5.900000095,31622704.0
AFG,2014,3.786547,3.118964,7.0,32792523.0
AFG,2015,3.825846,3.15984,8.260000229,33831764.0
AFG,2016,3.853078,3.195102,11.0,34700612.0
AFG,2017,3.898044,3.231419,13.5,35688935.0
AFG,2018,3.935593,3.268316,16.79999924,36743039.0
AFG,2019,3.978251,3.299684,17.60000038,37856121.0
AFG,2020,5.147522,4.179289,17.04850006,39068979.0
AFG,2021,5.3155,4.282116,16.51429939,40000412.0
AFG,2022,5.462312,4.069591,15.86629963,40578842.0
AFG,2023,6.503549,4.153807,15.92840004,41454761.0
AGO,1990,4.884171,3.701255,0.0,11626360.0
AGO,1991,4.889543,3.669005,,12023529.0
AGO,1992,4.894188,3.690636,,12423712.0
AGO,1993,4.912762,3.707259,,12827135.0
AGO,1994,4.947191,3.686679,,13249764.0
AGO,1995,4.983731,3.663588,,13699778.0
AGO,1996,5.020792,3.63507,0.000776,14170973.0
AGO,1997,5.058559,3.624227,0.00567,14660413.0
AGO,1998,5.107,3.63035,0.0185,15159370.0
AGO,1999,5.165796,3.642152,0.072,15667235.0
AGO,2000,5.22392,3.66267,0.105045562462262,16194869.0
AGO,2001,5.259524,3.70454,0.136013867429868,16747208.0
AGO,2002,5.294574,3.68709,0.270376745595134,17327699.0
AGO,2003,5.313081,3.657041,0.370682065225727,17943712.0
AGO,2004,5.314229,3.642709,0.464814617985909,18600423.0
AGO,2005,5.313866,3.605497,1.143399954,19291161.0
AGO,2006,5.313691,3.559905,1.5,20015279.0
AGO,2007,5.316825,3.584572,1.700000048,20778561.0
AGO,2008,5.310224,3.534859,1.899999976,21578655.0
AGO,2009,5.294909,3.569512,2.299999952,22414773.0
AGO,2010,5.283048,3.55442,2.799999952,23294825.0
AGO,2011,5.27092,3.514719,4.699999809,24218352.0
AGO,2012,5.269986,3.461282,7.699999809,25177394.0
AGO,2013,5.290032,3.51068,13.0,26165620.0
AGO,2014,5.296444,3.325249,21.3623407584103,27160769.0
AGO,2015,5.313938,3.471147,22.0,28157798.0
AGO,2016,5.353989,3.500989,23.20000076,29183070.0
AGO,2017,5.353341,3.509748,26.0,30234839.0
AGO,2018,5.312664,3.613593,29.0,31297155.0
AGO,2019,5.270092,3.660913,32.12939835,32375632.0
AGO,2020,6.411985,4.502895,33.32089996,33451132.0
AGO,2021,6.614201,4.699231,34.55649948,34532429.0
AGO,2022,6.705637,4.543859,35.83800125,35635029.0
AGO,2023,7.740416,4.681913,37.88589859,36749906.0
ALB,1990,3.623377,1.970197,0.0,3286542.0
ALB,1991,3.629168,1.97471,,3266790.0
ALB,1992,3.637971,2.060003,,3247039.0
ALB,1993,3.652543,2.074417,,3227287.0
ALB,1994,3.671708,2.137444,,3207536.0
ALB,1995,3.696569,2.17831,0.0112,3187784.0
ALB,1996,3.722635,2.217025,0.0322,3168033.0
ALB,1997,3.744932,2.27414,0.0486,3148281.0
ALB,1998,3.778739,2.246811,0.065,3128530.0
ALB,1999,3.808444,2.303502,0.0814,3108778.0
ALB,2000,3.841703,2.299251,0.114097346552109,3089027.0
ALB,2001,3.880996,2.316293,0.325798377067964,3060173.0
ALB,2002,3.919956,2.322857,0.39008127343332,3051010.0
ALB,2003,3.962545,2.26196,0.971900415195857,3039616.0
ALB,2004,4.00742,2.388549,2.42038779776014,3026939.0
ALB,2005,4.046698,2.360407,6.04389086404814,3011487.0
ALB,2006,4.085451,2.397602,9.609999657,2992547.0
ALB,2007,4.114403,2.458508,15.03610039,2970017.0
ALB,2008,4.174054,2.484638,23.86,2947314.0
ALB,2009,4.223975,2.509217,41.2,2927519.0
ALB,2010,4.291291,2.425641,45.0,2913021.0
ALB,2011,4.365685,2.45322,47.0,2905195.0
ALB,2012,4.42392,2.430081,49.40000153,2860708.0
ALB,2013,4.473763,2.411351,51.79999924,2816902.0
ALB,2014,4.492512,2.54042,54.29999924,2773767.0
ALB,2015,4.542543,2.481607,56.90000153,2731293.0
ALB,2016,4.597238,2.564663,59.59999847,2689469.0
ALB,2017,4.620848,2.598247,62.40000153,2648285.0
ALB,2018,4.610316,2.571171,65.40000153,2607733.0
ALB,2019,4.587947,2.59776,68.5503911218006,2567801.0
ALB,2020,5.499045,3.061438,72.23767711,2528480.0
ALB,2021,5.573222,3.121209,79.32371752,2489762.0
ALB,2022,5.771388,3.070469,82.61367544,2451636.0
ALB,2023,6.637584,3.225413,83.13559161,2411658.0
AND,1990,5.273113,3.354684,0.0,52597.0
AND,1991,5.200721,3.357787,,56667.0
AND,1992,5.118804,3.360882,,60200.0
AND,1993,5.026633,3.363522,,63272.0
AND,1994,4.952961,3.366771,,64612.0
AND,1995,4.88006,3.367103,,63912.0
AND,1996,4.815172,3.377243,1.53,63984.0
AND,1997,4.744877,3.382203,3.05,64700.0
AND,1998,4.683385,3.394052,6.89,65382.0
AND,1999,4.62161,3.406103,7.64,65710.0
AND,2000,4.566556,3.419752,10.53883560922,65685.0
AND,2001,4.546562,3.431037,,65852.0
AND,2002,4.529286,3.44083,11.2604687170103,66506.0
AND,2003,4.561598,3.449338,13.546412876439,69486.0
AND,2004,4.622441,3.448063,26.8379543894637,74325.0
AND,2005,4.680639,3.444202,37.6057662174867,77421.0
AND,2006,4.746017,3.44171,48.9368469989479,79585.0
AND,2007,4.80514,3.443952,70.87,81877.0
AND,2008,4.896228,3.443552,70.04,83495.0
AND,2009,5.043623,3.44144,78.53,83888.0
AND,2010,5.169744,3.435535,81.0,80706.0
AND,2011,5.349186,3.447105,81.0,77783.0
AND,2012,5.523438,3.461487,82.69999695,76834.0
AND,2013,5.697421,3.490167,84.40000153,75194.0
AND,2014,5.868124,3.531057,86.09999847,73737.0
AND,2015,6.016688,3.686902,87.90000153,72174.0
AND,2016,6.164239,3.741332,89.69999695,72181.0
AND,2017,6.295634,3.858071,91.5674670273926,73763.0
AND,2018,6.435064,3.9995,93.5,75162.0
AND,2019,6.567882,4.067675,90.71869659,76474.0
AND,2020,8.012832,4.751281,93.20570374,77380.0
AND,2021,7.961774,4.745424,93.89749908,78364.0
AND,2022,8.49106,4.69214,94.05169678,79705.0
AND,2023,9.613322,4.730642,94.21499634,80856.0
ARE,1990,3.761402,3.004103,0.0,1898220.0
ARE,1991,3.776767,3.112731,,2006626.0
ARE,1992,3.790203,3.152971,,2114730.0
ARE,1993,3.798787,3.123844,,2222093.0
ARE,1994,3.802949,3.163891,,2328188.0
ARE,1995,3.807535,3.202528,0.103,2434662.0
ARE,1996,3.819049,3.244187,0.375,2597564.0
ARE,1997,3.83209,3.284904,3.3,2817410.0
ARE,1998,3.842454,3.323753,6.91,3040421.0
ARE,1999,3.847613,3.362873,14.9,3266009.0
ARE,2000,3.845606,3.39924,23.6253008751553,3493575.0
ARE,2001,3.832918,3.433861,26.2717542010006,3723590.0
ARE,2002,3.813591,3.466193,28.3164853110439,3956826.0
ARE,2003,3.78787,3.497966,29.4779534120864,4192457.0
ARE,2004,3.75795,3.529421,30.1312961695367,4428967.0
ARE,2005,3.728725,3.560557,40.0,4664790.0
ARE,2006,3.701364,3.590891,52.0,5009100.0
ARE,2007,3.701434,3.66467,61.0,5624635.0
ARE,2008,3.677385,3.724287,63.0,6302664.0
ARE,2009,3.653481,3.770188,64.0,6707058.0
ARE,2010,3.637018,3.944543,68.0,6869838.0
ARE,2011,3.601022,3.803306,78.0,7104538.0
ARE,2012,3.561965,3.895556,84.9999915049492,7391448.0
ARE,2013,3.508814,3.910878,88.0,7693031.0
ARE,2014,3.477404,4.005419,90.4000107121939,8059440.0
ARE,2015,3.46758,4.09303,90.5,8505237.0
ARE,2016,3.423263,4.14473,90.6000073180483,8935095.0
ARE,2017,3.362235,4.282167,94.8199225383446,9223225.0
ARE,2018,3.298967,4.104036,98.4500017817194,9346701.0
ARE,2019,3.234842,4.296042,99.1499979561243,9445785.0
ARE,2020,3.711668,4.965183,100.0,9401038.0
ARE,2021,3.721522,4.728301,100.0,9575152.0
ARE,2022,3.828063,5.027239,100.0,10074977.0
ARE,2023,4.24297,4.808738,100.0,10483751.0
ARG,1990,5.683707,3.36556,0.0,32755901.0
ARG,1991,5.705286,3.38106,,33230294.0
ARG,1992,5.726464,3.398614,0.00299,33693527.0
ARG,1993,5.750826,3.412726,0.0295,34152717.0
ARG,1994,5.778503,3.420141,0.0437,34613491.0
ARG,1995,5.806247,3.424782,0.0863,35070020.0
ARG,1996,5.831425,3.442732,0.142,35513793.0
ARG,1997,5.852614,3.402165,0.28,35947791.0
ARG,1998,5.874007,3.271283,0.831,36372860.0
ARG,1999,5.897961,3.263479,3.28,36794682.0
ARG,2000,5.923417,3.184849,7.0386830862178,37213984.0
ARG,2001,5.952069,3.13253,9.78080728532407,37624825.0
ARG,2002,5.980586,3.146503,10.8821243775325,38029349.0
ARG,2003,6.010619,3.159883,11.9136965509954,38424282.0
ARG,2004,6.042837,3.172228,16.0366841054923,38815916.0
ARG,2005,6.075517,3.183603,17.7205833696065,39216789.0
ARG,2006,6.109186,3.194045,20.9272021035896,39622115.0
ARG,2007,6.121147,3.201464,25.9466329403819,40016763.0
ARG,2008,6.143144,3.206875,28.1126234799907,40424148.0
ARG,2009,6.118616,3.213836,34.0,40854831.0
ARG,2010,6.0994,3.225301,45.0,41288694.0
ARG,2011,6.088024,3.241034,51.0,41730660.0
ARG,2012,6.089953,3.256999,55.79999924,42161721.0
ARG,2013,6.126075,3.273305,59.90000153,42582455.0
ARG,2014,6.207696,3.289504,64.69999695,43024071.0
ARG,2015,6.293867,3.304679,68.0430641088122,43477012.0
ARG,2016,6.348293,3.447091,70.9689808206024,43900313.0
ARG,2017,6.421446,3.332233,74.2949068657957,44288894.0
ARG,2018,6.534467,3.587077,77.7,44654882.0
ARG,2019,6.640352,3.604167,79.9469520347551,44973465.0
ARG,2020,8.182545,4.47232,85.51438646,45191965.0
ARG,2021,8.424059,4.677263,87.15070683,45312281.0
ARG,2022,8.730924,4.600758,88.37535691,45407904.0
ARG,2023,10.19619,4.696155,89.22897166,45538401.0
ARM,1990,4.722924,2.723252,0.0,3552128.0
ARM,1991,4.738588,2.729506,,3613977.0
ARM,1992,4.758586,2.870905,,3571861.0
ARM,1993,4.788304,2.896195,,3453332.0
ARM,1994,4.828947,2.984656,0.00912,3364610.0
ARM,1995,4.877493,3.063707,0.0527,3307581.0
ARM,1996,4.927219,3.085523,0.0946,3278735.0
ARM,1997,4.975743,3.06963,0.112,3246289.0
ARM,1998,5.024326,3.076673,0.129,3208401.0
ARM,1999,5.072074,3.083111,0.971,3167286.0
ARM,2000,5.115888,3.096098,1.30047002237784,3221100.0
ARM,2001,5.156857,3.127334,1.63109466677715,3211800.0
ARM,2002,5.19068,3.151328,1.9604050458212,3199800.0
ARM,2003,5.220671,3.193473,4.57521722477781,3182500.0
ARM,2004,5.247255,3.209059,4.8990085713054,3164900.0
ARM,2005,5.265711,3.281576,5.252999783,3146400.0
ARM,2006,5.279328,3.31974,5.631800175,3127100.0
ARM,2007,5.268713,3.38769,6.021299839,3107400.0
ARM,2008,5.272638,3.419651,6.21,3087100.0
ARM,2009,5.269152,3.446331,15.30000019,3066000.0
ARM,2010,5.258224,3.465513,25.0,3044800.0
ARM,2011,5.26886,3.473069,32.0,3027900.0
ARM,2012,5.299608,3.492204,37.5,3024100.0
ARM,2013,5.329934,3.501356,41.9,3022000.0
ARM,2014,5.32659,3.540154,54.6228058583362,3013800.0
ARM,2015,5.304581,3.570662,59.1008337674937,3004600.0
ARM,2016,5.296195,3.604414,64.3460297653742,2992300.0
ARM,2017,5.309096,3.617752,64.7448843250726,2979400.0
ARM,2018,5.329445,3.630661,68.2450522610271,2969000.0
ARM,2019,5.323842,3.625998,66.5439496866159,2962500.0
ARM,2020,6.349076,4.499326,76.50770055,2961500.0
ARM,2021,6.3987,4.413668,78.61225758,2962300.0
ARM,2022,6.59192,4.418405,77.02767465,2969200.0
ARM,2023,7.613872,4.524921,79.99663036,2964300.0
ASM,1990,2.972323,1.870894,0.0,46640.0
ASM,1991,2.957938,1.882502,,47882.0
ASM,1992,2.946112,1.89501,,49038.0
ASM,1993,2.935478,1.908912,,50159.0
ASM,1994,2.92668,1.924233,,51251.0
ASM,1995,2.921262,1.940981,,52316.0
ASM,1996,2.917137,1.960344,,53353.0
ASM,1997,2.913249,1.979982,,54362.0
ASM,1998,2.907108,2.000295,,55334.0
ASM,1999,2.899051,2.020981,,56248.0
ASM,2000,2.890721,2.04089,,56855.0
ASM,2001,2.892766,2.061668,,57053.0
ASM,2002,2.896686,2.082393,,57062.0
ASM,2003,2.910378,2.245262,,56971.0
ASM,2004,2.934141,2.27054,,56818.0
ASM,2005,2.957317,2.368678,,56617.0
ASM,2006,2.979807,2.471353,,56374.0
ASM,2007,3.004866,2.510098,,56113.0
ASM,2008,3.028815,2.543865,,55828.0
ASM,2009,3.062179,2.428199,,55528.0
ASM,2010,3.09801,2.465019,,55228.0
ASM,2011,3.124536,2.426226,,54895.0
ASM,2012,3.168177,2.39339,,54489.0
ASM,2013,3.212614,2.59829,,54006.0
ASM,2014,3.262354,2.47472,,53466.0
ASM,2015,3.325326,2.59397,,52878.0
ASM,2016,3.378197,2.63366,,52245.0
ASM,2017,3.435069,2.595871,,51586.0
ASM,2018,3.486162,2.639667,,50908.0
ASM,2019,3.528236,2.684236,,50209.0
ASM,2020,4.278444,3.243205,,49761.0
ASM,2021,4.500525,3.396843,,49225.0
ASM,2022,4.577442,3.326334,,48342.0
ASM,2023,5.348888,3.433099,,47521.0
ATG,1990,4.19866,2.921384,0.0,63066.0
ATG,1991,4.248413,3.145581,,63387.0
ATG,1992,4.300412,2.970153,,64404.0
ATG,1993,4.358303,3.086852,,65587.0
ATG,1994,4.423396,3.112764,,66843.0
ATG,1995,4.489768,3.044523,2.2,68189.0
ATG,1996,4.55689,3.068954,2.86,69612.0
ATG,1997,4.624456,3.094459,3.48,71053.0
ATG,1998,4.697968,3.123145,4.07,72412.0
ATG,1999,4.776032,3.150438,5.3,73666.0
ATG,2000,4.85462,3.175784,6.48222573702907,74912.0
ATG,2001,4.925302,3.20084,8.89928551450583,76069.0
ATG,2002,4.995651,3.225373,12.5,77032.0
ATG,2003,5.057984,3.248303,17.2286487816884,77884.0
ATG,2004,5.112265,3.269156,24.2665437161785,78719.0
ATG,2005,5.166625,3.29238,27.0,79611.0
ATG,2006,5.219874,3.303118,30.0,80604.0
ATG,2007,5.266156,3.314935,34.0,81704.0
ATG,2008,5.30892,3.321856,38.0,82912.0
ATG,2009,5.353417,3.320479,42.0,84173.0
ATG,2010,5.382088,3.320652,47.0,85320.0
ATG,2011,5.417244,3.331187,52.0,86332.0
ATG,2012,5.501083,3.341654,58.0,87260.0
ATG,2013,5.5504,3.356577,63.40000153,88064.0
ATG,2014,5.594708,3.376921,67.77999878,88765.0
ATG,2015,5.671923,3.396216,70.0,89409.0
ATG,2016,5.746212,3.415776,70.27159882,89969.0
ATG,2017,5.792692,3.436461,70.54419708,90468.0
ATG,2018,5.796397,3.458148,70.81790161,90926.0
ATG,2019,5.768519,3.479149,71.09259796,91364.0
ATG,2020,6.58527,4.43042,71.36840057,91846.0
ATG,2021,6.829947,4.218075,71.64530182,92349.0
ATG,2022,6.91141,4.245658,71.9233017,92840.0
ATG,2023,7.705288,4.426887,72.12409973,93316.0
AUS,1990,4.285332,4.000241,0.585,17065128.0
AUS,1991,4.32239,4.029855,1.1,17284036.0
AUS,1992,4.358203,4.025657,1.77,17478635.0
AUS,1993,4.414942,3.977379,1.97,17634808.0
AUS,1994,4.491508,4.158089,2.23,17805468.0
AUS,1995,4.569774,3.908677,2.76,18004882.0
AUS,1996,4.647002,4.095893,3.28,18224767.0
AUS,1997,4.724296,3.940809,16.4,18423037.0
AUS,1998,4.817685,3.949486,30.8,18607584.0
AUS,1999,4.926055,3.956128,40.8,18812264.0
AUS,2000,5.034742,4.031952,46.7561156116738,19028802.0
AUS,2001,5.15848,4.055028,52.6892664310395,19274701.0
AUS,2002,5.280971,3.939089,,19495210.0
AUS,2003,5.428228,4.016482,,19720737.0
AUS,2004,5.598269,3.926392,,19932722.0
AUS,2005,5.768908,3.833643,63.0,20176844.0
AUS,2006,5.926562,3.844074,66.0,20450966.0
AUS,2007,6.084354,3.85512,69.45,20827622.0
AUS,2008,6.254793,3.872195,71.67,21249199.0
AUS,2009,6.440836,4.060194,74.25,21691653.0
AUS,2010,6.638365,4.11185,76.0,22031750.0
AUS,2011,6.861006,4.214522,79.4876977139029,22340024.0
AUS,2012,7.112372,4.293338,79.0,22733465.0
AUS,2013,7.343412,4.175865,83.453497167,23128129.0
AUS,2014,7.660503,4.356584,84.0,23475686.0
AUS,2015,7.931166,4.245309,84.5605149091408,23815995.0
AUS,2016,8.234549,4.249042,86.54000092,24190907.0
AUS,2017,8.535193,4.383598,86.5450488476768,24592588.0
AUS,2018,8.784482,4.349923,90.0082016,24963258.0
AUS,2019,9.059658,4.37337,93.60990143,25334826.0
AUS,2020,10.085875,4.596955,94.6934967,25649248.0
AUS,2021,10.340283,4.629008,96.97219849,25685412.0
AUS,2022,10.884232,4.734447,96.11940002,26018721.0
AUS,2023,11.720965,4.454359,96.1160965,26659922.0
AUT,1990,4.236268,2.521206,0.13,7677850.0
AUT,1991,4.220266,2.569395,0.259,7754891.0
AUT,1992,4.202759,2.567198,0.643,7840709.0
AUT,1993,4.192217,2.516009,0.765,7905633.0
AUT,1994,4.188719,2.513666,1.39,7936118.0
AUT,1995,4.186245,2.619402,1.89,7948278.0
AUT,1996,4.186547,2.515328,6.91,7959017.0
AUT,1997,4.188468,2.568722,9.53,7968041.0
AUT,1998,4.197462,2.571682,15.4,7976789.0
AUT,1999,4.212631,2.525468,23.0,7992324.0
AUT,2000,4.227063,2.530297,33.7301329516915,8011566.0
AUT,2001,4.248848,2.53478,39.1854501811114,8042293.0
AUT,2002,4.270651,2.540327,36.56,8081957.0
AUT,2003,4.303701,2.544216,42.7,8121423.0
AUT,2004,4.348655,2.546547,54.28,8171966.0
AUT,2005,4.391337,2.5499,58.0,8227829.0
AUT,2006,4.426555,2.659619,63.6,8268641.0
AUT,2007,4.469751,2.670839,69.37,8295487.0
AUT,2008,4.50708,2.72226,72.87,8321496.0
AUT,2009,4.568486,2.765358,73.45,8343323.0
AUT,2010,4.618059,2.679429,75.17,8363404.0
AUT,2011,4.667378,2.676265,78.7399930986888,8391643.0
AUT,2012,4.732768,2.628011,80.0299939169903,8429991.0
AUT,2013,4.790446,2.694386,80.6188,8479823.0
AUT,2014,4.864841,2.606799,80.9958249574764,8546356.0
AUT,2015,4.961951,2.665513,83.9401419315026,8642699.0
AUT,2016,5.080192,2.676781,84.3237425711653,8736668.0
AUT,2017,5.180106,2.741514,87.9355865856062,8797566.0
AUT,2018,5.262619,2.74609,87.4791372262556,8840521.0
AUT,2019,5.323928,2.711865,87.7522047870069,8879920.0
AUT,2020,6.304623,3.325774,87.52942813,8916864.0
AUT,2021,6.434577,3.283411,92.52915104,8955797.0
AUT,2022,6.716172,3.112127,93.61409139,9041851.0
AUT,2023,7.590909,3.250555,95.33467117,9131761.0
AZE,1990,3.139076,2.709702,0.0,7175200.0
AZE,1991,3.139913,2.73428,,7271300.0
AZE,1992,3.143029,2.836468,,7382050.0
AZE,1993,3.154944,2.893491,,7494800.0
AZE,1994,3.17447,2.933381,0.00143,7596550.0
AZE,1995,3.199769,2.917332,0.00206,7684850.0
AZE,1996,3.227172,2.893509,0.00635,7763000.0
AZE,1997,3.256297,2.907329,0.0252,7838250.0
AZE,1998,3.289392,2.892675,0.0375,7913000.0
AZE,1999,3.325416,2.90111,0.0992,7982750.0
AZE,2000,3.359895,2.930735,0.147757575623251,8048600.0
AZE,2001,3.392893,2.946682,0.305564637615618,8111200.0
AZE,2002,3.421971,2.967883,4.99971367812957,8171950.0
AZE,2003,3.449087,3.004432,,8234100.0
AZE,2004,3.474823,3.022435,,8306500.0
AZE,2005,3.494107,3.07094,8.030400276,8391850.0
AZE,2006,3.508753,3.084022,11.9921999,8484550.0
AZE,2007,3.53503,3.12423,14.53999996,8581300.0
AZE,2008,3.529669,3.157001,17.08,8763400.0
AZE,2009,3.556047,3.156775,27.4,8947243.0
AZE,2010,3.565616,3.197907,46.0,9054332.0
AZE,2011,3.541239,3.211249,50.0,9173082.0
AZE,2012,3.531627,3.217547,54.20000076,9295784.0
AZE,2013,3.505943,3.231402,73.000001372,9416801.0
AZE,2014,3.467276,3.262519,75.0000156363396,9535079.0
AZE,2015,3.411528,3.278146,77.0,9649341.0
AZE,2016,3.341747,3.309288,78.2,9757812.0
AZE,2017,3.296928,3.318709,79.0,9854033.0
AZE,2018,3.242998,3.333742,79.7999954887896,9939771.0
AZE,2019,3.182929,3.344022,81.0999990651547,10024283.0
AZE,2020,3.652627,4.110785,84.59999573,10093121.0
AZE,2021,3.65482,4.088214,85.99998954,10137750.0
AZE,2022,3.697551,4.066746,88.0,10141756.0
AZE,2023,4.183081,4.201909,89.0,10153958.0
BDI,1990,2.758464,2.489073,0.0,5587052.0
BDI,1991,2.753371,2.526139,0.0,5703857.0
BDI,1992,2.749723,2.555351,0.0,5858407.0
BDI,1993,2.744686,2.685382,0.0,5676843.0
BDI,1994,2.749775,2.699608,0.0,5713854.0
BDI,1995,2.751363,2.715278,0.0,6066316.0
BDI,1996,2.743535,2.733075,0.000804,6070506.0
BDI,1997,2.745473,2.736227,0.00798,6070042.0
BDI,1998,2.74953,2.739502,0.0158,6187108.0
BDI,1999,2.749163,2.73879,0.0392,6337155.0
BDI,2000,2.748484,2.739014,0.077248447383456,6470194.0
BDI,2001,2.750868,2.744079,0.106001245363203,6634365.0
BDI,2002,2.749867,2.748126,0.118228412267794,6824132.0
BDI,2003,2.750261,2.753335,0.201273196735924,7043154.0
BDI,2004,2.750165,2.758319,0.349060461879596,7310656.0
BDI,2005,2.748099,2.762161,0.542100012,7587299.0
BDI,2006,2.748101,2.720128,0.657599986,7865547.0
BDI,2007,2.746464,2.706096,0.7,8161874.0
BDI,2008,2.746616,2.701357,0.81,8505637.0
BDI,2009,2.736384,2.677423,0.899999976,8947646.0
BDI,2010,2.750768,2.661621,1.0,9376444.0
BDI,2011,2.755991,2.62858,1.110000014,9717978.0
BDI,2012,2.767896,2.636287,1.220000029,10071028.0
BDI,2013,2.816415,2.610751,1.2642181112,10439341.0
BDI,2014,2.858149,2.612641,1.04239212643994,10799785.0
BDI,2015,2.897887,2.63603,2.0,11047580.0
BDI,2016,2.945082,2.636976,2.200000048,11239451.0
BDI,2017,3.00237,2.650122,2.6607485347534,11506762.0
BDI,2018,3.070789,2.67574,4.019499779,11859446.0
BDI,2019,3.13491,2.670565,6.072199821,12255336.0
BDI,2020,3.964965,3.22756,6.430099964,12617036.0
BDI,2021,4.164835,3.327816,6.777999878,12965481.0
BDI,2022,4.24957,3.237057,7.144800186,13321097.0
BDI,2023,5.051508,3.307949,7.172299862,13689450.0
BEL,1990,4.969966,3.747075,0.00101,9967379.0
BEL,1991,4.951965,3.781335,0.0201,10004486.0
BEL,1992,4.933863,3.722131,0.1,10045158.0
BEL,1993,4.922286,3.596771,0.199,10084475.0
BEL,1994,4.917172,3.57966,0.696,10115603.0
BEL,1995,4.912835,3.481227,0.992,10136811.0
BEL,1996,4.908838,3.415792,2.97,10156637.0
BEL,1997,4.904146,3.582125,4.94,10181245.0
BEL,1998,4.904184,3.528175,7.89,10203008.0
BEL,1999,4.908499,3.65116,13.8,10226419.0
BEL,2000,4.912967,3.554879,29.4316916924341,10251250.0
BEL,2001,4.927393,3.560519,31.2883955056566,10286570.0
BEL,2002,4.942909,3.509905,46.33,10332785.0
BEL,2003,4.971277,3.441074,49.97,10376133.0
BEL,2004,5.011541,3.598415,53.86,10421137.0
BEL,2005,5.051035,3.622466,55.81999969,10478617.0
BEL,2006,5.057288,3.546497,61.9818700222023,10547958.0
BEL,2007,5.072206,3.649586,66.7604202433135,10625700.0
BEL,2008,5.085352,3.596753,68.8573221425131,10709973.0
BEL,2009,5.089512,3.540273,74.5441455527336,10796493.0
BEL,2010,5.127666,3.5548,77.6397855126946,10895586.0
BEL,2011,5.197961,3.569981,81.6099959955952,11038264.0
BEL,2012,5.291555,3.739356,80.7199905482042,11106932.0
BEL,2013,5.344443,3.597853,82.1702,11159407.0
BEL,2014,5.409892,3.868818,85.0012379539925,11209057.0
BEL,2015,5.509445,3.709253,85.0529417508701,11274196.0
BEL,2016,5.627496,3.964876,86.5164766644457,11331422.0
BEL,2017,5.738692,3.937643,87.6796808175598,11375158.0
BEL,2018,5.818948,3.993998,88.6473429951691,11427054.0
BEL,2019,5.877822,3.923493,90.275428012141,11488980.0
BEL,2020,7.142468,4.67454,91.52641629,11538604.0
BEL,2021,7.038026,4.556739,92.78867618,11586195.0
BEL,2022,7.51695,4.64142,94.00783071,11680210.0
BEL,2023,8.498569,4.698322,94.62625074,11779946.0
BEN,1990,4.578471,1.994135,0.0,5281479.0
BEN,1991,4.641138,1.99397,,5446932.0
BEN,1992,4.706162,1.994556,,5617844.0
BEN,1993,4.799211,1.9956,,5872706.0
BEN,1994,4.919264,1.996949,,6096506.0
BEN,1995,5.040439,1.998717,,6226773.0
BEN,1996,5.161341,2.0037,0.00169,6391858.0
BEN,1997,5.280901,2.00878,0.0246,6583365.0
BEN,1998,5.41531,2.014977,0.0479,6789489.0
BEN,1999,5.565153,2.021951,0.155,7002818.0
BEN,2000,5.71234,2.028484,0.225247851473369,7221619.0
BEN,2001,5.80323,2.03668,0.363417890016082,7445596.0
BEN,2002,5.890709,2.044079,0.7029455951039,7675426.0
BEN,2003,5.938244,2.05188,0.951327114915695,7913070.0
BEN,2004,5.947288,2.060476,1.18254096518994,8159094.0
BEN,2005,5.955701,2.069335,1.271000028,8426144.0
BEN,2006,5.965617,2.118922,1.537899971,8693242.0
BEN,2007,5.950328,2.081427,1.79,8953969.0
BEN,2008,5.929505,2.106705,1.85,9228466.0
BEN,2009,5.828762,2.196382,2.24,9509423.0
BEN,2010,5.733167,2.094537,3.13,9797484.0
BEN,2011,5.654686,2.138966,4.14832306562512,10093623.0
BEN,2012,5.614443,2.145907,4.5,10397657.0
BEN,2013,5.607844,2.11614,4.900000095,10708834.0
BEN,2014,5.650154,2.125636,6.0,11030004.0
BEN,2015,5.747508,2.231305,11.25500011,11360681.0
BEN,2016,5.862467,2.260764,14.5,11697842.0
BEN,2017,5.950519,2.3202,18.7,12039780.0
BEN,2018,6.063041,2.382131,19.0,12383347.0
BEN,2019,6.163221,2.394832,20.50099945,12726755.0
BEN,2020,7.355773,2.796868,22.12059975,13070169.0
BEN,2021,7.510084,2.872381,28.20470047,13413417.0
BEN,2022,7.764486,2.847705,30.53730011,13759501.0
BEN,2023,8.69823,2.903947,32.39400101,14111034.0
BFA,1990,4.15032,2.20138,0.0,9159356.0
BFA,1991,4.209032,2.295218,,9394632.0
BFA,1992,4.267618,2.202516,,9629275.0
BFA,1993,4.351193,2.243016,,9871713.0
BFA,1994,4.459006,2.242212,,10123798.0
BFA,1995,4.566094,2.201797,,10386722.0
BFA,1996,4.67227,2.205044,0.000961,10655942.0
BFA,1997,4.776658,2.209307,0.0187,10934223.0
BFA,1998,4.893934,2.214967,0.0454,11240664.0
BFA,1999,5.025142,2.264743,0.0618,11574928.0
BFA,2000,5.153149,2.32,0.0770801689426014,11925546.0
BFA,2001,5.230151,2.30957,0.157732464653607,12295001.0
BFA,2002,5.305534,2.357757,0.200992597925001,12680897.0
BFA,2003,5.344387,2.458189,0.373440303233526,13082532.0
BFA,2004,5.347621,2.451997,0.400295285492178,13500533.0
BFA,2005,5.349878,2.470429,0.469900012,13932123.0
BFA,2006,5.351243,2.532214,0.632700026,14373707.0
BFA,2007,5.363618,2.407048,0.75,14816307.0
BFA,2008,5.348058,2.530894,0.920000017,15258093.0
BFA,2009,5.287012,2.364422,1.129999995,15710066.0
BFA,2010,5.243472,2.481403,2.400000095,16176498.0
BFA,2011,5.218792,2.486042,3.0,16661908.0
BFA,2012,5.204661,2.519987,3.724999905,17172287.0
BFA,2013,5.238107,2.55568,5.0,17695409.0
BFA,2014,5.321166,2.587386,6.0,18229461.0
BFA,2015,5.444451,2.604911,6.545700073,18777487.0
BFA,2016,5.498981,2.623205,7.140999794,19334856.0
BFA,2017,5.518389,2.653686,7.790400028,19894407.0
BFA,2018,5.551771,2.689186,8.498900414,20438288.0
BFA,2019,5.612453,2.740454,9.27180600953186,20961952.0
BFA,2020,6.893764,3.320074,12.97319984,21478690.0
BFA,2021,6.98173,3.393753,18.1522007,21995243.0
BFA,2022,7.156493,3.345231,25.3987999,22509038.0
BFA,2023,8.138966,3.393782,25.36120033,23025776.0
BGD,1990,2.627476,3.326707,0.0,111633717.0
BGD,1991,2.637531,3.35282,,113787109.0
BGD,1992,2.649998,3.387678,,115952192.0
BGD,1993,2.663901,3.365588,,118132360.0
BGD,1994,2.678835,3.410174,,120343179.0
BGD,1995,2.693817,3.396109,,122600370.0
BGD,1996,2.708358,3.436261,,124862179.0
BGD,1997,2.723066,3.426321,0.000751,127198069.0
BGD,1998,2.739344,3.459949,0.00368,129622332.0
BGD,1999,2.757127,3.466425,0.0362,132108065.0
BGD,2000,2.775288,3.529735,0.0710394230507683,134544304.0
BGD,2001,2.793961,3.551772,0.129807973947512,136805810.0
BGD,2002,2.813126,3.583707,0.13992028850905,138933658.0
BGD,2003,2.832703,3.646073,0.163877665498048,140970351.0
BGD,2004,2.852202,3.718196,0.199036333744363,142902856.0
BGD,2005,2.871813,3.753442,0.241600007,144715786.0
BGD,2006,2.892542,3.812291,1.0,146405973.0
BGD,2007,2.897704,3.846784,1.799999952,147989278.0
BGD,2008,2.900844,3.88123,2.5,149474264.0
BGD,2009,2.895625,3.87219,3.099999905,150873714.0
BGD,2010,2.874616,3.890445,3.700000048,152201981.0
BGD,2011,2.851555,3.999498,4.5,153591076.0
BGD,2012,2.850307,4.00965,5.0,155070101.0
BGD,2013,2.871306,4.021035,6.63,156532141.0
BGD,2014,2.868148,4.158058,9.052900314,157964929.0
BGD,2015,2.871636,4.146692,12.36880016,159383179.0
BGD,2016,2.917197,4.168791,16.89909935,160811932.0
BGD,2017,2.962658,4.202993,21.5,162186147.0
BGD,2018,3.040727,4.211444,25.56509972,163523103.0
BGD,2019,3.104907,4.206314,30.38310051,164913055.0
BGD,2020,3.991515,5.107154,36.10910034,166298024.0
BGD,2021,4.180448,5.319816,38.91744466,167658854.0
BGD,2022,4.33327,5.096112,41.61650085,169384897.0
BGD,2023,5.153298,5.255919,44.50274195,171466990.0
BGR,1990,3.792943,2.776678,0.0,8718289.0
BGR,1991,3.80367,2.785314,,8632367.0
BGR,1992,3.814035,2.794424,,8540164.0
BGR,1993,3.827516,2.806921,0.00234,8472313.0
BGR,1994,3.841986,2.92572,0.0195,8443591.0
BGR,1995,3.858463,2.956605,0.12,8406067.0
BGR,1996,3.873984,3.037543,0.725,8362826.0
BGR,1997,3.888445,2.983348,1.22,8312068.0
BGR,1998,3.899806,3.010946,1.84,8256786.0
BGR,1999,3.908043,2.962899,2.91,8210624.0
BGR,2000,3.915065,3.039142,5.37092346908696,8170172.0
BGR,2001,3.920153,2.926947,7.6122977487982,8009142.0
BGR,2002,3.924969,3.110118,9.08,7837161.0
BGR,2003,3.93041,3.012884,12.04,7775327.0
BGR,2004,3.9362,3.160167,18.13,7716860.0
BGR,2005,3.940827,3.019925,19.97,7658972.0
BGR,2006,3.941212,3.044835,27.09,7601022.0
BGR,2007,3.940403,3.052975,33.64,7545338.0
BGR,2008,3.957579,2.986915,39.67,7492561.0
BGR,2009,3.969343,2.989647,45.0,7444443.0
BGR,2010,3.996514,2.996585,46.23,7395599.0
BGR,2011,4.043574,3.002889,47.9799930506026,7348328.0
BGR,2012,4.065932,3.148803,51.8999876658503,7305888.0
BGR,2013,4.073559,3.017155,53.0615,7160005.0
BGR,2014,4.040822,3.208965,55.4903766299262,7073572.0
BGR,2015,4.011261,3.110054,56.6562516053086,6984225.0
BGR,2016,3.967049,3.104629,59.825547661014,6894139.0
BGR,2017,3.904755,3.116292,63.4101013837926,6803468.0
BGR,2018,3.839223,3.069029,64.78201069118,6710798.0
BGR,2019,3.797587,3.078699,67.9469809417603,6616726.0
BGR,2020,4.406859,3.601781,70.16248359,6550696.0
BGR,2021,4.526933,3.689638,75.27144583,6507301.0
BGR,2022,4.556788,3.740998,79.12686326,6465097.0
BGR,2023,5.184757,3.643593,80.38956462,6446596.0
BHR,1990,5.54576,2.966767,0.0,514797.0
BHR,1991,5.559279,3.156401,,503052.0
BHR,1992,5.590253,3.017091,,516458.0
BHR,1993,5.61992,3.116491,,530225.0
BHR,1994,5.639933,3.142176,,544366.0
BHR,1995,5.648504,3.264086,0.346,558879.0
BHR,1996,5.645615,3.330627,0.843,573792.0
BHR,1997,5.655601,3.435665,1.65,589115.0
BHR,1998,5.667941,3.37154,3.22,604842.0
BHR,1999,5.677251,3.415227,4.72,620989.0
BHR,2000,5.68299,3.345254,6.15373254647607,637582.0
BHR,2001,5.675282,3.286639,15.0386342513918,661316.0
BHR,2002,5.691862,3.333307,18.0507208881153,710553.0
BHR,2003,5.70285,3.385914,21.5549449917804,764517.0
BHR,2004,5.694751,3.436179,21.4586805077435,823741.0
BHR,2005,5.667605,3.478191,21.30369949,888822.0
BHR,2006,5.638765,3.514042,28.24399948,960424.0
BHR,2007,5.608937,3.549778,32.91,1039295.0
BHR,2008,5.580289,3.764988,51.95,1103496.0
BHR,2009,5.553838,3.607226,53.0,1178415.0
BHR,2010,5.541306,3.710282,55.0,1228543.0
BHR,2011,5.500565,3.723026,76.9999665032303,1195020.0
BHR,2012,5.430295,3.849139,88.0,1208964.0
BHR,2013,5.351647,3.854838,90.0000397,1253191.0
BHR,2014,5.224378,3.987008,90.5031334814656,1314562.0
BHR,2015,5.037994,4.102028,93.4783007986129,1370322.0
BHR,2016,4.876273,4.118064,97.9999807024146,1423726.0
BHR,2017,4.761716,4.180652,95.8781357543453,1501116.0
BHR,2018,4.665568,3.96391,98.6446725799886,1503091.0
BHR,2019,4.527521,4.199411,99.7015043807778,1483756.0
BHR,2020,5.040406,4.723453,99.67103159,1472204.0
BHR,2021,4.977406,4.808264,100.0,1504365.0
BHR,2022,4.992178,4.739716,100.0,1524693.0
BHR,2023,5.553817,4.759507,100.0,1577059.0
BHS,1990,4.173112,2.885971,0.0,275945.0
BHS,1991,4.22039,2.909864,,280731.0
BHS,1992,4.262734,2.931491,,285927.0
BHS,1993,4.311106,3.153697,,291339.0
BHS,1994,4.371576,3.177044,,296509.0
BHS,1995,4.442459,3.089728,0.96,301461.0
BHS,1996,4.522758,3.409013,1.75,306268.0
BHS,1997,4.610713,3.343321,1.36,310904.0
BHS,1998,4.703777,3.380004,2.34,315368.0
BHS,1999,4.795259,3.310441,3.76,319614.0
BHS,2000,4.878294,3.350366,8.0,323835.0
BHS,2001,4.94504,3.282556,11.8,327836.0
BHS,2002,5.007835,3.208751,18.0,331614.0
BHS,2003,5.059979,3.226922,20.0,335618.0
BHS,2004,5.101913,3.243907,22.0,339782.0
BHS,2005,5.14266,3.257338,25.0,343894.0
BHS,2006,5.184006,3.258012,26.0,348375.0
BHS,2007,5.220176,3.260161,27.0,353334.0
BHS,2008,5.254137,3.259071,31.54,358120.0
BHS,2009,5.292035,3.250279,33.88,362810.0
BHS,2010,5.315259,3.239792,43.0,367478.0
BHS,2011,5.34729,3.239469,65.0,371729.0
BHS,2012,5.433654,3.242822,71.74819946,375469.0
BHS,2013,5.487503,3.252608,72.0,378953.0
BHS,2014,5.538204,3.269443,76.91999817,382298.0
BHS,2015,5.622769,3.289033,78.0,385346.0
BHS,2016,5.706686,3.313706,80.0,388055.0
BHS,2017,5.763287,3.341313,80.59999847,390485.0
BHS,2018,5.778195,3.37118,83.0,392717.0
BHS,2019,5.759958,3.400909,90.69329834,394675.0
BHS,2020,6.739758,4.075126,92.4437027,395863.0
BHS,2021,7.061143,4.575443,92.34980011,396373.0
BHS,2022,7.124966,4.125818,92.2559967,397538.0
BHS,2023,8.129461,4.444184,92.38729858,399440.0
BIH,1990,4.544473,2.982322,0.0,4448652.0
BIH,1991,4.544096,2.994552,,4458343.0
BIH,1992,4.537345,3.050436,,4234616.0
BIH,1993,4.541019,3.05646,,3904482.0
BIH,1994,4.560001,3.092319,,3725412.0
BIH,1995,4.587586,3.150444,,3715564.0
BIH,1996,4.617352,3.063816,0.0151,3875246.0
BIH,1997,4.653894,3.111306,0.0594,4018227.0
BIH,1998,4.687824,3.082236,0.144,4089356.0
BIH,1999,4.700342,3.035514,0.194,4130305.0
BIH,2000,4.715513,3.048477,1.08296074971207,4159771.0
BIH,2001,4.741908,2.942053,1.20052695129649,4179438.0
BIH,2002,4.768846,2.956542,2.64826791361244,4188002.0
BIH,2003,4.800655,2.915223,3.96503683387051,4178523.0
BIH,2004,4.836164,2.873735,15.4689716227665,4140987.0
BIH,2005,4.867067,2.8871,21.3267010007738,4096493.0
BIH,2006,4.89757,2.899424,25.1223856852117,4063272.0
BIH,2007,4.932552,3.036892,27.92,4013424.0
BIH,2008,5.00658,3.060067,34.66,3947544.0
BIH,2009,5.067198,2.998772,37.74,3879794.0
BIH,2010,5.144911,3.199838,42.75,3811472.0
BIH,2011,5.210743,3.035469,43.88769913,3741798.0
BIH,2012,5.254135,3.048456,45.0644989,3670113.0
BIH,2013,5.2367,3.063811,48.52130127,3610859.0
BIH,2014,5.183924,3.020911,49.91770172,3564829.0
BIH,2015,5.176026,3.176906,52.59999847,3518541.0
BIH,2016,5.182842,3.045141,60.2565354318987,3473003.0
BIH,2017,5.161451,3.1243,64.8920205128383,3428682.0
BIH,2018,5.111898,3.133613,70.1201350394885,3387000.0
BIH,2019,5.047787,3.071921,69.9463476317266,3345533.0
BIH,2020,5.858686,3.600392,73.21175294,3299349.0
BIH,2021,5.954997,3.666951,75.67620138,3244907.0
BIH,2022,6.035258,3.742422,78.8455371,3204802.0
BIH,2023,6.909758,3.779998,83.3771539,3185073.0
BLR,1990,3.321518,3.153848,0.0,10189348.0
BLR,1991,3.331784,3.162385,,10194050.0
BLR,1992,3.344584,3.173385,,10216470.0
BLR,1993,3.361262,3.187608,,10239050.0
BLR,1994,3.380195,3.204285,0.000486,10226955.0
BLR,1995,3.399308,3.223538,0.00292,10193831.0
BLR,1996,3.417296,3.244429,0.0293,10159569.0
BLR,1997,3.433699,3.384367,0.049,10117433.0
BLR,1998,3.448215,3.292422,0.0739,10071963.0
BLR,1999,3.460072,3.373413,0.495,10026738.0
BLR,2000,3.46749,3.397786,1.86039812615388,9979610.0
BLR,2001,3.472254,3.364148,4.30061602151712,9928549.0
BLR,2002,3.474481,3.539952,8.95097131467325,9865548.0
BLR,2003,3.477225,3.560554,,9796749.0
BLR,2004,3.481311,3.503698,,9730146.0
BLR,2005,3.483784,3.599829,,9663915.0
BLR,2006,3.484096,3.529836,16.2,9604924.0
BLR,2007,3.468307,3.613142,19.7,9560953.0
BLR,2008,3.461951,3.622214,23.0,9527985.0
BLR,2009,3.434178,3.69168,27.43,9504583.0
BLR,2010,3.408599,3.762068,31.8,9483836.0
BLR,2011,3.386756,3.768913,39.6488956598961,9461643.0
BLR,2012,3.352268,3.607709,46.91,9446836.0
BLR,2013,3.337186,3.755593,54.17,9443211.0
BLR,2014,3.29562,3.684157,59.0163187101542,9448515.0
BLR,2015,3.250894,3.539582,62.230360906803,9461076.0
BLR,2016,3.2267,3.74192,71.1130457603832,9469379.0
BLR,2017,3.220522,3.555327,74.4364454136036,9458989.0
BLR,2018,3.216043,3.556777,79.1298866919307,9438785.0
BLR,2019,3.20359,3.572254,82.7891520910901,9419758.0
BLR,2020,3.661368,4.21324,85.08791245,9379952.0
BLR,2021,3.71287,4.328693,86.88841196,9302585.0
BLR,2022,3.762649,4.280728,89.50733148,9228071.0
BLR,2023,4.230927,4.435087,91.51249979,9178298.0
BLZ,1990,3.185297,2.507118,0.0,183076.0
BLZ,1991,3.235744,2.628043,,187040.0
BLZ,1992,3.287933,2.709674,,190983.0
BLZ,1993,3.345675,2.76994,,194902.0
BLZ,1994,3.406558,2.802087,,199097.0
BLZ,1995,3.470744,2.824759,0.0454,204146.0
BLZ,1996,3.534362,2.852657,0.883,210310.0
BLZ,1997,3.596752,2.727009,1.29,217446.0
BLZ,1998,3.658886,2.742436,2.09,225173.0
BLZ,1999,3.721008,2.680515,4.08,233059.0
BLZ,2000,3.78177,2.633537,5.96383530272428,240799.0
BLZ,2001,3.833224,2.656186,,248379.0
BLZ,2002,3.885477,2.678259,5.68425121358763,256009.0
BLZ,2003,3.932021,2.699021,,263780.0
BLZ,2004,3.972657,2.715669,9.8,271688.0
BLZ,2005,4.01464,2.733362,17.0,279731.0
BLZ,2006,4.059251,2.74538,24.0,287878.0
BLZ,2007,4.100528,2.757898,24.60000038,296100.0
BLZ,2008,4.156063,2.768251,26.29999924,304361.0
BLZ,2009,4.210595,2.773843,27.20000076,312614.0
BLZ,2010,4.287658,2.780089,28.2,320245.0
BLZ,2011,4.386608,2.794577,30.70000076,327298.0
BLZ,2012,4.509323,2.808594,31.0,334414.0
BLZ,2013,4.619009,2.82722,33.59999847,341627.0
BLZ,2014,4.698814,2.850309,38.70000076,348923.0
BLZ,2015,4.772846,2.874747,41.59000015,356333.0
BLZ,2016,4.841466,2.899619,44.57569885,364705.0
BLZ,2017,4.907802,2.925317,48.8771019,373202.0
BLZ,2018,4.973739,3.184477,53.59360123,380226.0
BLZ,2019,5.020418,3.215662,58.76520157,385829.0
BLZ,2020,6.075934,4.075725,64.43589783,390812.0
BLZ,2021,6.318072,4.335056,70.65370178,395346.0
BLZ,2022,6.432143,4.21461,69.98329926,402733.0
BLZ,2023,7.490819,4.14017,70.18720245,411106.0
BMU,1990,4.498014,3.304855,0.0,57559.0
BMU,1991,4.548953,3.328219,,57984.0
BMU,1992,4.600035,3.350861,,58407.0
BMU,1993,4.659225,3.374911,,58816.0
BMU,1994,4.723486,3.397802,,59194.0
BMU,1995,4.788163,3.421171,6.84,59526.0
BMU,1996,4.853343,3.445224,16.2,59813.0
BMU,1997,4.918455,3.470027,24.2,60177.0
BMU,1998,4.986954,3.49549,32.1,60639.0
BMU,1999,5.058954,3.521347,39.9,61124.0
BMU,2000,5.130403,3.547858,42.9498600152711,61550.0
BMU,2001,5.191777,3.567681,47.5096998970623,61867.0
BMU,2002,5.253657,3.589083,52.0315973700393,62142.0
BMU,2003,5.307429,3.609108,56.5220121836337,62386.0
BMU,2004,5.352228,3.624185,60.9908670086326,62555.0
BMU,2005,5.395353,3.639015,65.4470657898838,62711.0
BMU,2006,5.438802,3.644378,69.8996551617012,62834.0
BMU,2007,5.474857,3.649726,74.3505940302669,63010.0
BMU,2008,5.50697,3.647682,82.3,63300.0
BMU,2009,5.54332,3.640935,83.25,63565.0
BMU,2010,5.564728,3.635328,84.21,63725.0
BMU,2011,5.592399,3.635661,88.336,63733.0
BMU,2012,5.668438,3.63901,91.2993045243401,63646.0
BMU,2013,5.710687,3.64787,95.3,63574.0
BMU,2014,5.750056,3.662293,96.8,63529.0
BMU,2015,5.822889,3.677093,98.3236096537251,63464.0
BMU,2016,5.894513,3.694958,98.0,63449.0
BMU,2017,5.938775,3.712479,98.37,63578.0
BMU,2018,5.940116,3.730285,,63831.0
BMU,2019,5.912709,3.749213,,64107.0
BMU,2020,6.712351,4.370304,,64382.0
BMU,2021,6.900345,4.48152,,64648.0
BMU,2022,7.029065,4.38753,,64749.0
BMU,2023,7.77788,4.540481,,64698.0
BOL,1990,5.622003,2.355386,0.0,7130142.0
BOL,1991,5.669468,2.372393,,7280289.0
BOL,1992,5.717931,2.385836,,7430336.0
BOL,1993,5.769882,2.285179,,7579195.0
BOL,1994,5.824708,2.397811,,7727322.0
BOL,1995,5.881328,2.248888,0.0668,7874676.0
BOL,1996,5.939691,2.252434,0.196,8021736.0
BOL,1997,6.000829,2.38257,0.448,8167900.0
BOL,1998,6.066565,2.232226,0.626,8313394.0
BOL,1999,6.136864,2.299754,0.982,8459806.0
BOL,2000,6.208438,2.313311,1.4427635847914,8606326.0
BOL,2001,6.270634,2.269889,2.1204625341365,8752736.0
BOL,2002,6.334886,2.281795,3.11719294696997,8900355.0
BOL,2003,6.390468,2.291588,3.50859640072336,9050700.0
BOL,2004,6.437068,2.412324,4.43992460120042,9204287.0
BOL,2005,6.484292,2.312899,5.22758395663196,9360754.0
BOL,2006,6.531563,2.370512,6.20067125473576,9521689.0
BOL,2007,6.557324,2.378629,10.49919987,9685960.0
BOL,2008,6.588012,2.333519,12.5,9850858.0
BOL,2009,6.586297,2.337382,16.79999924,10016275.0
BOL,2010,6.57931,2.34084,22.39999962,10182345.0
BOL,2011,6.5916,2.349461,30.0,10348929.0
BOL,2012,6.621738,2.355989,35.34,10515807.0
BOL,2013,6.648061,2.363208,36.99,10682608.0
BOL,2014,6.665178,2.373517,34.6016202324676,10848888.0
BOL,2015,6.6846,2.383426,37.4868176324391,11014705.0
BOL,2016,6.694099,2.400272,39.69749832,11180020.0
BOL,2017,6.710089,2.41663,43.83229828,11344587.0
BOL,2018,6.71825,2.564275,44.2861422024283,11508368.0
BOL,2019,6.755007,2.59745,47.4748191121692,11671386.0
BOL,2020,8.62056,3.143817,59.94010155,11816299.0
BOL,2021,8.567272,3.226722,65.9773785,11937360.0
BOL,2022,8.913196,3.302011,72.62270355,12077154.0
BOL,2023,10.572879,3.237335,77.30039978,12244159.0
BRA,1990,5.917043,3.468538,0.0,149143223.0
BRA,1991,6.006571,3.494768,0.00329,151724256.0
BRA,1992,6.096417,3.522181,0.0129,154275079.0
BRA,1993,6.204038,3.549678,0.0255,156794577.0
BRA,1994,6.329344,3.576395,0.0377,159265006.0
BRA,1995,6.453589,3.602216,0.105,161735073.0
BRA,1996,6.576618,3.625596,0.451,164202549.0
BRA,1997,6.698417,3.648559,0.786,166661659.0
BRA,1998,6.832452,3.669056,1.48,169159655.0
BRA,1999,6.981341,3.68658,2.04,171641543.0
BRA,2000,7.132202,3.701557,2.87068515854108,174018282.0
BRA,2001,7.257682,3.694589,4.52849486902851,176301203.0
BRA,2002,7.385725,3.675918,9.14942508560748,178503484.0
BRA,2003,7.494184,3.647488,13.2075861035303,180622688.0
BRA,2004,7.582224,3.616628,19.073672274442,182675143.0
BRA,2005,7.673425,3.5976,21.022747248827,184688101.0
BRA,2006,7.759193,3.584637,28.17840004,186653106.0
BRA,2007,7.85026,3.572561,30.87999916,188552320.0
BRA,2008,7.898779,3.559026,33.83,190367302.0
BRA,2009,7.940436,3.543202,39.22,192079951.0
BRA,2010,7.97537,3.526434,40.65,193701929.0
BRA,2011,8.040052,3.526927,45.69,195284734.0
BRA,2012,8.141542,3.534727,48.56,196876111.0
BRA,2013,8.217651,3.550662,51.04,198478299.0
BRA,2014,8.322011,3.569519,54.5510018796392,200085127.0
BRA,2015,8.3915,3.578924,58.3279517340924,201675532.0
BRA,2016,8.414882,3.584741,60.8725400681261,203218114.0
BRA,2017,8.489981,3.589564,67.4712845236305,204703445.0
BRA,2018,8.588295,3.594811,70.4342825404361,206107261.0
BRA,2019,8.672254,3.601821,73.9124399133589,207455459.0
BRA,2020,10.460071,4.382167,81.34269353,208660842.0
BRA,2021,10.727916,4.45892,80.68989314,209550294.0
BRA,2022,11.01123,4.331531,80.52775094,210306415.0
BRA,2023,12.726122,4.413594,84.15060238,211140729.0
BRB,1990,4.404674,3.235308,0.0,258582.0
BRB,1991,4.453276,3.178009,,259373.0
BRB,1992,4.501863,3.413495,,260267.0
BRB,1993,4.557917,3.444332,,261027.0
BRB,1994,4.622236,3.354709,,261620.0
BRB,1995,4.68792,3.492643,0.00775,262039.0
BRB,1996,4.753888,3.410531,0.389,262284.0
BRB,1997,4.81857,3.335293,0.783,262392.0
BRB,1998,4.883926,3.360867,1.97,262436.0
BRB,1999,4.950139,3.387379,2.38,262517.0
BRB,2000,5.014649,3.412999,3.97367835457927,262063.0
BRB,2001,5.06986,3.425986,11.9364503383984,262425.0
BRB,2002,5.126378,3.440978,27.836322424146,264148.0
BRB,2003,5.177055,3.456573,39.6896271159532,265776.0
BRB,2004,5.22159,3.469714,49.8,267298.0
BRB,2005,5.267954,3.485752,52.5,268706.0
BRB,2006,5.314784,3.491539,55.29999924,270002.0
BRB,2007,5.355032,3.498199,58.20000076,271288.0
BRB,2008,5.391469,3.498282,61.40000153,272714.0
BRB,2009,5.431098,3.492156,64.69999695,274123.0
BRB,2010,5.454831,3.48512,65.09999847,275243.0
BRB,2011,5.48875,3.490208,66.5,276139.0
BRB,2012,5.570465,3.496034,71.19999695,276938.0
BRB,2013,5.619394,3.508037,71.80000305,277665.0
BRB,2014,5.66551,3.526138,71.92459869,278348.0
BRB,2015,5.745207,3.545383,72.04940033,278990.0
BRB,2016,5.823043,3.566388,71.57299805,279598.0
BRB,2017,5.873194,3.588458,71.14849854,280171.0
BRB,2018,5.880827,3.611038,70.72650146,280711.0
BRB,2019,5.858442,3.633931,70.30709839,281207.0
BRB,2020,6.67089,4.250209,69.89009857,281698.0
BRB,2021,6.893165,4.369908,69.4756012,282147.0
BRB,2022,7.007377,4.271474,69.06359863,282318.0
BRB,2023,7.783012,4.421859,69.67510223,282336.0
BRN,1990,2.875382,1.888847,0.0,255292.0
BRN,1991,2.893186,1.899917,,262596.0
BRN,1992,2.911063,1.910707,,269839.0
BRN,1993,2.936524,1.918938,,276971.0
BRN,1994,2.968621,1.924451,,284091.0
BRN,1995,3.001858,1.930152,1.02,291195.0
BRN,1996,3.033756,2.018395,3.3,298276.0
BRN,1997,3.064982,2.024853,4.83,305341.0
BRN,1998,3.101581,2.062923,6.28,312385.0
BRN,1999,3.144178,2.112432,7.67,319411.0
BRN,2000,3.186682,2.119324,8.99628453448726,326424.0
BRN,2001,3.224872,2.115464,12.9177690823013,333345.0
BRN,2002,3.26191,2.14143,15.329879855735,340099.0
BRN,2003,3.295511,2.140839,19.5950032207342,346637.0
BRN,2004,3.325726,2.157954,29.7156041447864,352911.0
BRN,2005,3.353266,2.192794,36.4663919475782,358916.0
BRN,2006,3.391685,2.202764,42.1863491609307,364663.0
BRN,2007,3.39636,2.245786,44.68,370873.0
BRN,2008,3.431544,2.283119,46.0,377793.0
BRN,2009,3.422978,2.325804,49.0,384952.0
BRN,2010,3.401351,2.355713,53.0,392332.0
BRN,2011,3.400971,2.318981,56.0,399389.0
BRN,2012,3.395794,2.358995,60.27310181,405557.0
BRN,2013,3.415138,2.355367,64.5,411202.0
BRN,2014,3.463934,2.3595,68.76999664,416750.0
BRN,2015,3.495522,2.402891,71.19999695,422212.0
BRN,2016,3.529436,2.443042,90.0,427564.0
BRN,2017,3.54427,2.636916,94.86669922,432772.0
BRN,2018,3.553309,2.521221,95.0,437810.0
BRN,2019,3.597267,2.631253,95.0,442680.0
BRN,2020,3.938341,2.947064,96.30549622,447404.0
BRN,2021,4.17298,3.039927,97.62879944,451721.0
BRN,2022,4.170544,2.949502,98.97042579,455370.0
BRN,2023,4.536366,2.989567,98.97039795,458949.0
BTN,1990,2.614332,2.392519,0.0,589287.0
BTN,1991,2.623168,2.408507,,599784.0
BTN,1992,2.632923,2.425109,,577774.0
BTN,1993,2.655248,2.44147,,554673.0
BTN,1994,2.684002,2.461934,,554497.0
BTN,1995,2.70655,2.484717,,547989.0
BTN,1996,2.727565,2.51347,,548784.0
BTN,1997,2.746261,2.703022,,558697.0
BTN,1998,2.765192,2.573482,,569435.0
BTN,1999,2.783545,2.679141,0.138,582579.0
BTN,2000,2.802792,2.71319,0.40094444691941,596863.0
BTN,2001,2.823058,2.671306,0.864628564215099,610794.0
BTN,2002,2.845528,2.705318,1.67580258375242,624409.0
BTN,2003,2.869111,2.739107,2.43691239949767,637663.0
BTN,2004,2.892568,2.773642,3.15698419613711,650544.0
BTN,2005,2.917168,2.80713,3.847100019,661865.0
BTN,2006,2.9468,3.007131,4.518300056,670799.0
BTN,2007,2.984105,2.860841,5.92,678641.0
BTN,2008,3.027143,3.145032,6.55,686351.0
BTN,2009,3.084092,2.986302,7.17,693988.0
BTN,2010,3.144303,3.007057,13.6,701632.0
BTN,2011,3.196393,3.024229,14.39999962,709377.0
BTN,2012,3.245572,2.957392,15.60000038,717279.0
BTN,2013,3.281714,2.975617,22.39999962,725273.0
BTN,2014,3.366512,2.992224,30.29999924,733139.0
BTN,2015,3.413821,3.00992,39.79999924,740618.0
BTN,2016,3.497114,3.037584,46.50320053,747866.0
BTN,2017,3.592994,3.062938,54.33549881,754335.0
BTN,2018,3.620043,3.095128,63.48680115,759759.0
BTN,2019,3.619563,3.131087,74.17939758,764824.0
BTN,2020,4.144896,3.622245,76.85079956,770006.0
BTN,2021,4.008054,3.543827,85.63688389,775442.0
BTN,2022,4.340974,3.605253,88.35620117,780914.0
BTN,2023,4.64316,3.67434,90.02140045,786385.0
BWA,1990,3.216869,2.463102,0.0,1305696.0
BWA,1991,3.241017,2.315314,0.0,1341756.0
BWA,1992,3.264938,2.339208,,1380033.0
BWA,1993,3.289573,2.363203,,1420115.0
BWA,1994,3.314452,2.335486,,1460023.0
BWA,1995,3.337492,2.358108,0.0645,1498836.0
BWA,1996,3.359343,2.377342,0.157,1535914.0
BWA,1997,3.380903,2.397161,0.308,1571691.0
BWA,1998,3.402237,2.498048,0.602,1606899.0
BWA,1999,3.423571,2.432218,1.12,1641997.0
BWA,2000,3.44314,2.485317,2.90266662177209,1677382.0
BWA,2001,3.45979,2.502507,3.43088678702599,1712254.0
BWA,2002,3.475236,2.481519,3.38592235064273,1744763.0
BWA,2003,3.488699,2.500827,3.3451901740614,1775736.0
BWA,2004,3.500079,2.523346,3.30488925316113,1807146.0
BWA,2005,3.510153,2.547887,3.262599945,1839877.0
BWA,2006,3.51855,2.570446,4.28993297515968,1874516.0
BWA,2007,3.508477,2.5908,5.28,1911201.0
BWA,2008,3.499516,2.610506,6.25,1949970.0
BWA,2009,3.467044,2.751747,6.150000095,1990673.0
BWA,2010,3.425853,2.647732,6.0,2033111.0
BWA,2011,3.397838,2.722537,9.0,2073535.0
BWA,2012,3.381359,2.740703,16.0,2108617.0
BWA,2013,3.409794,2.700936,30.0,2140682.0
BWA,2014,3.459452,2.71731,36.74474744423,2172044.0
BWA,2015,3.510705,2.732363,38.89379883,2203273.0
BWA,2016,3.579302,2.872315,41.16859818,2234776.0
BWA,2017,3.628231,2.762341,43.57640076,2266747.0
BWA,2018,3.637486,2.958464,46.12509918,2299141.0
BWA,2019,3.651395,2.848303,48.82279968,2332083.0
BWA,2020,4.466735,3.583851,51.67819977,2365894.0
BWA,2021,4.838915,3.493033,54.70069885,2401441.0
BWA,2022,4.850942,3.615397,57.9,2439892.0
BWA,2023,5.74715,3.658054,,2480244.0
CAF,1990,4.276577,3.233765,0.0,2871910.0
CAF,1991,4.283982,3.424317,,2963191.0
CAF,1992,4.291275,3.425441,,3058831.0
CAF,1993,4.31088,3.515471,,3157839.0
CAF,1994,4.341532,3.593161,,3257954.0
CAF,1995,4.372251,3.413869,,3348052.0
CAF,1996,4.40539,3.647524,0.00585,3435965.0
CAF,1997,4.438731,3.573154,0.0143,3531700.0
CAF,1998,4.47994,3.54528,0.0279,3628827.0
CAF,1999,4.530005,3.668369,0.0409,3729450.0
CAF,2000,4.578427,3.655161,0.0533941742150456,3833416.0
CAF,2001,4.606621,3.691822,0.0785434278394038,3919487.0
CAF,2002,4.636207,3.684379,0.128537116506299,4006077.0
CAF,2003,4.651635,3.678723,0.151563337940017,4103086.0
CAF,2004,4.650577,3.710601,0.223401395464406,4192826.0
CAF,2005,4.649369,3.670982,0.26820001,4288810.0
CAF,2006,4.64684,3.707233,0.311199993,4377579.0
CAF,2007,4.64553,3.692152,0.375815961044797,4462770.0
CAF,2008,4.62651,3.657761,1.0,4558984.0
CAF,2009,4.597098,3.737398,1.799999952,4529047.0
CAF,2010,4.562157,3.696689,2.0,4492995.0
CAF,2011,4.533245,3.691021,2.200000048,4565021.0
CAF,2012,4.536114,3.705376,2.400000095,4610848.0
CAF,2013,4.582813,3.746598,2.5,4642419.0
CAF,2014,4.688177,3.734464,2.700000048,4623182.0
CAF,2015,4.840445,3.727029,2.900000095,4629320.0
CAF,2016,5.017765,3.752662,3.099999905,4713663.0
CAF,2017,5.169086,3.746735,4.0,4793511.0
CAF,2018,5.257076,3.719472,5.099999905,4878657.0
CAF,2019,5.305137,3.735201,7.509200096,4944703.0
CAF,2020,6.537264,4.478076,,5026628.0
CAF,2021,6.628243,4.57527,,5112100.0
CAF,2022,6.933556,4.452486,13.75360012,5098039.0
CAF,2023,7.944361,4.497347,13.8416996,5152421.0
CAN,1990,5.443425,3.03039,0.361,27691138.0
CAN,1991,5.449433,3.041198,0.57,28037420.0
CAN,1992,5.452672,3.140483,0.916,28371264.0
CAN,1993,5.453191,3.017632,1.18,28684764.0
CAN,1994,5.45198,3.159057,2.38,29000663.0
CAN,1995,5.45334,3.170322,4.16,29302311.0
CAN,1996,5.455854,3.09365,6.76,29610218.0
CAN,1997,5.458512,3.151866,15.1,29905948.0
CAN,1998,5.459962,3.210284,24.9,30155173.0
CAN,1999,5.460364,3.2066,36.2,30401286.0
CAN,2000,5.4617,3.152922,51.3,30685730.0
CAN,2001,5.461965,3.34682,60.2,31020855.0
CAN,2002,5.460804,3.299865,61.5932992681952,31359199.0
CAN,2003,5.457469,3.226233,64.2,31642461.0
CAN,2004,5.452251,3.403916,65.9559634648989,31938807.0
CAN,2005,5.447135,3.376119,71.66,32242732.0
CAN,2006,5.443435,3.435156,72.40000153,32571193.0
CAN,2007,5.436788,3.513062,73.2,32888886.0
CAN,2008,5.421499,3.553656,76.69999695,33247298.0
CAN,2009,5.431678,3.590943,80.3,33630069.0
CAN,2010,5.426487,3.602628,80.3,34005902.0
CAN,2011,5.448479,3.484212,83.0,34339221.0
CAN,2012,5.483824,3.598876,83.0,34713395.0
CAN,2013,5.534034,3.435593,85.80000305,35080992.0
CAN,2014,5.583772,3.558236,87.12000275,35434066.0
CAN,2015,5.618817,3.549768,90.0,35704498.0
CAN,2016,5.642779,3.563183,91.16000366,36110803.0
CAN,2017,5.682027,3.627748,92.70140076,36545075.0
CAN,2018,5.728885,3.654933,94.64,37072620.0
CAN,2019,5.769567,3.559435,91.91290283,37618495.0
CAN,2020,6.718794,4.143147,92.3,38028638.0
CAN,2021,6.774418,4.116539,93.93710327,38239864.0
CAN,2022,7.075644,3.922321,94.0,38950132.0
CAN,2023,7.839086,4.155095,94.14530182,40049088.0
CHE,1990,5.627216,4.817917,0.596,6715519.0
CHE,1991,5.617521,4.502064,1.18,6799978.0
CHE,1992,5.606939,4.840551,1.75,6875364.0
CHE,1993,5.610661,4.589105,2.17,6938265.0
CHE,1994,5.628072,4.608225,2.72,6993795.0
CHE,1995,5.647349,4.815985,3.55,7040687.0
CHE,1996,5.66928,4.699276,4.55,7071850.0
CHE,1997,5.693909,4.592749,15.1,7088906.0
CHE,1998,5.730173,4.701392,24.8,7110001.0
CHE,1999,5.776659,4.603071,34.0,7143991.0
CHE,2000,5.8226,4.514886,47.1,7184250.0
CHE,2001,5.87563,4.793531,55.1,7229854.0
CHE,2002,5.928687,4.533394,61.4,7284753.0
CHE,2003,5.99415,4.881204,65.1,7339001.0
CHE,2004,6.071548,4.668297,67.8,7389625.0
CHE,2005,6.145841,4.636973,70.1,7437115.0
CHE,2006,6.216211,4.64218,75.7,7483934.0
CHE,2007,6.276647,4.547791,77.2,7551117.0
CHE,2008,6.336224,4.560296,79.2,7647675.0
CHE,2009,6.400701,4.571431,81.3,7743831.0
CHE,2010,6.450638,4.579546,83.9,7824909.0
CHE,2011,6.475208,4.779753,85.1930281804854,7912398.0
CHE,2012,6.501521,4.641848,85.2,7996861.0
CHE,2013,6.53566,4.768656,86.34,8089346.0
CHE,2014,6.519777,4.822701,83.6172512621702,8188649.0
CHE,2015,6.528652,4.787843,87.4790555978675,8282396.0
CHE,2016,6.554585,4.82562,89.1346877351392,8373338.0
CHE,2017,6.559097,5.043655,89.6861476710225,8451840.0
CHE,2018,6.559757,4.896745,91.80000305,8514329.0
CHE,2019,6.5066,5.019267,93.1460869535177,8575280.0
CHE,2020,7.447703,6.149308,94.34999847,8638167.0
CHE,2021,7.341168,5.912735,95.56937154,8704546.0
CHE,2022,7.635557,6.22064,96.45279694,8777088.0
CHE,2023,8.461207,6.053958,97.34436623,8888822.0
CHL,1990,6.26794,3.812832,0.0,13437176.0
CHL,1991,6.279488,3.828549,,13662491.0
CHL,1992,6.295735,3.825626,0.0365,13884577.0
CHL,1993,6.323054,3.644725,0.0718,14102276.0
CHL,1994,6.361673,3.660364,0.141,14316256.0
CHL,1995,6.405001,3.728782,0.347,14527381.0
CHL,1996,6.449621,3.66599,0.683,14734046.0
CHL,1997,6.490991,3.590748,1.06,14932434.0
CHL,1998,6.536481,3.702023,1.66,15127799.0
CHL,1999,6.585718,3.810278,4.1,15319313.0
CHL,2000,6.637368,3.755251,16.6,15503635.0
CHL,2001,6.691788,3.698308,19.1,15683849.0
CHL,2002,6.743902,3.814632,22.1,15857925.0
CHL,2003,6.797142,3.766732,25.4737788864723,16024752.0
CHL,2004,6.850743,3.716051,28.1779101232438,16187322.0
CHL,2005,6.900712,3.742623,31.1753006,16348778.0
CHL,2006,6.948907,3.773437,34.4977511736017,16509195.0
CHL,2007,6.986357,3.802098,35.90000153,16671581.0
CHL,2008,7.019847,3.823484,37.29999924,16838988.0
CHL,2009,7.045642,3.841467,41.56,17009731.0
CHL,2010,7.057487,3.858168,45.0,17181464.0
CHL,2011,7.07285,3.873402,52.2496072877744,17351816.0
CHL,2012,7.08603,3.887227,55.04999924,17519119.0
CHL,2013,7.114488,4.085096,58.0,17687006.0
CHL,2014,7.130996,4.083372,61.11000061,17864195.0
CHL,2015,7.141336,4.012616,76.6295919508796,18047625.0
CHL,2016,7.120807,4.294995,83.5585860244169,18267221.0
CHL,2017,7.126854,4.025635,82.3274869338464,18558868.0
CHL,2018,7.140536,4.237335,84.90000153,18893191.0
CHL,2019,7.165763,4.255535,85.01760101,19197744.0
CHL,2020,8.629412,5.25622,87.45929718,19370624.0
CHL,2021,8.749362,5.42781,90.23280334,19456334.0
CHL,2022,9.076049,5.345282,92.31819916,19553036.0
CHL,2023,10.448125,5.461279,94.45742345,19658835.0
CHN,1990,3.215682,2.902838,0.0,1135185000.0
CHN,1991,3.192823,2.850135,,1150780000.0
CHN,1992,3.17596,2.838053,,1164970000.0
CHN,1993,3.164488,2.849397,0.000169,1178440000.0
CHN,1994,3.159791,2.887823,0.00117,1191835000.0
CHN,1995,3.163024,2.907672,0.00495,1204855000.0
CHN,1996,3.171249,3.010947,0.0131,1217550000.0
CHN,1997,3.181229,3.018018,0.0324,1230075000.0
CHN,1998,3.188111,3.119528,0.169,1241935000.0
CHN,1999,3.190017,3.195375,0.708,1252735000.0
CHN,2000,3.18579,3.21669,1.77591320677415,1262645000.0
CHN,2001,3.179011,3.274904,2.63965021485872,1271850000.0
CHN,2002,3.166152,3.354628,4.59570433077551,1280400000.0
CHN,2003,3.152081,3.404244,6.2,1288400000.0
CHN,2004,3.137659,3.485326,7.3,1296075000.0
CHN,2005,3.119878,3.503543,8.52325700269541,1303720000.0
CHN,2006,3.101024,3.535959,10.5231526193851,1311020000.0
CHN,2007,3.075906,3.652985,16.0,1317885000.0
CHN,2008,3.053017,3.58961,22.6,1324655000.0
CHN,2009,3.037124,3.681184,28.9,1331260000.0
CHN,2010,3.008206,3.683308,34.3,1337705000.0
CHN,2011,3.002137,3.698874,38.3,1345035000.0
CHN,2012,3.009559,3.697554,42.30009842,1354190000.0
CHN,2013,3.019001,3.67468,45.79999924,1363240000.0
CHN,2014,3.050319,3.702433,47.90000153,1371860000.0
CHN,2015,3.113923,3.709918,50.29999924,1379860000.0
CHN,2016,3.171806,3.783811,53.2,1387790000.0
CHN,2017,3.278662,3.809475,54.3,1396215000.0
CHN,2018,3.381381,3.834447,65.35839844,1402760000.0
CHN,2019,3.490594,3.878023,64.080881297515,1407745000.0
CHN,2020,3.87555,4.122376,70.05275998,1411100000.0
CHN,2021,3.777843,4.132509,73.05323517,1412360000.0
CHN,2022,4.051071,4.241015,75.61131603,1412175000.0
CHN,2023,4.237704,4.308107,90.6,1410710000.0
CIV,1990,3.728004,2.154833,0.0,12189778.0
CIV,1991,3.788585,2.062884,,12683870.0
CIV,1992,3.851191,2.20124,,13200310.0
CIV,1993,3.936238,2.214694,,13735951.0
CIV,1994,4.041925,2.232825,,14287201.0
CIV,1995,4.145711,2.289237,0.0002,14855565.0
CIV,1996,4.245358,2.311229,0.00841,15442312.0
CIV,1997,4.339663,2.346427,0.0188,16047170.0
CIV,1998,4.443239,2.356914,0.061,16663948.0
CIV,1999,4.555486,2.393263,0.119,17215935.0
CIV,2000,4.659874,2.415966,0.231461670612799,17699004.0
CIV,2001,4.719487,2.417472,0.395747702246439,18178913.0
CIV,2002,4.774093,2.480157,0.497929360753307,18654771.0
CIV,2003,4.797427,2.474255,0.758669629452205,19125542.0
CIV,2004,4.79232,2.483325,0.849282414747704,19595000.0
CIV,2005,4.786654,2.479819,1.039199948,20068458.0
CIV,2006,4.780776,2.475248,1.52489996,20546802.0
CIV,2007,4.773584,2.452161,1.799999952,21030558.0
CIV,2008,4.753935,2.446315,1.899999976,21514439.0
CIV,2009,4.709804,2.429506,2.0,21997940.0
CIV,2010,4.727715,2.467564,2.700000048,22488065.0
CIV,2011,4.77995,2.497552,2.900000095,22982000.0
CIV,2012,4.880235,2.473554,4.400000095,23467078.0
CIV,2013,5.030061,2.500911,6.599999905,23939775.0
CIV,2014,5.158787,2.529622,10.0,24527395.0
CIV,2015,5.279412,2.513748,38.4400001654616,25246342.0
CIV,2016,5.35863,2.516543,41.2078149304414,25989405.0
CIV,2017,5.435286,2.551327,43.8399208514876,26733372.0
CIV,2018,5.582572,2.552834,37.5465361301281,27464173.0
CIV,2019,5.708514,2.607603,36.2889545655205,28193009.0
CIV,2020,6.973361,3.083714,36.01660156,28915449.0
CIV,2021,7.132252,3.136099,35.95069885,29639736.0
CIV,2022,7.344875,3.110526,38.41328122,30395002.0
CIV,2023,8.378703,3.139507,40.65284979,31165654.0
CMR,1990,4.133701,2.201204,0.0,11331821.0
CMR,1991,4.188966,2.217222,,11667180.0
CMR,1992,4.246881,2.243814,,12006353.0
CMR,1993,4.330819,2.19846,,12353131.0
CMR,1994,4.439725,2.321217,,12704903.0
CMR,1995,4.550016,2.241794,,13058516.0
CMR,1996,4.659479,2.251515,,13414757.0
CMR,1997,4.767038,2.311447,0.00677,13775214.0
CMR,1998,4.888357,2.307141,0.0132,14144860.0
CMR,1999,5.023375,2.297104,0.129,14525140.0
CMR,2000,5.154234,2.3134,0.252120077733662,14912631.0
CMR,2001,5.23699,2.225258,0.277051321848797,15309490.0
CMR,2002,5.316048,2.228769,0.360871584267755,15725528.0
CMR,2003,5.3579,2.198103,0.587622611130454,16160340.0
CMR,2004,5.363815,2.257212,0.976075415490902,16610487.0
CMR,2005,5.366597,2.297961,1.402699947,17074594.0
CMR,2006,5.368822,2.337131,2.028700113,17550407.0
CMR,2007,5.377811,2.406427,2.93,18049896.0
CMR,2008,5.362058,2.416293,3.400000095,18574056.0
CMR,2009,5.314308,2.394815,3.84,19113974.0
CMR,2010,5.29625,2.400131,4.300000191,19668066.0
CMR,2011,5.284932,2.399645,5.0,20232304.0
CMR,2012,5.275465,2.377151,7.5,20809529.0
CMR,2013,5.299394,2.377262,10.0,21402376.0
CMR,2014,5.31773,2.451222,16.2148722257524,22059893.0
CMR,2015,5.36898,2.446906,18.29999924,22763414.0
CMR,2016,5.389623,2.476831,20.60000038,23454161.0
CMR,2017,5.445783,2.523033,23.2029719748646,24128601.0
CMR,2018,5.536563,2.547957,29.70000076,24806383.0
CMR,2019,5.589548,2.562203,36.53919983,25506095.0
CMR,2020,6.881506,3.110129,37.69749832,26210558.0
CMR,2021,7.106572,3.215691,38.89260101,26915758.0
CMR,2022,7.202088,3.136015,40.12559891,27632771.0
CMR,2023,8.410079,3.200255,42.24380112,28372687.0
COD,1990,3.362145,3.457732,0.0,36684063.0
COD,1991,3.368383,3.521716,,37925817.0
COD,1992,3.375125,3.548942,,39228910.0
COD,1993,3.392399,3.56516,,40656336.0
COD,1994,3.420384,3.564597,,42626876.0
COD,1995,3.448815,3.563175,,44433704.0
COD,1996,3.476724,3.687302,0.000108,45296124.0
COD,1997,3.504696,3.668112,0.000211,46029902.0
COD,1998,3.539815,3.703583,0.000413,47297600.0
COD,1999,3.582057,3.750206,0.00101,48912971.0
COD,2000,3.62397,3.724043,0.0059021136806903,50507442.0
COD,2001,3.650026,3.708015,0.0114757819210493,52132646.0
COD,2002,3.675482,3.731862,0.0927907024606925,53750524.0
COD,2003,3.688737,3.713589,0.134914837437335,55343867.0
COD,2004,3.689218,3.698235,0.196208375178039,56997741.0
COD,2005,3.689597,3.696385,0.238000005,58775724.0
COD,2006,3.690209,3.685981,0.296099991,60615908.0
COD,2007,3.69146,3.681851,0.370000005,62477752.0
COD,2008,3.682444,3.689284,0.439999998,64390664.0
COD,2009,3.665057,3.719589,0.560000002,66412044.0
COD,2010,3.624831,3.705369,0.72,68563038.0
COD,2011,3.590436,3.70965,1.200000048,70849311.0
COD,2012,3.557719,3.730924,1.679999948,73254618.0
COD,2013,3.51727,3.723767,2.200000048,75789395.0
COD,2014,3.530986,3.730728,3.0,78403242.0
COD,2015,3.557302,3.740462,3.799999952,81035531.0
COD,2016,3.605279,3.766174,10.1,83956415.0
COD,2017,3.692303,3.795505,,87083398.0
COD,2018,3.673674,3.793243,11.69999981,90047644.0
COD,2019,3.694102,3.836934,13.02970028,92947442.0
COD,2020,4.674214,4.771027,14.51049995,95989998.0
COD,2021,4.710307,4.819195,16.1595993,99148932.0
COD,2022,4.917368,4.74522,17.99620056,102396968.0
COD,2023,5.715079,4.837704,18.96789932,105789731.0
COG,1990,3.836604,3.705183,0.0,2380560.0
COG,1991,3.848158,3.723384,,2449229.0
COG,1992,3.858062,3.963757,,2519465.0
COG,1993,3.877545,4.0716,,2595124.0
COG,1994,3.906731,4.147083,,2673144.0
COG,1995,3.934562,4.266224,,2749461.0
COG,1996,3.960824,4.29148,0.00353,2826785.0
COG,1997,3.984746,4.462331,0.00347,2887862.0
COG,1998,4.017327,4.427886,0.00342,2952061.0
COG,1999,4.058164,4.499556,0.0168,3032874.0
COG,2000,4.097676,4.589307,0.0263547320580279,3151345.0
COG,2001,4.120877,4.473146,0.0322236164306931,3272537.0
COG,2002,4.142828,4.558378,0.157249517243982,3350771.0
COG,2003,4.152623,4.470817,0.460014186837522,3445753.0
COG,2004,4.149671,4.449359,1.07750492958505,3565554.0
COG,2005,4.145858,4.496039,1.463400006,3696393.0
COG,2006,4.141642,4.413719,2.007999897,3837409.0
COG,2007,4.138029,4.425084,2.75970437370903,3980430.0
COG,2008,4.124803,4.390506,4.28750990276481,4113517.0
COG,2009,4.118033,4.46908,4.5,4281219.0
COG,2010,4.109445,4.169513,5.0,4462290.0
COG,2011,4.109144,4.406803,5.6,4609724.0
COG,2012,4.135703,4.319101,6.106699944,4740450.0
COG,2013,4.155372,4.338529,6.599999905,4857099.0
COG,2014,4.18383,4.41749,7.110000134,4975880.0
COG,2015,4.189459,4.203965,7.616000175,5097581.0
COG,2016,4.259049,4.515476,8.121899605,5222536.0
COG,2017,4.313798,4.360378,8.649999619,5351011.0
COG,2018,4.348323,4.119957,11.8071003,5483118.0
COG,2019,4.396522,4.267984,16.11639977,5616661.0
COG,2020,5.505433,5.024232,21.99850082,5752791.0
COG,2021,5.683117,5.014068,30.02739906,5892183.0
COG,2022,5.849216,5.193663,40.98669815,6035104.0
COG,2023,6.821876,5.250576,43.15039825,6182885.0
COK,1990,3.078448,2.019299,,
COK,1991,3.062399,2.034408,,
COK,1992,3.045092,2.051359,,
COK,1993,3.027339,2.070995,,
COK,1994,3.011176,2.093672,,
COK,1995,2.999137,2.121323,,
COK,1996,2.98965,2.155566,,
COK,1997,2.979125,2.19388,,
COK,1998,2.967029,2.237547,,
COK,1999,2.95122,2.281925,,
COK,2000,2.935692,2.324489,,
COK,2001,2.932764,2.363632,,
COK,2002,2.937247,2.395668,,
COK,2003,2.954884,2.42242,,
COK,2004,2.984645,2.446696,,
COK,2005,3.017148,2.471845,,
COK,2006,3.046984,2.501063,,
COK,2007,3.070005,2.533938,,
COK,2008,3.081993,2.56938,,
COK,2009,3.097501,2.607056,,
COK,2010,3.111525,2.646914,,
COK,2011,3.122631,2.689093,,
COK,2012,3.161744,2.731145,,
COK,2013,3.210418,2.772733,,
COK,2014,3.268297,2.813224,,
COK,2015,3.339164,2.851087,,
COK,2016,3.397741,2.881772,,
COK,2017,3.455244,2.907391,,
COK,2018,3.502091,2.926773,,
COK,2019,3.536053,2.941495,,
COK,2020,4.196809,3.439739,,
COK,2021,4.395372,3.555113,,
COK,2022,4.481711,3.469399,,
COK,2023,5.174016,3.54018,,
COL,1990,3.993571,1.979251,0.0,32440069.0
COL,1991,4.021343,1.985907,,33098372.0
COL,1992,4.046504,1.994305,,33760571.0
COL,1993,4.07017,1.986939,,34441473.0
COL,1994,4.094461,2.010793,0.107,35127410.0
COL,1995,4.122838,2.01134,0.188,35804662.0
COL,1996,4.157781,2.024262,0.33,36462745.0
COL,1997,4.199381,2.038299,0.551,37121149.0
COL,1998,4.243366,2.058616,1.13,37792165.0
COL,1999,4.28547,2.07508,1.7,38454863.0
COL,2000,4.324176,2.094672,2.207532992624,39089934.0
COL,2001,4.349994,2.106963,2.85419997133433,39709262.0
COL,2002,4.373444,2.121719,4.6,40324680.0
COL,2003,4.385405,2.130062,7.38892371052557,40937429.0
COL,2004,4.386902,2.132712,9.1186903029666,41543171.0
COL,2005,4.390313,2.133567,11.0072638904585,42128977.0
COL,2006,4.396791,2.123548,15.3416745365682,42691084.0
COL,2007,4.395626,2.107276,21.79999924,43235374.0
COL,2008,4.395824,2.086587,25.6,43758808.0
COL,2009,4.370087,2.077505,30.0,44271541.0
COL,2010,4.350653,2.075611,36.5,44777319.0
COL,2011,4.338789,2.081354,40.3509157546318,45259614.0
COL,2012,4.328814,2.094293,48.98,45715810.0
COL,2013,4.328819,2.098379,51.7,46151584.0
COL,2014,4.337459,2.109635,52.568136539247,46565429.0
COL,2015,4.343981,2.119465,55.9049725142924,46969940.0
COL,2016,4.353406,2.125693,58.1364935728703,47437512.0
COL,2017,4.377415,2.142902,62.2598803162841,48131078.0
COL,2018,4.418306,2.163617,64.1263768204459,49024465.0
COL,2019,4.472745,2.173125,65.0069007159493,49907985.0
COL,2020,5.507524,2.683391,69.79533474,50629997.0
COL,2021,5.658066,2.774309,73.02837449,51188173.0
COL,2022,5.836652,2.732004,72.79637855,51737944.0
COL,2023,6.851918,2.802335,77.33686322,52321152.0
COM,1990,2.549862,2.694045,0.0,444596.0
COM,1991,2.549546,2.800464,,455556.0
COM,1992,2.54843,2.974479,,465113.0
COM,1993,2.546818,2.741852,,473682.0
COM,1994,2.544842,2.827762,,482142.0
COM,1995,2.543045,2.842927,,490586.0
COM,1996,2.541004,2.788281,,499107.0
COM,1997,2.538761,3.019009,0.0,507777.0
COM,1998,2.536683,2.815378,0.0379,516597.0
COM,1999,2.534661,2.92789,0.148,525886.0
COM,2000,2.532648,2.942477,0.271740607285909,536080.0
COM,2001,2.531998,2.859166,0.443068372538977,547220.0
COM,2002,2.532342,2.874225,0.554869674985088,558923.0
COM,2003,2.534851,2.889296,0.848189370151537,569798.0
COM,2004,2.538887,2.905998,1.32732717785355,580704.0
COM,2005,2.541968,2.918644,2.0,592677.0
COM,2006,2.544717,2.927459,2.200000048,604753.0
COM,2007,2.545174,2.938787,2.5,616927.0
COM,2008,2.548386,2.94959,3.0,629307.0
COM,2009,2.549901,2.959607,3.5,641947.0
COM,2010,2.553149,2.968808,5.099999905,654836.0
COM,2011,2.570157,2.979204,5.5,668056.0
COM,2012,2.595133,2.990728,5.975299835,681630.0
COM,2013,2.640915,3.003802,6.5,696192.0
COM,2014,2.711736,3.22891,6.980000019,711503.0
COM,2015,2.80102,3.03289,7.459199905,726682.0
COM,2016,2.920273,3.142823,7.938300133,741741.0
COM,2017,3.067107,3.38605,8.478199959,756669.0
COM,2018,3.225273,3.292263,,771590.0
COM,2019,3.379569,3.442971,16.38380051,786578.0
COM,2020,4.473527,4.212885,22.42040062,802163.0
COM,2021,4.76017,4.063728,30.68120003,818174.0
COM,2022,4.916084,4.260409,31.37409973,834188.0
COM,2023,5.989917,4.117018,31.92749977,850387.0
CPV,1990,3.819197,2.239504,0.0,375428.0
CPV,1991,3.873794,2.241684,,384586.0
CPV,1992,3.934311,2.244415,,393415.0
CPV,1993,4.021259,2.246855,,401965.0
CPV,1994,4.134373,2.249553,,410228.0
CPV,1995,4.252219,2.253948,,418104.0
CPV,1996,4.371268,2.264557,,425581.0
CPV,1997,4.490439,2.279498,0.241,432798.0
CPV,1998,4.624617,2.300306,0.473,439784.0
CPV,1999,4.771632,2.325843,1.16,446519.0
CPV,2000,4.912921,2.353851,1.82244385164396,453317.0
CPV,2001,5.008591,2.386615,2.68533271272311,460293.0
CPV,2002,5.101401,2.422666,3.5187571749658,467046.0
CPV,2003,5.157952,2.461601,4.32488539053715,473383.0
CPV,2004,5.177066,2.501564,5.31883206957883,479370.0
CPV,2005,5.189063,2.540241,6.07408710659813,485115.0
CPV,2006,5.194925,2.573206,6.80891100753313,490728.0
CPV,2007,5.181013,2.606759,8.28321981953034,496190.0
CPV,2008,5.15364,2.638207,14.0,501355.0
CPV,2009,5.068974,2.666708,21.0,506141.0
CPV,2010,5.013588,2.693658,30.0,509784.0
CPV,2011,4.990579,2.721644,32.0,511447.0
CPV,2012,4.981893,2.749934,34.74,511955.0
CPV,2013,5.036427,2.777025,37.5,512225.0
CPV,2014,5.094722,2.803684,40.25999832,512326.0
CPV,2015,5.177188,2.828018,42.6830141582781,512394.0
CPV,2016,5.265105,2.853667,50.3228178676892,512554.0
CPV,2017,5.331528,2.879043,57.1621463484891,512893.0
CPV,2018,5.42002,2.906078,59.5,513415.0
CPV,2019,5.489914,2.935614,61.9433977593088,514104.0
CPV,2020,6.924791,3.535731,69.37339783,514679.0
CPV,2021,7.115699,3.615482,70.28250122,516649.0
CPV,2022,7.34621,3.548407,73.32740021,519741.0
CPV,2023,8.693801,3.643185,74.59919739,522331.0
CRI,1990,3.144336,2.78794,0.0,3121706.0
CRI,1991,3.181741,2.729558,,3202176.0
CRI,1992,3.219757,2.746197,0.00111,3284258.0
CRI,1993,3.265166,2.693441,0.0815,3367434.0
CRI,1994,3.318486,2.790098,0.28,3451122.0
CRI,1995,3.373513,2.669672,0.417,3535176.0
CRI,1996,3.428951,2.903937,0.841,3619013.0
CRI,1997,3.484773,2.93797,1.64,3701711.0
CRI,1998,3.546503,2.805766,2.67,3782838.0
CRI,1999,3.613575,2.907346,3.9,3862101.0
CRI,2000,3.682498,2.86328,5.80025302331829,3937739.0
CRI,2001,3.743277,2.965477,9.55948213497093,4008947.0
CRI,2002,3.80603,2.841779,19.8948511346293,4075705.0
CRI,2003,3.861642,2.93575,20.3336148143541,4138784.0
CRI,2004,3.909891,2.959552,20.7923067055542,4200078.0
CRI,2005,3.957171,2.906678,22.07,4261240.0
CRI,2006,4.004451,2.919062,25.10000038,4321340.0
CRI,2007,4.047596,2.930887,28.39999962,4380248.0
CRI,2008,4.078523,2.940414,32.29,4440056.0
CRI,2009,4.10255,2.944511,34.33,4499791.0
CRI,2010,4.132856,2.94515,36.5,4555962.0
CRI,2011,4.174838,2.956902,39.2121959961842,4609833.0
CRI,2012,4.232712,2.966646,47.5,4663934.0
CRI,2013,4.309609,2.979757,45.96,4716147.0
CRI,2014,4.384968,2.997801,53.0,4767119.0
CRI,2015,4.442234,3.013668,59.7629501371681,4818038.0
CRI,2016,4.487381,3.029901,65.8804491942718,4866998.0
CRI,2017,4.53633,3.045801,71.5816646195022,4913177.0
CRI,2018,4.60358,3.063291,73.4797284369906,4957818.0
CRI,2019,4.666278,3.265136,81.2025964435269,4999553.0
CRI,2020,5.608405,3.688844,80.53018608,5034320.0
CRI,2021,5.778844,3.845751,82.74901607,5059988.0
CRI,2022,5.966695,4.004316,82.59801121,5081765.0
CRI,2023,6.878845,3.913609,85.39514799,5105525.0
CUB,1990,5.880765,3.468167,0.0,10631799.0
CUB,1991,5.945475,3.494859,,10717640.0
CUB,1992,6.017737,3.522115,,10785801.0
CUB,1993,6.104767,3.55137,,10841031.0
CUB,1994,6.203418,3.569839,,10886021.0
CUB,1995,6.303012,3.597165,9.17e-05,10925362.0
CUB,1996,6.399965,3.625926,0.0319,10962010.0
CUB,1997,6.493528,3.598369,0.0682,10997934.0
CUB,1998,6.590045,3.492889,0.227,11034712.0
CUB,1999,6.690216,3.49899,0.315,11072230.0
CUB,2000,6.789147,3.434378,0.541182548811058,11109109.0
CUB,2001,6.876907,3.393694,1.07975172188907,11144132.0
CUB,2002,6.966758,3.419961,3.77058503769014,11177418.0
CUB,2003,7.049571,3.446524,5.2412690536929,11209383.0
CUB,2004,7.12314,3.470565,8.40798475900703,11238756.0
CUB,2005,7.195866,3.492103,9.73806220781346,11262554.0
CUB,2006,7.268376,3.502608,11.1596013147617,11278550.0
CUB,2007,7.320845,3.65752,11.69,11287272.0
CUB,2008,7.35419,3.518445,12.94,11291762.0
CUB,2009,7.350216,3.583196,14.33,11294719.0
CUB,2010,7.292286,3.574949,15.9,11297409.0
CUB,2011,7.204225,3.505856,16.0172907996413,11301571.0
CUB,2012,7.137779,3.505982,21.20000076,11303175.0
CUB,2013,7.042975,3.5115,27.93,11298167.0
CUB,2014,6.948605,3.523403,29.0701843656523,11285775.0
CUB,2015,6.891307,3.532963,37.3050974155373,11275065.0
CUB,2016,6.841417,3.541807,42.9786751910106,11265612.0
CUB,2017,6.774982,3.555117,57.1484043170788,11247829.0
CUB,2018,6.676366,3.714156,62.6789236230601,11227118.0
CUB,2019,6.550312,3.584986,67.9708086565152,11202846.0
CUB,2020,7.175633,4.41588,71.11907507,11176354.0
CUB,2021,7.62912,4.484655,67.64354869,11122168.0
CUB,2022,7.46164,4.509438,67.88410187,11059820.0
CUB,2023,8.29074,4.492166,69.55580139,11019931.0
CYP,1990,5.903732,2.783539,0.0,788351.0
CYP,1991,5.79926,2.789106,,798944.0
CYP,1992,5.70705,2.726399,0.0501,810341.0
CYP,1993,5.620216,2.663942,0.0564,826034.0
CYP,1994,5.55904,2.81644,0.111,844667.0
CYP,1995,5.480106,2.678553,0.41,862695.0
CYP,1996,5.42119,2.904442,0.673,880290.0
CYP,1997,5.361938,2.770938,4.38,897568.0
CYP,1998,5.319959,2.791042,8.89,914548.0
CYP,1999,5.304652,2.881998,11.3,931234.0
CYP,2000,5.268484,2.843852,15.2553943710137,947667.0
CYP,2001,5.28305,2.807229,18.8187590408455,964127.0
CYP,2002,5.284715,2.864315,28.32,981440.0
CYP,2003,5.3612,2.853049,30.09,999590.0
CYP,2004,5.457713,2.817515,33.83,1017875.0
CYP,2005,5.57732,2.837984,32.81,1036151.0
CYP,2006,5.684129,2.848054,35.83,1054418.0
CYP,2007,5.801361,2.856378,40.77,1072714.0
CYP,2008,5.963421,2.860751,42.31,1091026.0
CYP,2009,6.190419,2.999193,49.81,1109371.0
CYP,2010,6.41934,2.868677,52.99,1127816.0
CYP,2011,6.65395,2.949591,56.8598923503507,1146493.0
CYP,2012,6.878957,2.956264,60.6898684001903,1165397.0
CYP,2013,7.093991,2.905343,65.4548,1183895.0
CYP,2014,7.334547,2.920777,69.3286967086473,1201801.0
CYP,2015,7.615771,2.941244,71.7157409175171,1219502.0
CYP,2016,7.782191,2.951264,75.9002054030125,1237112.0
CYP,2017,7.87429,2.969012,80.743188971932,1254275.0
CYP,2018,7.941472,3.127148,84.4335825186889,1270737.0
CYP,2019,8.03878,3.003024,86.0636299618935,1286671.0
CYP,2020,9.458969,3.540735,90.80194644,1302247.0
CYP,2021,9.72714,3.604347,90.75951564,1317309.0
CYP,2022,10.036746,3.685149,89.60099194,1331370.0
CYP,2023,11.229546,3.698823,91.22110357,1344976.0
CZE,1990,4.292089,3.106144,0.0,10333355.0
CZE,1991,4.304657,3.182047,,10308578.0
CZE,1992,4.316097,3.081661,,10319123.0
CZE,1993,4.33003,3.157847,0.581,10329855.0
CZE,1994,4.347778,3.179273,1.26,10333587.0
CZE,1995,4.368431,3.260838,1.45,10327253.0
CZE,1996,4.39116,3.287873,1.94,10315241.0
CZE,1997,4.413643,3.357153,2.92,10304131.0
CZE,1998,4.436392,3.323763,3.9,10294373.0
CZE,1999,4.457929,3.478343,6.83,10283860.0
CZE,2000,4.476375,3.291907,9.78052788834393,10255063.0
CZE,2001,4.494325,3.436627,14.6971721171129,10216605.0
CZE,2002,4.510189,3.328146,23.93,10196916.0
CZE,2003,4.527437,3.336534,34.3,10193998.0
CZE,2004,4.54502,3.468683,35.5,10197101.0
CZE,2005,4.560564,3.293079,35.27,10211216.0
CZE,2006,4.573248,3.359868,47.93,10238905.0
CZE,2007,4.583587,3.364862,51.93,10298828.0
CZE,2008,4.60313,3.307829,62.97,10384603.0
CZE,2009,4.623075,3.308317,64.43,10443936.0
CZE,2010,4.645031,3.30499,68.82,10474410.0
CZE,2011,4.674214,3.305585,70.49,10496088.0
CZE,2012,4.701573,3.303069,73.4300078241036,10510785.0
CZE,2013,4.699292,3.423846,74.1104,10514272.0
CZE,2014,4.686245,3.446238,74.2317116367383,10525347.0
CZE,2015,4.65875,3.362481,75.668838699279,10546059.0
CZE,2016,4.624377,3.439702,76.4811986951838,10566332.0
CZE,2017,4.580161,3.37886,78.7191728513432,10594438.0
CZE,2018,4.521734,3.450526,80.6881675434288,10629928.0
CZE,2019,4.502655,3.31192,80.8669444139622,10671870.0
CZE,2020,5.154691,3.927626,81.33889705,10697858.0
CZE,2021,5.237144,4.191603,82.67062427,10505772.0
CZE,2022,5.3166,3.833314,84.54009378,10672118.0
CZE,2023,5.990714,4.002128,85.99404818,10864042.0
DEU,1990,5.670412,3.913086,0.126,79433029.0
DEU,1991,5.654096,3.895688,0.25,80013896.0
DEU,1992,5.641834,3.902806,0.435,80624598.0
DEU,1993,5.631022,3.889443,0.464,81156363.0
DEU,1994,5.622392,3.873207,0.923,81438348.0
DEU,1995,5.617308,3.864378,1.84,81678051.0
DEU,1996,5.611888,3.859575,3.05,81914831.0
DEU,1997,5.607803,3.846089,6.71,82034771.0
DEU,1998,5.60386,3.822887,9.88,82047195.0
DEU,1999,5.599672,3.808712,20.8,82100243.0
DEU,2000,5.597479,3.821706,30.2163466048889,82211508.0
DEU,2001,5.580268,3.812284,31.650939416316,82349925.0
DEU,2002,5.568015,3.861732,48.82,82488495.0
DEU,2003,5.53535,3.879099,55.9,82534176.0
DEU,2004,5.479157,3.921051,64.73,82516260.0
DEU,2005,5.418533,3.957275,68.71,82469422.0
DEU,2006,5.384888,3.999063,72.16,82376451.0
DEU,2007,5.335749,4.044337,75.16,82266372.0
DEU,2008,5.283818,4.120886,78.0,82110097.0
DEU,2009,5.216021,4.157297,79.0,81902307.0
DEU,2010,5.113209,4.211521,82.0,81776930.0
DEU,2011,5.005717,4.2497,81.26999953602,80274983.0
DEU,2012,4.893904,4.260736,82.3499984738392,80425823.0
DEU,2013,4.829029,4.289514,84.17,80645605.0
DEU,2014,4.801867,4.313033,86.1937006578756,80982500.0
DEU,2015,4.765414,4.339671,87.5897993525767,81686611.0
DEU,2016,4.707938,4.379006,84.1652066441212,82348669.0
DEU,2017,4.642779,4.374307,84.3941537010844,82657002.0
DEU,2018,4.612434,4.368808,87.037112092841,82905782.0
DEU,2019,4.615143,4.339809,88.1345169091916,83092962.0
DEU,2020,5.28823,5.077186,89.81294133,83160871.0
DEU,2021,5.386062,5.089741,91.43060973,83196078.0
DEU,2022,5.46739,4.821419,91.62984383,83177813.0
DEU,2023,6.079096,5.09312,92.4763763,83287273.0
DJI,1990,1.898259,2.819782,0.0,579538.0
DJI,1991,1.89204,2.830284,,631092.0
DJI,1992,1.885474,2.930209,,626010.0
DJI,1993,1.8828,2.934427,,614245.0
DJI,1994,1.882721,2.950585,,626710.0
DJI,1995,1.882599,2.909383,0.016,633074.0
DJI,1996,1.884261,2.774615,0.0312,648348.0
DJI,1997,1.884919,2.938086,0.0829,671817.0
DJI,1998,1.882718,2.860711,0.0947,699352.0
DJI,1999,1.879369,2.885102,0.106,724218.0
DJI,2000,1.877169,2.799185,0.194500528399956,747318.0
DJI,2001,1.875964,2.817026,0.343526262964202,771313.0
DJI,2002,1.874693,2.892562,0.48697170451894,795574.0
DJI,2003,1.87333,2.674345,0.625940229399888,813519.0
DJI,2004,1.872432,2.75759,0.781317175068661,826124.0
DJI,2005,1.871858,2.776196,0.953599989,839167.0
DJI,2006,1.871315,2.723682,1.269999981,855764.0
DJI,2007,1.862004,2.73521,1.62,874528.0
DJI,2008,1.854384,2.910568,2.26,892734.0
DJI,2009,1.878081,2.906872,4.0,911527.0
DJI,2010,1.883679,2.984153,6.5,930251.0
DJI,2011,1.935371,2.911419,7.0,948558.0
DJI,2012,2.006783,3.046185,9.399999619,966747.0
DJI,2013,2.085855,2.834575,12.69999981,984824.0
DJI,2014,2.15753,2.969809,17.0,1002717.0
DJI,2015,2.223763,3.0171,22.89999962,1020313.0
DJI,2016,2.348396,2.847006,30.79999924,1037653.0
DJI,2017,2.516533,2.942885,55.6814092453962,1054841.0
DJI,2018,2.66807,3.020101,57.06169891,1071882.0
DJI,2019,2.803487,2.874835,58.4762001,1088709.0
DJI,2020,3.670872,3.385005,59.92570114,1105188.0
DJI,2021,3.931992,3.7713,61.41120148,1121248.0
DJI,2022,4.107209,3.596723,63.77600098,1137096.0
DJI,2023,4.970176,3.70763,64.75869751,1152944.0
DMA,1990,4.065693,2.778684,0.0,69627.0
DMA,1991,4.111732,2.800388,,69296.0
DMA,1992,4.158407,2.821854,,69325.0
DMA,1993,4.211469,2.843609,,69433.0
DMA,1994,4.27253,2.867423,,69477.0
DMA,1995,4.338639,2.894546,0.549,69469.0
DMA,1996,4.410495,2.925013,1.17,69410.0
DMA,1997,4.485247,2.957031,,69299.0
DMA,1998,4.563785,2.9913,2.93,69124.0
DMA,1999,4.64406,3.026526,2.93,68870.0
DMA,2000,4.721122,3.060465,8.81484419762881,68511.0
DMA,2001,4.787571,3.089837,13.2452280386761,68288.0
DMA,2002,4.853034,3.118593,18.4248927671241,68367.0
DMA,2003,4.909854,3.143525,23.6204198529629,68531.0
DMA,2004,4.957705,3.164721,30.3196130921568,68649.0
DMA,2005,5.003806,3.183607,38.54359818,68734.0
DMA,2006,5.051088,3.196415,39.39820099,68806.0
DMA,2007,5.092631,3.207701,40.2745018,68847.0
DMA,2008,5.130794,3.21382,41.15999985,68854.0
DMA,2009,5.173726,3.213922,42.02000046,68864.0
DMA,2010,5.197819,3.210445,47.45,68859.0
DMA,2011,5.227926,3.213893,48.59999847,69053.0
DMA,2012,5.307405,3.222292,49.79999924,69118.0
DMA,2013,5.354156,3.233007,51.0,69715.0
DMA,2014,5.400289,3.250092,57.5,70373.0
DMA,2015,5.481929,3.271929,65.0,70410.0
DMA,2016,5.562266,3.293719,67.02999878,69606.0
DMA,2017,5.616314,3.315253,69.61969757,68496.0
DMA,2018,5.634689,3.343388,,68174.0
DMA,2019,5.624187,3.373371,73.38200378,67880.0
DMA,2020,6.468845,3.973891,75.65670013,67573.0
DMA,2021,6.727854,4.113544,78.07949829,67202.0
DMA,2022,6.831683,4.022648,80.57980347,66826.0
DMA,2023,7.648261,4.174682,81.33650208,66510.0
DNK,1990,4.067251,3.224472,0.0973,5140939.0
DNK,1991,3.992053,3.220299,0.194,5154298.0
DNK,1992,3.916219,3.352229,0.387,5171370.0
DNK,1993,3.847176,3.207701,0.578,5188628.0
DNK,1994,3.786208,3.265205,1.34,5206180.0
DNK,1995,3.728651,3.25846,3.83,5233373.0
DNK,1996,3.673551,3.189526,5.71,5263074.0
DNK,1997,3.619479,3.186602,11.4,5284991.0
DNK,1998,3.574496,3.185541,22.7,5304219.0
DNK,1999,3.537948,3.327348,30.6,5321799.0
DNK,2000,3.5039,3.189769,39.1724308555053,5339616.0
DNK,2001,3.496288,3.259944,42.9575247201878,5358783.0
DNK,2002,3.491768,3.266722,64.25,5375931.0
DNK,2003,3.518964,3.338507,76.26,5390574.0
DNK,2004,3.577677,3.217055,80.93,5404523.0
DNK,2005,3.638276,3.423061,82.74,5419432.0
DNK,2006,3.737693,3.300573,86.65,5437272.0
DNK,2007,3.823293,3.462166,85.03,5461438.0
DNK,2008,3.961639,3.501172,85.02,5493621.0
DNK,2009,4.17673,3.499517,86.84,5523095.0
DNK,2010,4.326479,3.44842,88.72,5547683.0
DNK,2011,4.500421,3.632309,89.8100133895232,5570572.0
DNK,2012,4.670694,3.400325,92.2600117153012,5591572.0
DNK,2013,4.843495,3.423321,94.6297,5614932.0
DNK,2014,5.090209,3.448772,95.9935053764454,5643475.0
DNK,2015,5.288987,3.558155,96.3305016195436,5683483.0
DNK,2016,5.484086,3.491238,96.9677852516645,5728010.0
DNK,2017,5.65262,3.520528,97.0993621555621,5764980.0
DNK,2018,5.779438,3.581509,97.3192043651002,5793636.0
DNK,2019,5.904524,3.525049,98.0464347521549,5814422.0
DNK,2020,6.811474,3.982032,96.54914573,5831404.0
DNK,2021,6.738714,3.913531,98.8658506,5856733.0
DNK,2022,7.209083,3.932571,97.86011812,5903037.0
DNK,2023,7.782293,4.136933,98.77559197,5946952.0
DOM,1990,4.717097,3.227604,0.0,7151166.0
DOM,1991,4.782325,3.23321,,7299853.0
DOM,1992,4.846664,3.259512,,7447474.0
DOM,1993,4.915626,3.134542,,7594572.0
DOM,1994,4.989056,3.295311,,7741694.0
DOM,1995,5.063214,3.096263,0.0172,7888115.0
DOM,1996,5.138781,3.276066,0.075,8032894.0
DOM,1997,5.21731,3.29582,0.143,8174078.0
DOM,1998,5.30088,3.160319,0.234,8310362.0
DOM,1999,5.389167,3.259663,1.1,8446208.0
DOM,2000,5.478333,3.201889,3.70469235587688,8584190.0
DOM,2001,5.557117,3.150061,4.42939069666645,8720283.0
DOM,2002,5.636869,3.173098,6.8237257325842,8852235.0
DOM,2003,5.708415,3.197292,7.89839293716387,8980620.0
DOM,2004,5.771459,3.224195,8.8655534607044,9104892.0
DOM,2005,5.835546,3.248598,11.4831977789344,9225034.0
DOM,2006,5.900935,3.421182,14.8449283654589,9341183.0
DOM,2007,5.975536,3.300099,17.66,9455658.0
DOM,2008,6.057663,3.396914,20.82,9573130.0
DOM,2009,6.103293,3.422061,27.72,9695265.0
DOM,2010,6.185164,3.374306,31.39999962,9820175.0
DOM,2011,6.236201,3.395339,38.0,9945621.0
DOM,2012,6.272717,3.41461,42.32,10070411.0
DOM,2013,6.314215,3.587393,45.9,10193833.0
DOM,2014,6.341277,3.451999,49.58000183,10315528.0
DOM,2015,6.390782,3.538858,54.2157663369785,10434829.0
DOM,2016,6.407148,3.554452,63.8708647408206,10551430.0
DOM,2017,6.402406,3.663097,67.5712453277737,10666843.0
DOM,2018,6.384221,3.704687,74.8220483597284,10782053.0
DOM,2019,6.346928,3.781024,79.71549988,10894043.0
DOM,2020,7.415572,4.673133,81.61730194,11008300.0
DOM,2021,7.329715,4.652907,85.24298638,11123476.0
DOM,2022,7.611104,4.63358,81.51269675,11230734.0
DOM,2023,8.459253,4.575727,86.12689972,11331265.0
DZA,1990,4.801451,2.79619,0.0,25375810.0
DZA,1991,4.82918,2.878217,,25987928.0
DZA,1992,4.85809,2.992057,,26628568.0
DZA,1993,4.884292,3.121401,,27277048.0
DZA,1994,4.906759,3.215449,0.000361,27887279.0
DZA,1995,4.927686,3.291734,0.00177,28470191.0
DZA,1996,4.947384,3.342348,0.00174,29033044.0
DZA,1997,4.965629,3.414829,0.0103,29579301.0
DZA,1998,4.981005,3.47979,0.0202,30054133.0
DZA,1999,4.994608,3.522443,0.2,30474354.0
DZA,2000,5.007825,3.594245,0.491705679141589,30903893.0
DZA,2001,5.012071,3.64025,0.646114016703792,31331221.0
DZA,2002,5.016992,3.700065,1.59164126035832,31750835.0
DZA,2003,5.010324,3.746401,2.19535973086144,32175818.0
DZA,2004,4.990361,3.792008,4.63447508776537,32628286.0
DZA,2005,4.965058,3.829532,5.843900204,33109249.0
DZA,2006,4.934086,3.87241,7.37598495634886,33623506.0
DZA,2007,4.901785,3.912358,9.45119062555304,34189416.0
DZA,2008,4.850255,3.93561,10.18,34816961.0
DZA,2009,4.787266,3.976088,11.23,35490445.0
DZA,2010,4.72077,3.984583,12.5,36188236.0
DZA,2011,4.636344,4.010102,14.89999962,36903376.0
DZA,2012,4.547963,4.025544,18.20000076,37646166.0
DZA,2013,4.454353,4.033885,22.5,38414171.0
DZA,2014,4.336652,4.044712,29.5,39205031.0
DZA,2015,4.274465,4.05845,38.20000076,40019529.0
DZA,2016,4.204339,4.061933,42.94549942,40850721.0
DZA,2017,4.138803,4.069123,47.69110107,41689299.0
DZA,2018,4.111946,4.068606,49.0384680793271,42505035.0
DZA,2019,4.004091,4.067869,55.79069901,43294546.0
DZA,2020,4.532282,4.884016,63.47269821,44042091.0
DZA,2021,4.404031,4.875994,72.21240234,44761099.0
DZA,2022,4.514195,4.808399,74.78150177,45477389.0
DZA,2023,5.072897,4.871479,76.19760132,46164219.0
ECU,1990,4.768861,2.605191,0.0,10473673.0
ECU,1991,4.798159,2.543539,,10702380.0
ECU,1992,4.825326,2.668004,0.00512,10930128.0
ECU,1993,4.854934,2.603866,0.0164,11154274.0
ECU,1994,4.890783,2.494091,0.0348,11372197.0
ECU,1995,4.932177,2.712774,0.0438,11590514.0
ECU,1996,4.977945,2.638323,0.0862,11810950.0
ECU,1997,5.026234,2.646935,0.11,12031127.0
ECU,1998,5.077679,2.612199,0.125,12251184.0
ECU,1999,5.132121,2.600448,0.823,12470795.0
ECU,2000,5.187829,2.550348,1.46218853556457,12689206.0
ECU,2001,5.239129,2.512608,2.67044367376705,12910740.0
ECU,2002,5.296955,2.530638,4.26079691519764,13138472.0
ECU,2003,5.350434,2.551249,4.46022834472698,13372306.0
ECU,2004,5.396033,2.570133,4.83444263759525,13608701.0
ECU,2005,5.437821,2.586986,5.994299889,13846163.0
ECU,2006,5.474637,2.602133,7.199999809,14086131.0
ECU,2007,5.475644,2.617248,10.80000019,14328773.0
ECU,2008,5.489532,2.785527,18.8,14575202.0
ECU,2009,5.466872,2.64407,24.6,14825954.0
ECU,2010,5.445283,2.727997,29.03,15076695.0
ECU,2011,5.471515,2.741108,31.3668083587433,15326227.0
ECU,2012,5.522425,2.68312,35.1351464545516,15572194.0
ECU,2013,5.582112,2.81191,40.279121941,15807128.0
ECU,2014,5.647561,2.716517,45.5903906666095,16035124.0
ECU,2015,5.690465,2.789906,48.9404337892669,16266225.0
ECU,2016,5.742929,2.922796,54.0629247288864,16505139.0
ECU,2017,5.801515,2.771259,55.79999924,16759519.0
ECU,2018,5.889216,2.974188,57.5,17049547.0
ECU,2019,5.955368,2.986798,59.2,17340021.0
ECU,2020,7.540627,3.770338,70.7,17546065.0
ECU,2021,7.497336,3.61367,69.1147995,17682454.0
ECU,2022,7.912962,3.770771,69.71811356,17823897.0
ECU,2023,9.359417,3.80732,72.6943146,17980083.0
EGY,1990,4.559042,3.159976,0.0,58396618.0
EGY,1991,4.575428,3.203743,,60028997.0
EGY,1992,4.593476,3.257079,,61480660.0
EGY,1993,4.61027,3.34238,0.000976,62915681.0
EGY,1994,4.625409,3.396673,0.00638,64285589.0
EGY,1995,4.640155,3.460376,0.0313,65652622.0
EGY,1996,4.65362,3.510822,0.0615,67028048.0
EGY,1997,4.664261,3.553324,0.0905,68431740.0
EGY,1998,4.670172,3.56259,0.148,69943294.0
EGY,1999,4.67079,3.560321,0.29,71520954.0
EGY,2000,4.666843,3.567479,0.641265037504813,73083284.0
EGY,2001,4.660429,3.576194,0.838945611477604,74652029.0
EGY,2002,4.651593,3.606871,2.71999971465421,76239137.0
EGY,2003,4.641462,3.464452,4.03788510706701,77853548.0
EGY,2004,4.629305,3.668379,11.92,79477443.0
EGY,2005,4.614376,3.63787,12.75,81101004.0
EGY,2006,4.595082,3.625871,13.66,82700403.0
EGY,2007,4.575944,3.566141,16.03,84276225.0
EGY,2008,4.536255,3.723045,18.01,85864789.0
EGY,2009,4.507758,3.62596,20.0,87501636.0
EGY,2010,4.46902,3.577507,21.6,89196072.0
EGY,2011,4.435589,3.719687,25.6,91093059.0
EGY,2012,4.43381,3.694951,26.4,93161001.0
EGY,2013,4.437213,3.657442,29.4,95333553.0
EGY,2014,4.425352,3.752042,33.8946039115275,97528654.0
EGY,2015,4.414036,3.756931,37.8193834276939,99597342.0
EGY,2016,4.379739,3.769178,41.2480670885772,101644589.0
EGY,2017,4.347266,3.839288,44.9502042452857,103696057.0
EGY,2018,4.332184,3.85789,46.92433676792,105682094.0
EGY,2019,4.354674,3.886043,57.2828663990195,107553158.0
EGY,2020,5.361539,4.826992,71.91420096,109315124.0
EGY,2021,5.35857,4.832815,72.05599976,110957008.0
EGY,2022,5.515039,4.7513,72.19806556,112618250.0
EGY,2023,6.438534,4.804769,74.01190186,114535772.0
ERI,1990,2.652982,2.820146,0.0,2032737.0
ERI,1991,2.646772,2.820315,,1919571.0
ERI,1992,2.647965,2.610596,,1798748.0
ERI,1993,2.650096,2.76764,0.0,1856006.0
ERI,1994,2.646811,2.514883,0.0,1913915.0
ERI,1995,2.644501,2.487339,0.0,2025267.0
ERI,1996,2.642748,2.631685,0.0,2128464.0
ERI,1997,2.641079,2.580063,0.00902,2152135.0
ERI,1998,2.641421,2.68881,0.00877,2180419.0
ERI,1999,2.644177,2.787703,0.0255,2212780.0
ERI,2000,2.647752,2.803846,0.136711941104496,2247031.0
ERI,2001,2.653788,2.742361,0.157815289303043,2312079.0
ERI,2002,2.658033,2.763423,0.227090137626716,2392978.0
ERI,2003,2.663306,2.780066,,2493903.0
ERI,2004,2.671156,2.693755,,2598284.0
ERI,2005,2.677382,2.739033,,2661215.0
ERI,2006,2.683635,2.762887,,2703502.0
ERI,2007,2.679663,2.755637,0.409999996,2743222.0
ERI,2008,2.676803,2.806297,0.469999999,2816327.0
ERI,2009,2.670641,2.78334,0.540000021,2887885.0
ERI,2010,2.671323,2.804683,0.610000014,2945186.0
ERI,2011,2.685581,2.805512,0.699999988,2998485.0
ERI,2012,2.715833,2.697904,0.800000012,3036988.0
ERI,2013,2.787731,2.791882,0.899999976,3074360.0
ERI,2014,2.851369,2.800266,0.99000001,3095173.0
ERI,2015,2.91357,2.826866,1.083699942,3105546.0
ERI,2016,2.996084,2.897667,1.177099943,3124698.0
ERI,2017,3.091636,2.918809,2.496099949,3150347.0
ERI,2018,3.181856,2.948106,5.293000221,3192760.0
ERI,2019,3.270298,2.95705,11.22379971,3240194.0
ERI,2020,4.128044,3.506153,14.34939957,3291271.0
ERI,2021,4.165214,3.461677,,3350183.0
ERI,2022,4.413071,3.475299,,3409447.0
ERI,2023,5.113951,3.471876,,3470390.0
ESP,1990,4.261557,3.662172,0.0129,38867322.0
ESP,1991,4.259111,3.677036,0.0257,38966376.0
ESP,1992,4.255148,3.675444,0.0768,39157685.0
ESP,1993,4.256669,3.68232,0.128,39361262.0
ESP,1994,4.263916,3.6903,0.28,39549108.0
ESP,1995,4.269811,3.688698,0.381,39724050.0
ESP,1996,4.273748,3.673779,1.33,39889852.0
ESP,1997,4.276819,3.698343,2.8,40057389.0
ESP,1998,4.285061,3.690653,4.36,40223509.0
ESP,1999,4.297316,3.693034,7.09,40386875.0
ESP,2000,4.306539,3.723765,13.6249608089899,40567864.0
ESP,2001,4.324686,3.716468,18.1487226902932,40850412.0
ESP,2002,4.341983,3.710623,20.39,41431558.0
ESP,2003,4.375414,3.729992,39.93,42187645.0
ESP,2004,4.424093,3.770776,44.01,42921895.0
ESP,2005,4.473077,3.740473,47.88,43653155.0
ESP,2006,4.555521,3.747614,50.37,44397319.0
ESP,2007,4.630072,3.684511,55.11,45226803.0
ESP,2008,4.752759,3.745211,59.6,45954106.0
ESP,2009,4.946446,3.708765,62.4,46362946.0
ESP,2010,5.102228,3.708223,65.8,46576897.0
ESP,2011,5.282623,3.652538,67.0899993926581,46742697.0
ESP,2012,5.455534,3.667128,69.8099999420024,46773055.0
ESP,2013,5.611498,3.616982,71.635,46604197.0
ESP,2014,5.768054,3.578939,76.1867089778712,46460733.0
ESP,2015,5.875232,3.602739,78.6896318703515,46422303.0
ESP,2016,5.982583,3.631089,80.5613329432179,46458139.0
ESP,2017,6.083552,3.840539,84.6022457016524,46571232.0
ESP,2018,6.171222,3.828949,86.107235525659,46782011.0
ESP,2019,6.272343,3.866071,90.718665325267,47118501.0
ESP,2020,7.515226,4.609591,93.20564892,47359424.0
ESP,2021,7.465467,4.726907,93.89752157,47443821.0
ESP,2022,7.885981,4.425106,94.4855432,47786102.0
ESP,2023,8.86544,4.732266,95.44564516,48352528.0
EST,1990,3.241603,3.181965,0.0,1569174.0
EST,1991,3.247732,3.189446,,1561314.0
EST,1992,3.258565,3.201496,0.0655,1533091.0
EST,1993,3.275017,3.217704,0.301,1494128.0
EST,1994,3.29614,3.236048,1.16,1462514.0
EST,1995,3.318513,3.256015,2.78,1436634.0
EST,1996,3.337963,3.417588,3.53,1415594.0
EST,1997,3.353992,3.299067,5.71,1399535.0
EST,1998,3.366741,3.390305,10.8,1386156.0
EST,1999,3.37487,3.415674,14.5,1390244.0
EST,2000,3.378717,3.371617,28.5769538105646,1396985.0
EST,2001,3.382245,3.538041,31.5274897673756,1388115.0
EST,2002,3.385375,3.410727,41.52,1379350.0
EST,2003,3.388399,3.499773,45.32,1370720.0
EST,2004,3.390652,3.515266,53.2,1362550.0
EST,2005,3.391343,3.456139,61.45,1354775.0
EST,2006,3.391798,3.464083,63.51,1346810.0
EST,2007,3.389408,3.626413,66.19,1340680.0
EST,2008,3.406896,3.619679,70.58,1337090.0
EST,2009,3.421701,3.7112,72.5,1334515.0
EST,2010,3.443612,3.761726,74.1,1331475.0
EST,2011,3.48617,3.765545,76.5,1327439.0
EST,2012,3.513693,3.61964,78.3899259259259,1322696.0
EST,2013,3.525092,3.612888,80.0043,1317997.0
EST,2014,3.518889,3.544109,84.2415280294352,1314545.0
EST,2015,3.5134,3.480025,88.4097035040431,1315407.0
EST,2016,3.51431,3.483847,87.2402327514547,1315790.0
EST,2017,3.493568,3.487412,88.1024568740199,1317384.0
EST,2018,3.467861,3.491639,89.3570077747426,1321977.0
EST,2019,3.434785,3.49324,90.2289281997919,1326898.0
EST,2020,3.888327,3.970625,89.05828666,1329522.0
EST,2021,4.000668,4.068224,90.97970174,1330932.0
EST,2022,4.033193,3.960014,91.52016546,1348840.0
EST,2023,4.517215,4.018742,93.18342241,1370286.0
ETH,1990,2.542131,3.416419,0.0,47609755.0
ETH,1991,2.53136,3.394237,,49717198.0
ETH,1992,2.520962,3.357358,,51853747.0
ETH,1993,2.510772,3.224577,,53708891.0
ETH,1994,2.500555,3.290218,,55611508.0
ETH,1995,2.49044,3.204349,1.75e-05,57537335.0
ETH,1996,2.479497,3.125966,0.0017,59467635.0
ETH,1997,2.468952,3.183752,0.00497,61404539.0
ETH,1998,2.458815,3.178414,0.00966,63363524.0
ETH,1999,2.448407,3.243514,0.0125,65374561.0
ETH,2000,2.438341,3.25962,0.0152637672082567,67411494.0
ETH,2001,2.432122,3.200417,0.0371623810686744,69487762.0
ETH,2002,2.426498,3.272131,0.0724022618698295,71635517.0
ETH,2003,2.424131,3.224379,0.105811658802603,73832663.0
ETH,2004,2.425282,3.184997,0.155334520794722,76077206.0
ETH,2005,2.42749,3.201321,0.219659818999505,78367470.0
ETH,2006,2.431281,3.226025,0.310592656856176,80703490.0
ETH,2007,2.429165,3.231609,0.37,83103217.0
ETH,2008,2.432348,3.274908,0.449999988,85543668.0
ETH,2009,2.434348,3.307417,0.540000021,88007636.0
ETH,2010,2.435813,3.328272,0.75,90538514.0
ETH,2011,2.442735,3.31346,1.100000024,93149970.0
ETH,2012,2.45475,3.391032,2.900000095,95798767.0
ETH,2013,2.504324,3.390156,4.599999905,98438751.0
ETH,2014,2.546132,3.418767,7.699999809,101115610.0
ETH,2015,2.593145,3.478898,13.8551755555556,103867135.0
ETH,2016,2.678853,3.515418,15.3669238595896,106718162.0
ETH,2017,2.764548,3.545714,15.62440014,109666481.0
ETH,2018,2.813266,3.588525,15.88619995,112664152.0
ETH,2019,2.865025,3.611581,15.98460007,115737383.0
ETH,2020,3.665485,4.482612,16.06959915,118917671.0
ETH,2021,3.861065,4.660347,16.6981031,122138588.0
ETH,2022,3.962118,4.518376,17.9836998,125384287.0
ETH,2023,4.717496,4.602931,20.33749962,128691692.0
FIN,1990,3.18641,3.142774,0.401,4986431.0
FIN,1991,3.155621,3.09748,1.4,5013740.0
FIN,1992,3.126179,3.088033,1.89,5041992.0
FIN,1993,3.10339,3.08688,2.57,5066447.0
FIN,1994,3.084993,3.082693,4.92,5088333.0
FIN,1995,3.067103,3.087319,13.9,5107790.0
FIN,1996,3.048697,3.076804,16.8,5124573.0
FIN,1997,3.030897,3.096902,19.5,5139835.0
FIN,1998,3.01818,3.078179,25.5,5153498.0
FIN,1999,3.009729,3.087673,32.3,5165474.0
FIN,2000,3.001904,3.098963,37.2484617371121,5176209.0
FIN,2001,3.004595,3.099834,43.1053633522263,5188008.0
FIN,2002,3.006942,3.116677,62.43,5200598.0
FIN,2003,3.022166,3.101039,69.22,5213014.0
FIN,2004,3.050934,3.111659,72.39,5228172.0
FIN,2005,3.079951,3.108554,74.48,5246096.0
FIN,2006,3.10901,3.096728,79.66,5266268.0
FIN,2007,3.139574,3.137158,80.78,5288720.0
FIN,2008,3.179067,3.156157,83.67,5313399.0
FIN,2009,3.252843,3.160461,82.49,5338871.0
FIN,2010,3.32145,3.169844,86.89,5363352.0
FIN,2011,3.399258,3.172686,88.70999491353,5388272.0
FIN,2012,3.494432,3.178768,89.879997974222,5413971.0
FIN,2013,3.569733,3.178076,91.5144,5438972.0
FIN,2014,3.63156,3.191027,86.5303927529377,5461512.0
FIN,2015,3.683575,3.086711,86.4221333325445,5479531.0
FIN,2016,3.743907,3.203363,87.7036499599455,5495303.0
FIN,2017,3.812846,3.150134,87.4689290730615,5508214.0
FIN,2018,3.874931,3.023152,88.8899599985585,5515525.0
FIN,2019,3.934203,3.094561,89.6073851129779,5521606.0
FIN,2020,4.516657,3.417901,92.17027106,5529543.0
FIN,2021,4.566978,3.371722,92.80806082,5541017.0
FIN,2022,4.812015,3.346362,92.98879471,5556106.0
FIN,2023,5.28255,3.391815,93.51385075,5583911.0
FJI,1990,3.007205,1.85182,0.0,773316.0
FJI,1991,3.004762,1.868891,,779656.0
FJI,1992,3.001587,1.986998,,785346.0
FJI,1993,2.994817,1.905763,0.00668,790369.0
FJI,1994,2.984724,1.97204,0.00791,794771.0
FJI,1995,2.97456,1.993874,0.00912,798746.0
FJI,1996,2.963935,1.969693,0.0644,803789.0
FJI,1997,2.953214,1.993545,0.223,812139.0
FJI,1998,2.939823,2.018059,0.633,822258.0
FJI,1999,2.92643,2.045957,0.942,831828.0
FJI,2000,2.912393,2.200303,1.4968547339902,840909.0
FJI,2001,2.906819,2.098191,1.8579785936093,849596.0
FJI,2002,2.9009,2.185344,6.15264970011985,858049.0
FJI,2003,2.902648,2.212432,6.72543473821551,866286.0
FJI,2004,2.91192,2.176998,7.4129434854202,874366.0
FJI,2005,2.91971,2.201134,8.45363663371359,882379.0
FJI,2006,2.925616,2.221034,9.6000384001536,890365.0
FJI,2007,2.932819,2.237148,10.89780045,897832.0
FJI,2008,2.938788,2.247547,13.0,903399.0
FJI,2009,2.955841,2.254997,17.0,907239.0
FJI,2010,2.974338,2.266867,20.0,910419.0
FJI,2011,2.988033,2.281286,28.0,912989.0
FJI,2012,3.022405,2.295403,33.74240112,914918.0
FJI,2013,3.061511,2.309327,35.20000076,916352.0
FJI,2014,3.10789,2.323189,37.40000153,917585.0
FJI,2015,3.167969,2.33656,42.5,918578.0
FJI,2016,3.219953,2.351733,49.41999817,919166.0
FJI,2017,3.277091,2.372897,53.6473999,918759.0
FJI,2018,3.328899,2.396628,58.2364006,917180.0
FJI,2019,3.371106,2.419519,63.21789932,914899.0
FJI,2020,4.024836,2.834763,68.62560272,914963.0
FJI,2021,4.305929,2.971244,70.56800079,916711.0
FJI,2022,4.331497,2.881307,72.56549835,919422.0
FJI,2023,5.040731,2.945851,74.1160965,924145.0
FRA,1990,6.236668,3.671989,0.0528,58261012.0
FRA,1991,6.234188,3.695718,0.14,58554242.0
FRA,1992,6.231137,3.724956,0.279,58846584.0
FRA,1993,6.232898,3.743668,0.591,59103094.0
FRA,1994,6.239253,3.762985,0.9,59324863.0
FRA,1995,6.244328,3.777705,1.64,59541294.0
FRA,1996,6.250782,3.74302,2.58,59754504.0
FRA,1997,6.260474,3.77891,4.26,59968066.0
FRA,1998,6.275624,3.779052,6.32,60190684.0
FRA,1999,6.293655,3.798347,9.13,60501986.0
FRA,2000,6.30784,3.821908,14.3079239430677,60918661.0
FRA,2001,6.323088,3.837725,26.3259035521688,61364377.0
FRA,2002,6.339081,3.843594,30.18,61812142.0
FRA,2003,6.36081,3.84904,36.14,62249855.0
FRA,2004,6.387549,3.847582,39.15,62707588.0
FRA,2005,6.412781,3.83744,42.87,63180854.0
FRA,2006,6.43482,3.824457,46.87,63622342.0
FRA,2007,6.464372,3.796998,66.09,64016890.0
FRA,2008,6.492275,3.775574,70.68,64375116.0
FRA,2009,6.54225,3.745272,71.58,64706436.0
FRA,2010,6.567926,3.732288,77.28,65026211.0
FRA,2011,6.616924,3.740497,77.8199989926706,65340830.0
FRA,2012,6.659538,3.712107,81.44,65657659.0
FRA,2013,6.667867,3.721113,81.9198,65997932.0
FRA,2014,6.721516,3.711721,83.7510996681821,66312067.0
FRA,2015,6.79174,3.778154,78.0060377071902,66548272.0
FRA,2016,6.871634,3.792155,79.2698113207547,66724104.0
FRA,2017,6.936106,3.785942,80.5024597243607,66918020.0
FRA,2018,7.025728,3.875123,82.0431867788484,67158348.0
FRA,2019,7.118699,3.848696,83.3397440866883,67382061.0
FRA,2020,8.416206,4.556646,84.70639801,67601110.0
FRA,2021,8.456956,4.592579,86.09548575,67842811.0
FRA,2022,8.817755,4.560469,85.33331734,68184457.0
FRA,2023,9.912993,4.672028,86.83635789,68372286.0
FSM,1990,2.972497,1.683994,0.0,100888.0
FSM,1991,2.97942,1.703017,,102754.0
FSM,1992,2.985297,1.722686,,104806.0
FSM,1993,2.986967,1.742719,,107066.0
FSM,1994,2.984451,1.762397,,109075.0
FSM,1995,2.980779,1.781433,,110230.0
FSM,1996,2.975547,1.802728,0.278,110710.0
FSM,1997,2.968743,1.824296,0.571,111071.0
FSM,1998,2.958408,1.847049,1.86,111377.0
FSM,1999,2.945976,1.871503,2.8,111680.0
FSM,2000,2.932816,1.896493,3.73486213690137,112044.0
FSM,2001,2.928774,1.924299,4.66052719883673,112365.0
FSM,2002,2.923698,1.952338,5.57009970478472,112448.0
FSM,2003,2.928562,1.981945,9.23250210039423,112285.0
FSM,2004,2.942514,2.012584,11.0178673081514,111925.0
FSM,2005,2.955877,2.043732,11.88140011,111412.0
FSM,2006,2.968624,2.077363,12.75030041,110729.0
FSM,2007,2.984313,2.111695,13.62110043,109880.0
FSM,2008,3.000276,2.147279,14.49,108936.0
FSM,2009,3.028967,2.183939,15.35,107957.0
FSM,2010,3.059271,2.220863,20.0,107540.0
FSM,2011,3.082543,2.259252,22.79999924,107698.0
FSM,2012,3.124559,2.298023,25.97439957,107890.0
FSM,2013,3.167832,2.337576,27.79999924,108121.0
FSM,2014,3.215604,2.377949,29.64999962,108396.0
FSM,2015,3.275564,2.418846,31.50110054,108716.0
FSM,2016,3.325051,2.457525,33.35219955,109075.0
FSM,2017,3.377318,2.496776,35.30410004,109481.0
FSM,2018,3.421403,2.534665,36.61460114,109909.0
FSM,2019,3.45373,2.57107,37.97370148,110282.0
FSM,2020,4.139536,3.086466,39.38330078,110916.0
FSM,2021,4.340922,3.225241,,111624.0
FSM,2022,4.403714,3.154265,39.0279007,112114.0
FSM,2023,5.100414,3.240496,39.39889908,112630.0
GAB,1990,4.19264,3.389141,0.0,983734.0
GAB,1991,4.202514,3.400802,,1010818.0
GAB,1992,4.212459,3.413207,,1038380.0
GAB,1993,4.233934,3.42632,,1066405.0
GAB,1994,4.266794,3.439424,,1094720.0
GAB,1995,4.3002,3.452948,,1123213.0
GAB,1996,4.334071,3.468083,0.0,1152015.0
GAB,1997,4.368879,3.707645,0.048,1181439.0
GAB,1998,4.413122,3.50119,0.17,1211736.0
GAB,1999,4.466798,3.832476,0.249,1243016.0
GAB,2000,4.520686,3.639938,1.21614061828589,1275572.0
GAB,2001,4.558831,3.65361,1.34762022159633,1309589.0
GAB,2002,4.59813,3.67476,1.93953010616212,1345135.0
GAB,2003,4.625202,3.598392,2.65958659385985,1382350.0
GAB,2004,4.637988,3.622132,2.97906980035019,1421609.0
GAB,2005,4.648191,3.642365,4.89326474972412,1463495.0
GAB,2006,4.655532,3.659568,5.48920080280135,1508337.0
GAB,2007,4.662638,3.67604,5.767000198,1556237.0
GAB,2008,4.656958,3.688041,7.5,1607175.0
GAB,2009,4.641219,3.70078,9.5,1661556.0
GAB,2010,4.624534,3.711997,13.0,1719879.0
GAB,2011,4.603697,3.722788,18.0,1781985.0
GAB,2012,4.594086,3.732685,24.0,1846889.0
GAB,2013,4.592704,3.742449,30.53800011,1913059.0
GAB,2014,4.592992,3.752068,38.07120132,1978399.0
GAB,2015,4.625574,3.761504,45.78450012,2040989.0
GAB,2016,4.683669,3.771972,48.0522995,2100306.0
GAB,2017,4.726431,3.783956,51.60490036,2156900.0
GAB,2018,4.755713,3.797852,55.42020035,2212318.0
GAB,2019,4.765677,4.051083,59.51760101,2267706.0
GAB,2020,5.772543,4.971417,63.91790009,2322539.0
GAB,2021,5.869574,5.154257,65.76809692,2376722.0
GAB,2022,6.050027,5.149077,67.67169952,2430747.0
GAB,2023,6.996404,5.257364,68.19789886,2484789.0
GBR,1990,5.825609,4.408328,0.0874,57247586.0
GBR,1991,5.834903,4.47409,0.174,57424897.0
GBR,1992,5.844791,4.294911,0.261,57580402.0
GBR,1993,5.861298,4.27684,0.52,57718614.0
GBR,1994,5.884442,4.269257,1.04,57865745.0
GBR,1995,5.910248,4.218199,1.9,58019030.0
GBR,1996,5.937025,4.171236,4.12,58166950.0
GBR,1997,5.965612,4.116289,7.39,58316954.0
GBR,1998,5.998525,4.279018,13.7,58487141.0
GBR,1999,6.03624,4.13859,21.3,58682466.0
GBR,2000,6.074711,4.237179,26.8217543508578,58892514.0
GBR,2001,6.129682,4.155641,33.4810948744147,59119673.0
GBR,2002,6.186624,4.282858,56.48,59370479.0
GBR,2003,6.260571,4.322427,64.82,59647577.0
GBR,2004,6.349185,4.338103,65.61,59987905.0
GBR,2005,6.434432,4.470115,70.0,60401206.0
GBR,2006,6.499524,4.574691,68.82,60846820.0
GBR,2007,6.565029,4.63345,75.09,61322463.0
GBR,2008,6.608069,4.706904,78.39,61806995.0
GBR,2009,6.673944,4.821882,83.56,62276270.0
GBR,2010,6.694867,4.904997,85.0,62766365.0
GBR,2011,6.759307,5.010616,85.3799985496322,63258810.0
GBR,2012,6.8526,5.136459,87.4799984242111,63711000.0
GBR,2013,6.979672,5.226196,89.8441,64138000.0
GBR,2014,7.161367,5.3659,91.6133009176453,64619000.0
GBR,2015,7.349466,5.465961,92.0002998740234,65087000.0
GBR,2016,7.553172,5.61281,94.7758006318882,65606000.0
GBR,2017,7.699922,5.631747,90.4245504868553,65964000.0
GBR,2018,7.836552,5.698062,90.692008988783,66287000.0
GBR,2019,8.006189,5.853983,92.5166285497138,66628000.0
GBR,2020,9.792509,7.175015,94.81820132,66740000.0
GBR,2021,10.011901,7.14804,96.19650269,66978000.0
GBR,2022,10.535601,7.339576,95.46530151,67636000.0
GBR,2023,11.889496,7.435386,95.44719696,68526000.0
GEO,1990,2.756431,3.509332,0.0,4802000.0
GEO,1991,2.759089,3.733411,,4835900.0
GEO,1992,2.763723,3.787119,,4873500.0
GEO,1993,2.772426,3.913274,,4911100.0
GEO,1994,2.78655,3.975622,,4836076.0
GEO,1995,2.802486,4.046858,0.0118,4657722.0
GEO,1996,2.818813,3.964589,0.0401,4491699.0
GEO,1997,2.833637,3.998128,0.0609,4349913.0
GEO,1998,2.848568,4.04813,0.103,4243607.0
GEO,1999,2.863017,4.038533,0.416,4157192.0
GEO,2000,2.875946,4.096884,0.484746298540492,4077131.0
GEO,2001,2.889151,4.154413,0.992344436138154,4014373.0
GEO,2002,2.900188,4.172004,1.58787562980332,3978515.0
GEO,2003,2.911861,4.162164,2.55881648068489,3951736.0
GEO,2004,2.923946,4.201306,3.88622135350273,3927340.0
GEO,2005,2.933724,4.218549,6.079500198,3902469.0
GEO,2006,2.941829,4.218489,7.52687684487832,3880347.0
GEO,2007,2.947341,4.225827,8.26,3860158.0
GEO,2008,2.958461,4.316853,10.01000023,3848449.0
GEO,2009,2.970828,4.217737,20.06999969,3814419.0
GEO,2010,2.981697,4.254294,26.9,3786695.0
GEO,2011,2.991618,4.280478,31.52000046,3756441.0
GEO,2012,2.998237,4.259989,36.93999863,3728874.0
GEO,2013,2.98907,4.247405,43.3,3717668.0
GEO,2014,2.973864,4.277043,49.1024547144647,3719414.0
GEO,2015,2.968586,4.27245,47.5697596438736,3725276.0
GEO,2016,2.969134,4.190148,58.4592896118725,3727505.0
GEO,2017,2.978032,4.041829,59.7055045962571,3728004.0
GEO,2018,2.991834,4.182704,62.7179081974285,3726549.0
GEO,2019,2.993711,3.901566,68.8467135616978,3720161.0
GEO,2020,3.563529,4.887494,72.53157487,3722716.0
GEO,2021,3.700115,4.752677,76.4427093,3708610.0
GEO,2022,3.75264,4.8463,78.71127536,3712502.0
GEO,2023,4.377708,4.905548,81.88425624,3715483.0
GHA,1990,3.035266,2.773768,0.0,15394648.0
GHA,1991,3.075661,2.7903,,15787496.0
GHA,1992,3.115457,2.806711,,16184855.0
GHA,1993,3.171875,2.822334,,16589519.0
GHA,1994,3.244507,2.991712,,16993190.0
GHA,1995,3.316685,2.979826,0.000348,17399017.0
GHA,1996,3.388296,3.071059,0.00565,17810181.0
GHA,1997,3.459841,3.14416,0.0275,18238958.0
GHA,1998,3.543597,3.171553,0.0322,18688036.0
GHA,1999,3.639634,3.039008,0.105,19149864.0
GHA,2000,3.735706,3.232572,0.153615297625799,19637087.0
GHA,2001,3.801296,3.180921,0.200008060324831,20167069.0
GHA,2002,3.867534,3.220938,0.830284033818738,20729388.0
GHA,2003,3.909168,3.294597,1.19305791098328,21296705.0
GHA,2004,3.925664,3.298397,1.71679770389504,21868298.0
GHA,2005,3.940287,3.312558,1.83119746104616,22449438.0
GHA,2006,3.952797,3.315845,2.72317597313987,23040702.0
GHA,2007,3.942017,3.336574,3.85,23642279.0
GHA,2008,3.929716,3.383481,4.27,24249946.0
GHA,2009,3.886925,3.404095,5.44,24862664.0
GHA,2010,3.845681,3.412746,7.8,25474995.0
GHA,2011,3.847803,3.44229,9.0,26095088.0
GHA,2012,3.867642,3.463939,10.6,26734268.0
GHA,2013,3.932524,3.474775,15.0,27386193.0
GHA,2014,3.979827,3.500532,19.0,28041592.0
GHA,2015,4.036319,3.541405,23.0,28696068.0
GHA,2016,4.131438,3.561908,28.0,29356742.0
GHA,2017,4.200775,3.600683,37.88420105,30008354.0
GHA,2018,4.229307,3.60419,43.0,30637585.0
GHA,2019,4.199036,3.652115,22.0732,31258945.0
GHA,2020,4.986123,4.373975,62.51760101,31887809.0
GHA,2021,5.183227,4.463172,68.6,32518665.0
GHA,2022,5.328211,4.354864,69.91329956,33149152.0
GHA,2023,6.084671,4.454374,70.67430115,33787914.0
GIN,1990,4.204136,2.144131,0.0,6434374.0
GIN,1991,4.260539,2.138144,,6697166.0
GIN,1992,4.310653,2.128441,,6914366.0
GIN,1993,4.384673,2.122138,,7128177.0
GIN,1994,4.48699,2.211923,0.000138,7345107.0
GIN,1995,4.592409,2.111769,0.000669,7553249.0
GIN,1996,4.698416,2.268697,0.00195,7770035.0
GIN,1997,4.807339,2.148092,0.0038,7931370.0
GIN,1998,4.946,2.273489,0.0062,8081990.0
GIN,1999,5.100335,2.280861,0.0608,8265123.0
GIN,2000,5.246605,2.308806,0.0954249236063846,8428832.0
GIN,2001,5.348143,2.375975,0.175541868491054,8539960.0
GIN,2002,5.462502,2.366191,0.402022748744397,8674066.0
GIN,2003,5.531054,2.280055,0.450960370842751,8870781.0
GIN,2004,5.547387,2.371378,0.508819332302937,9062726.0
GIN,2005,5.563801,2.314191,0.542299986,9245844.0
GIN,2006,5.577714,2.326414,0.637499988,9441171.0
GIN,2007,5.604819,2.387541,0.780025279059244,9662281.0
GIN,2008,5.613336,2.3726,0.92,9898870.0
GIN,2009,5.608771,2.415564,0.94,10143534.0
GIN,2010,5.638381,2.354154,1.0,10396086.0
GIN,2011,5.689541,2.373001,2.0,10656810.0
GIN,2012,5.748984,2.370543,3.099999905,10921581.0
GIN,2013,5.812064,2.247038,4.5,11191873.0
GIN,2014,5.858954,2.364123,6.400000095,11472924.0
GIN,2015,5.936107,2.346065,9.199999809,11767070.0
GIN,2016,6.045792,2.355098,13.10000038,12073030.0
GIN,2017,6.087376,2.426201,18.70000076,12385659.0
GIN,2018,6.155673,2.453077,21.8300230430563,12704774.0
GIN,2019,6.265338,2.467868,23.89049911,13034346.0
GIN,2020,7.721871,2.937925,26.14550018,13371183.0
GIN,2021,7.897825,2.961505,28.61330032,13710513.0
GIN,2022,8.11857,2.939528,31.31399918,14055137.0
GIN,2023,9.254806,2.974505,32.31560135,14405468.0
GMB,1990,3.672758,2.07679,0.0,1054696.0
GMB,1991,3.726325,2.080843,,1099959.0
GMB,1992,3.779466,2.085797,,1145582.0
GMB,1993,3.853421,2.090606,,1188365.0
GMB,1994,3.947716,2.225337,,1227226.0
GMB,1995,4.041879,2.09992,0.00922,1264313.0
GMB,1996,4.134224,2.165307,0.0355,1301410.0
GMB,1997,4.224582,2.278701,0.0513,1338889.0
GMB,1998,4.327854,2.124999,0.206,1376987.0
GMB,1999,4.443549,2.182696,0.716,1415779.0
GMB,2000,4.555653,2.305677,0.921794919066406,1455084.0
GMB,2001,4.627054,2.27171,1.33679116648397,1495011.0
GMB,2002,4.696991,2.305715,1.79677988296495,1535691.0
GMB,2003,4.736261,2.284415,2.436781193062,1577611.0
GMB,2004,4.745255,2.39173,3.30800347812937,1621312.0
GMB,2005,4.753624,2.369761,3.799000025,1667037.0
GMB,2006,4.761993,2.253046,5.23769115841218,1715275.0
GMB,2007,4.760986,2.319925,6.20503741852418,1765774.0
GMB,2008,4.756071,2.270316,6.880000114,1817852.0
GMB,2009,4.706872,2.212427,7.630000114,1871422.0
GMB,2010,4.692008,2.211716,9.2,1926630.0
GMB,2011,4.716453,2.214901,10.87030029,1983784.0
GMB,2012,4.762391,2.327657,12.44919968,2043094.0
GMB,2013,4.864887,2.22896,14.0,2103820.0
GMB,2014,4.97062,2.286965,15.56000042,2164528.0
GMB,2015,5.0794,2.432617,17.59950066,2224529.0
GMB,2016,5.17563,2.268402,19.90640068,2283769.0
GMB,2017,5.242286,2.485898,22.5156002,2342189.0
GMB,2018,5.356924,2.489487,28.30900002,2399632.0
GMB,2019,5.430772,2.399019,31.11829948,2456844.0
GMB,2020,7.097347,2.996533,36.01100159,2515733.0
GMB,2021,7.299777,2.987215,41.67309952,2576010.0
GMB,2022,7.53124,3.032071,48.22539902,2636470.0
GMB,2023,8.940728,3.075408,48.72829819,2697845.0
GNB,1990,3.657959,2.07877,0.0,973669.0
GNB,1991,3.708533,2.076022,,994639.0
GNB,1992,3.760053,2.185935,,1024356.0
GNB,1993,3.834409,2.072193,,1058745.0
GNB,1994,3.931499,2.120089,,1092031.0
GNB,1995,4.029179,2.119228,,1119949.0
GNB,1996,4.127757,2.073211,,1143535.0
GNB,1997,4.226643,2.077703,0.0164,1165545.0
GNB,1998,4.337113,2.250524,0.0241,1187473.0
GNB,1999,4.46068,2.249337,0.118,1210206.0
GNB,2000,4.581348,2.29693,0.230103170591588,1234741.0
GNB,2001,4.6576,2.388464,0.299569144677667,1261273.0
GNB,2002,4.731962,2.248933,1.02299323436117,1289307.0
GNB,2003,4.772395,2.366251,1.35419747762901,1318806.0
GNB,2004,4.778873,2.32653,1.80814220342991,1349563.0
GNB,2005,4.782498,2.32356,1.90139997,1381585.0
GNB,2006,4.782525,2.426785,2.057199955,1415303.0
GNB,2007,4.767037,2.282603,2.20630002,1450986.0
GNB,2008,4.744735,2.420771,2.35488871087933,1488054.0
GNB,2009,4.668572,2.365414,2.30328059172582,1526377.0
GNB,2010,4.621552,2.232874,2.450000048,1566347.0
GNB,2011,4.610816,2.40161,2.671999931,1608076.0
GNB,2012,4.617057,2.366581,2.894000053,1651417.0
GNB,2013,4.687933,2.237727,3.099999905,1695973.0
GNB,2014,4.765878,2.440165,3.319999933,1741122.0
GNB,2015,4.869235,2.258256,6.099999905,1786457.0
GNB,2016,4.978906,2.274393,13.80000019,1831893.0
GNB,2017,5.066728,2.285516,14.80000019,1877072.0
GNB,2018,5.172944,2.238887,15.69999981,1922168.0
GNB,2019,5.258926,2.257476,17.92149925,1967696.0
GNB,2020,6.706193,2.94033,20.45730019,2013255.0
GNB,2021,6.766134,2.75996,23.3519001,2058841.0
GNB,2022,7.058588,2.944053,27.67379951,2105529.0
GNB,2023,8.218108,2.989573,28.71240044,2153339.0
GNQ,1990,3.788934,3.201259,0.0,474274.0
GNQ,1991,3.794033,3.189219,,492217.0
GNQ,1992,3.801224,3.378605,,510770.0
GNQ,1993,3.821971,3.171659,,530023.0
GNQ,1994,3.856342,3.254188,,550138.0
GNQ,1995,3.892739,3.250783,,571264.0
GNQ,1996,3.931123,3.163159,,593492.0
GNQ,1997,3.971614,3.166534,0.0415,616893.0
GNQ,1998,4.022108,3.400912,0.0944,641474.0
GNQ,1999,4.082478,3.184548,0.0974,667214.0
GNQ,2000,4.142243,3.295028,0.132354665123789,703279.0
GNQ,2001,4.184179,3.303146,0.16526042288306,749836.0
GNQ,2002,4.226696,3.213825,0.321197997152044,797957.0
GNQ,2003,4.256486,3.423029,0.520524272046806,847862.0
GNQ,2004,4.272085,3.479605,0.843930284607049,899917.0
GNQ,2005,4.286041,3.341391,1.149799943,947367.0
GNQ,2006,4.299792,3.467574,1.279199958,990343.0
GNQ,2007,4.321552,3.383491,1.557100058,1036044.0
GNQ,2008,4.318792,3.2915,1.820000052,1084530.0
GNQ,2009,4.326304,3.522374,2.130000114,1135673.0
GNQ,2010,4.330575,3.491707,6.0,1189085.0
GNQ,2011,4.325634,3.435235,11.5,1241835.0
GNQ,2012,4.34775,3.724304,13.94320011,1293483.0
GNQ,2013,4.380457,3.439837,16.39999962,1346218.0
GNQ,2014,4.416019,3.469192,18.86000061,1399828.0
GNQ,2015,4.446106,3.489654,21.31999969,1453923.0
GNQ,2016,4.521743,3.428519,23.78000069,1508186.0
GNQ,2017,4.598166,3.459718,26.23999977,1562396.0
GNQ,2018,4.642215,3.48945,29.39999962,1616422.0
GNQ,2019,4.688858,3.524804,49.13370132,1670177.0
GNQ,2020,5.861603,4.377642,55.00130081,1716468.0
GNQ,2021,5.873317,4.428472,58.71730042,1758786.0
GNQ,2022,6.122767,4.378223,63.65950012,1803545.0
GNQ,2023,7.133553,4.487308,63.51950073,1847549.0
GRC,1990,5.637653,4.504405,0.0,10196792.0
GRC,1991,5.634727,4.582283,0.0488,10319927.0
GRC,1992,5.630935,4.527799,0.0483,10399061.0
GRC,1993,5.634247,4.360468,0.191,10460415.0
GRC,1994,5.644008,4.585789,0.378,10512922.0
GRC,1995,5.653796,4.275294,0.75,10562153.0
GRC,1996,5.662141,4.493648,1.4,10608800.0
GRC,1997,5.670478,4.496767,1.85,10661259.0
GRC,1998,5.684741,4.328234,3.22,10720509.0
GRC,1999,5.703734,4.627818,6.88,10761698.0
GRC,2000,5.718499,4.542157,9.13883730776798,10805808.0
GRC,2001,5.740701,4.374069,10.9350258080278,10862132.0
GRC,2002,5.76179,4.486793,14.67,10902022.0
GRC,2003,5.794239,4.408305,17.8,10928070.0
GRC,2004,5.83679,4.33585,21.42,10955141.0
GRC,2005,5.876902,4.347664,24.0,10987314.0
GRC,2006,5.923511,4.358485,32.25,11020362.0
GRC,2007,5.969199,4.370207,35.88,11048473.0
GRC,2008,6.06431,4.374789,38.2,11077841.0
GRC,2009,6.178626,4.56916,42.4,11107017.0
GRC,2010,6.326151,4.606508,44.4,11121341.0
GRC,2011,6.519485,4.494311,51.6499951676815,11104899.0
GRC,2012,6.706457,4.820762,55.0699934418411,11045011.0
GRC,2013,6.892159,4.773108,59.8663,10965211.0
GRC,2014,7.044722,4.568677,63.2073404784561,10892413.0
GRC,2015,7.181268,4.907926,66.8349594911035,10820883.0
GRC,2016,7.309545,4.642831,69.0879154723892,10775971.0
GRC,2017,7.353482,4.668676,69.8929706543154,10754679.0
GRC,2018,7.390276,4.932389,72.2383733920483,10732882.0
GRC,2019,7.446789,4.848241,75.6712066931757,10721582.0
GRC,2020,8.518475,5.87404,78.11584474,10698599.0
GRC,2021,8.800023,5.863967,78.49426371,10570130.0
GRC,2022,8.93357,6.125574,83.17066333,10437805.0
GRC,2023,9.987677,6.087206,85.0102229,10407351.0
GRD,1990,3.986273,2.772866,0.0,99957.0
GRD,1991,4.04515,2.810452,0.0,100793.0
GRD,1992,4.106279,2.963829,0.0,101602.0
GRD,1993,4.174011,2.796302,0.0,102382.0
GRD,1994,4.247426,2.926233,0.0,103138.0
GRD,1995,4.322411,2.966675,0.0,103869.0
GRD,1996,4.397785,2.908367,0.298,104584.0
GRD,1997,4.474912,2.944006,0.991,105293.0
GRD,1998,4.555752,2.982941,1.48,106009.0
GRD,1999,4.636168,3.020391,2.47,106727.0
GRD,2000,4.716263,3.056035,4.06390799146313,107451.0
GRD,2001,4.786255,3.08424,5.12810398216998,107987.0
GRD,2002,4.856063,3.114991,14.7588405454867,108404.0
GRD,2003,4.917121,3.143238,18.6451821830564,108884.0
GRD,2004,4.96798,3.167398,19.5706205843787,109323.0
GRD,2005,5.017585,3.190976,20.4878006,109734.0
GRD,2006,5.065518,3.202702,21.39599991,110135.0
GRD,2007,5.107472,3.216786,22.29,110522.0
GRD,2008,5.146132,3.224209,23.18000031,110896.0
GRD,2009,5.18758,3.224692,24.04999924,111254.0
GRD,2010,5.212192,3.223577,27.0,111586.0
GRD,2011,5.242257,3.231536,30.0,112079.0
GRD,2012,5.319482,3.238812,32.0,112775.0
GRD,2013,5.362921,3.249394,35.0,113487.0
GRD,2014,5.403643,3.266081,51.6,114132.0
GRD,2015,5.476998,3.280055,52.5,114676.0
GRD,2016,5.548945,3.296374,53.29999924,115130.0
GRD,2017,5.593954,3.313294,54.20000076,115438.0
GRD,2018,5.600431,3.33204,61.42459869,115691.0
GRD,2019,5.57817,3.352225,64.31279755,115981.0
GRD,2020,6.445672,3.962619,65.65380096,116341.0
GRD,2021,6.834893,4.160303,67.02279663,116688.0
GRD,2022,6.83045,4.010663,68.42030334,116913.0
GRD,2023,7.770566,4.162147,69.4131012,117081.0
GRL,1990,5.993453,3.680626,0.0,55600.0
GRL,1991,6.036433,3.686844,,55500.0
GRL,1992,6.072884,3.693881,,55300.0
GRL,1993,6.124946,3.696869,,55200.0
GRL,1994,6.193338,3.697588,0.0647,55500.0
GRL,1995,6.276495,3.705587,0.0539,55800.0
GRL,1996,6.355459,3.713039,1.8,55900.0
GRL,1997,6.446261,3.72565,7.95,56000.0
GRL,1998,6.544651,3.740275,14.7,56100.0
GRL,1999,6.652322,3.758971,21.6,56100.0
GRL,2000,6.768318,3.780738,31.7478112321162,56185.0
GRL,2001,6.819977,3.813327,35.4641368915684,56379.0
GRL,2002,6.88293,3.846136,44.154789028418,56595.0
GRL,2003,6.87064,3.879919,54.5342598293605,56751.0
GRL,2004,6.801535,3.920008,56.0990147610533,56898.0
GRL,2005,6.72777,3.959437,57.7034045008656,56935.0
GRL,2006,6.655402,4.012247,59.361687268664,56775.0
GRL,2007,6.579281,4.062895,61.07,56555.0
GRL,2008,6.460613,4.129266,62.82,56328.0
GRL,2009,6.307402,4.193789,62.83,56323.0
GRL,2010,6.135486,4.263333,63.0,56534.0
GRL,2011,6.064439,4.306098,64.0,56890.0
GRL,2012,5.99321,4.350334,64.8960100995989,56810.0
GRL,2013,5.975079,4.386719,65.8,56483.0
GRL,2014,6.005174,4.40572,66.7,56295.0
GRL,2015,6.019006,4.424391,67.600443481006,56114.0
GRL,2016,6.016116,4.433538,68.500873675421,56186.0
GRL,2017,6.017665,4.443756,69.4824617821988,56172.0
GRL,2018,6.05418,4.452996,,56023.0
GRL,2019,6.122436,4.461635,,56225.0
GRL,2020,7.456259,5.218565,,56367.0
GRL,2021,7.581905,5.26158,,56653.0
GRL,2022,7.884405,5.164397,,56661.0
GRL,2023,9.009887,5.228314,,56865.0
GTM,1990,2.676957,2.612103,0.0,9024773.0
GTM,1991,2.704036,2.612055,,9272584.0
GTM,1992,2.730971,2.624859,,9522266.0
GTM,1993,2.763598,2.629911,,9779761.0
GTM,1994,2.802274,2.644232,,10043718.0
GTM,1995,2.841737,2.642607,0.003,10312996.0
GTM,1996,2.882122,2.630772,0.0195,10583526.0
GTM,1997,2.924714,2.64548,0.0955,10857754.0
GTM,1998,2.972452,2.643323,0.467,11139145.0
GTM,1999,3.025107,2.644452,0.593,11422965.0
GTM,2000,3.079199,2.649476,0.712332904508925,11697592.0
GTM,2001,3.127486,2.670485,1.7382017815873,11969422.0
GTM,2002,3.178209,2.684959,3.39174627024502,12246915.0
GTM,2003,3.224895,2.707653,4.54885490848324,12525842.0
GTM,2004,3.267635,2.735437,5.1,12807402.0
GTM,2005,3.313899,2.733287,5.699999809,13087629.0
GTM,2006,3.36352,2.777154,6.5,13367459.0
GTM,2007,3.40765,2.792383,7.300000191,13652040.0
GTM,2008,3.468494,2.671672,8.300000191,13935174.0
GTM,2009,3.523868,2.710272,9.300000191,14215611.0
GTM,2010,3.599679,2.672191,10.5,14500112.0
GTM,2011,3.716694,2.811019,12.30000019,14792126.0
GTM,2012,3.847061,2.80492,16.0,15089647.0
GTM,2013,3.963077,2.924569,19.70000076,15387337.0
GTM,2014,4.063756,2.873375,23.39999962,15681725.0
GTM,2015,4.140739,2.885439,28.80590057,15971743.0
GTM,2016,4.199887,2.841109,34.50930023,16268760.0
GTM,2017,4.252126,2.796236,37.90000153,16567357.0
GTM,2018,4.303293,3.046,41.5,16845685.0
GTM,2019,4.376158,3.073687,44.401049838502,17103803.0
GTM,2020,5.432548,3.994068,47.51229858,17357325.0
GTM,2021,5.605819,4.157961,50.84164945,17598650.0
GTM,2022,5.750973,3.80312,54.40430069,17847877.0
GTM,2023,6.80405,4.100953,56.72669983,18124838.0
GUM,1990,2.989222,2.120326,0.0,138610.0
GUM,1991,2.967284,2.261083,,141073.0
GUM,1992,2.947823,2.143836,,143393.0
GUM,1993,2.929055,2.214035,,145654.0
GUM,1994,2.911655,2.224522,0.348,147868.0
GUM,1995,2.89834,2.176401,0.66,150054.0
GUM,1996,2.889529,2.191532,1.36,152169.0
GUM,1997,2.886344,2.208963,2.34,154215.0
GUM,1998,2.88644,2.232281,4.5,156237.0
GUM,1999,2.887626,2.255542,8.5,158289.0
GUM,2000,2.889821,2.278496,16.1131270423389,160065.0
GUM,2001,2.900815,2.305981,25.3802275337398,161329.0
GUM,2002,2.912942,2.335198,31.1922942556271,162315.0
GUM,2003,2.932436,2.366083,33.7166817880876,163137.0
GUM,2004,2.957507,2.540393,36.1617878387908,163810.0
GUM,2005,2.979179,2.573907,38.559877557558,164365.0
GUM,2006,2.996489,2.528629,43.8514430048178,164839.0
GUM,2007,3.013591,2.799621,46.1504736192355,165267.0
GUM,2008,3.027935,2.76685,48.4187021509296,165693.0
GUM,2009,3.052803,2.79435,50.6420283820435,166173.0
GUM,2010,3.078275,2.928253,54.04,166522.0
GUM,2011,3.096175,2.799175,57.7,166543.0
GUM,2012,3.131284,2.836323,61.5341593079002,166331.0
GUM,2013,3.16854,2.963002,65.4,165966.0
GUM,2014,3.212306,2.752153,69.27,165486.0
GUM,2015,3.269745,2.876459,73.139999947043,164905.0
GUM,2016,3.318529,2.91425,77.009999893206,164233.0
GUM,2017,3.372107,2.869416,80.5054655600831,163490.0
GUM,2018,3.419142,2.902657,,162679.0
GUM,2019,3.456946,2.934942,,161808.0
GUM,2020,4.125529,3.46844,,162158.0
GUM,2021,4.28321,3.593155,,163730.0
GUM,2022,4.393767,3.524677,,165180.0
GUM,2023,5.060997,3.619251,,166506.0
GUY,1990,3.594209,2.594271,0.0,749894.0
GUY,1991,3.636958,2.684068,,747861.0
GUY,1992,3.679926,2.705496,,749911.0
GUY,1993,3.727177,2.655342,,752965.0
GUY,1994,3.778122,2.672,,755822.0
GUY,1995,3.82985,2.687288,,758388.0
GUY,1996,3.883969,2.703207,0.0659,760526.0
GUY,1997,3.940699,2.717491,0.132,762245.0
GUY,1998,4.002792,2.885309,0.264,763586.0
GUY,1999,4.071049,2.746777,0.4,764483.0
GUY,2000,4.142036,2.835191,0.6,764832.0
GUY,2001,4.207015,2.852532,1.0,764477.0
GUY,2002,4.274664,2.979667,1.5,763652.0
GUY,2003,4.336589,2.823044,2.4,763101.0
GUY,2004,4.392123,2.927838,3.7,762418.0
GUY,2005,4.447391,2.955672,5.699999809,760914.0
GUY,2006,4.503402,3.081271,8.899999619,758966.0
GUY,2007,4.556685,2.911481,13.80000019,756861.0
GUY,2008,4.607588,3.229674,18.2,754606.0
GUY,2009,4.651239,3.032148,23.9,752094.0
GUY,2010,4.697205,3.054937,29.9,749256.0
GUY,2011,4.742863,3.072694,30.0,746153.0
GUY,2012,4.816357,2.99095,30.5,746288.0
GUY,2013,4.887241,3.012553,31.0,750021.0
GUY,2014,4.954038,3.03431,32.0,754229.0
GUY,2015,5.041345,3.053701,34.0,758781.0
GUY,2016,5.127302,3.072832,35.65999985,763548.0
GUY,2017,5.189579,3.088906,42.6753006,768479.0
GUY,2018,5.229211,3.107787,48.59889984,791556.0
GUY,2019,5.227211,3.12062,55.31269836,807665.0
GUY,2020,6.128993,3.705574,62.95399857,807481.0
GUY,2021,6.492371,3.87124,71.65090179,815482.0
GUY,2022,6.519304,3.973674,76.56240082,821637.0
GUY,2023,7.476904,3.877241,79.3553009,826353.0
HND,1990,2.415331,2.179504,0.0,4980488.0
HND,1991,2.442501,2.200721,,5123792.0
HND,1992,2.469785,2.186642,,5271431.0
HND,1993,2.501212,2.094244,,5423249.0
HND,1994,2.537421,2.238125,,5579242.0
HND,1995,2.574135,2.184093,0.0368,5739637.0
HND,1996,2.611769,2.202086,0.0437,5903954.0
HND,1997,2.650356,2.276922,0.171,6071454.0
HND,1998,2.691197,2.156528,0.301,6234431.0
HND,1999,2.738793,2.172296,0.574,6400463.0
HND,2000,2.788459,2.120982,1.20385599891878,6577773.0
HND,2001,2.832621,2.073614,1.41528193123711,6757993.0
HND,2002,2.879355,2.088317,2.5974025974026,6938859.0
HND,2003,2.922452,2.242467,4.8,7119213.0
HND,2004,2.961013,2.259767,5.6,7298994.0
HND,2005,3.00094,2.194317,6.5,7478355.0
HND,2006,3.041579,2.2764,7.800000191,7656832.0
HND,2007,3.116272,2.220679,9.399999619,7834798.0
HND,2008,3.190034,2.167164,9.6,8012587.0
HND,2009,3.302771,2.290144,9.800000191,8189899.0
HND,2010,3.431323,2.187831,11.09,8365878.0
HND,2011,3.570196,2.371459,15.9,8540583.0
HND,2012,3.678959,2.272814,18.12,8715076.0
HND,2013,3.751611,2.415932,17.8,8889278.0
HND,2014,3.822414,2.311593,23.0,9063122.0
HND,2015,3.897927,2.495877,27.1395454833776,9237305.0
HND,2016,3.967607,2.474733,29.5282180796457,9412380.0
HND,2017,4.021467,2.508661,31.7357924661485,9588137.0
HND,2018,4.041703,2.578788,36.0400608231468,9765210.0
HND,2019,4.044566,2.595217,39.3883521850111,9943633.0
HND,2020,5.071016,3.341973,45.24829865,10119640.0
HND,2021,5.214807,3.294219,51.95159912,10289877.0
HND,2022,5.361637,3.286458,56.88069916,10463872.0
HND,2023,6.367829,3.389639,58.0685997,10644851.0
HRV,1990,5.276336,2.266087,0.0,4777368.0
HRV,1991,5.291531,2.420021,,4689022.0
HRV,1992,5.307045,2.427019,,4575818.0
HRV,1993,5.323998,2.496577,0.0972,4600463.0
HRV,1994,5.340296,2.570576,0.268,4652024.0
HRV,1995,5.351708,2.585743,0.514,4620030.0
HRV,1996,5.359423,2.567539,0.859,4557097.0
HRV,1997,5.365852,2.563918,1.73,4534920.0
HRV,1998,5.375173,2.568878,3.27,4532135.0
HRV,1999,5.388715,2.559941,4.41,4512597.0
HRV,2000,5.405268,2.553624,6.64488254374396,4468302.0
HRV,2001,5.429737,2.553115,11.5585731811648,4299642.0
HRV,2002,5.455017,2.548176,17.76,4302174.0
HRV,2003,5.4844,2.554604,22.75,4303399.0
HRV,2004,5.517878,2.563211,30.91,4304600.0
HRV,2005,5.550631,2.561839,33.13999939,4310145.0
HRV,2006,5.587533,2.560759,37.97999954,4311159.0
HRV,2007,5.621309,2.575819,41.44,4310217.0
HRV,2008,5.644574,2.570124,44.24,4309705.0
HRV,2009,5.679788,2.574569,50.58,4305181.0
HRV,2010,5.68829,2.583363,56.55,4295427.0
HRV,2011,5.684303,2.586511,57.7899789891444,4280622.0
HRV,2012,5.696593,2.602337,61.9399731527956,4260368.0
HRV,2013,5.714054,2.606944,66.7476,4233922.0
HRV,2014,5.745046,2.527004,68.5678992528467,4201598.0
HRV,2015,5.791221,2.622503,69.8450359238281,4151725.0
HRV,2016,5.811086,2.594172,72.6972696701463,4106867.0
HRV,2017,5.829002,2.591971,67.0961920368478,4041407.0
HRV,2018,5.856384,2.565731,75.2946259897258,3988775.0
HRV,2019,5.885758,2.659087,79.0797836757554,3949390.0
HRV,2020,6.900089,2.873777,78.32090004,3914206.0
HRV,2021,7.045621,3.05434,81.25396608,3878981.0
HRV,2022,7.231325,2.877125,82.07155532,3855641.0
HRV,2023,8.237108,2.937401,83.24117599,3859686.0
HTI,1990,3.253455,3.171063,0.0,6854441.0
HTI,1991,3.295316,3.281646,,6995450.0
HTI,1992,3.338671,3.259754,,7136571.0
HTI,1993,3.38646,3.306288,,7278181.0
HTI,1994,3.438273,3.352158,,7419771.0
HTI,1995,3.491736,3.308709,,7562546.0
HTI,1996,3.546591,3.387158,0.00748,7707557.0
HTI,1997,3.603093,3.3855,,7854298.0
HTI,1998,3.662161,3.227366,0.024,8002143.0
HTI,1999,3.723192,3.46636,0.0707,8151296.0
HTI,2000,3.784306,3.395873,0.231270714628821,8303151.0
HTI,2001,3.837683,3.249032,0.340832326173809,8455918.0
HTI,2002,3.890981,3.364117,0.893432988337908,8607641.0
HTI,2003,3.937395,3.473181,1.64735834557778,8759912.0
HTI,2004,3.976281,3.485803,5.401261907622,8910263.0
HTI,2005,4.015701,3.555569,6.376200199,9061273.0
HTI,2006,4.055555,3.695033,6.796000004,9216562.0
HTI,2007,4.082102,3.649516,7.199999809,9373296.0
HTI,2008,4.105971,3.669275,7.599999905,9530774.0
HTI,2009,4.149035,3.599625,8.100000381,9689581.0
HTI,2010,4.170406,3.42129,8.369999886,9803294.0
HTI,2011,4.223534,3.430323,9.0,9914904.0
HTI,2012,4.318108,3.345692,9.800000191,10069771.0
HTI,2013,4.395101,3.282747,10.60000038,10222362.0
HTI,2014,4.443575,3.293677,11.39999962,10373235.0
HTI,2015,4.495655,3.304403,14.19999981,10523242.0
HTI,2016,4.585138,3.501136,22.79999924,10671457.0
HTI,2017,4.689486,3.330366,27.20000076,10817754.0
HTI,2018,4.751641,3.654526,32.4736271300557,10962362.0
HTI,2019,4.765871,3.693668,35.76409912,11105163.0
HTI,2020,5.517575,4.239408,39.38809967,11243848.0
HTI,2021,5.713246,4.482863,43.37919998,11374586.0
HTI,2022,5.89327,4.483462,47.77470016,11503606.0
HTI,2023,6.580322,4.494689,47.99269867,11637398.0
HUN,1990,4.117383,3.171452,0.0,10373988.0
HUN,1991,4.120625,3.128855,0.00338,10373400.0
HUN,1992,4.122366,3.080125,0.0484,10369341.0
HUN,1993,4.125634,3.151,0.193,10357523.0
HUN,1994,4.131525,3.104961,0.484,10343355.0
HUN,1995,4.139311,3.059574,0.677,10328965.0
HUN,1996,4.14869,3.069506,0.969,10311238.0
HUN,1997,4.158883,3.213248,1.94,10290486.0
HUN,1998,4.171499,3.095557,3.89,10266570.0
HUN,1999,4.185943,3.169475,5.86,10237530.0
HUN,2000,4.19905,3.180423,6.99967635062916,10210971.0
HUN,2001,4.215625,3.24684,14.5285543028277,10187576.0
HUN,2002,4.231443,3.258597,16.67,10158608.0
HUN,2003,4.25137,3.207844,21.63,10129552.0
HUN,2004,4.275158,3.279499,27.74,10107146.0
HUN,2005,4.296782,3.227928,38.97,10087065.0
HUN,2006,4.305565,3.17784,47.06,10071370.0
HUN,2007,4.3159,3.186451,53.3,10055780.0
HUN,2008,4.333623,3.195936,61.0,10038188.0
HUN,2009,4.344513,3.336444,62.0,10022650.0
HUN,2010,4.377487,3.335965,65.0,10000023.0
HUN,2011,4.435656,3.287931,68.0199878861296,9971727.0
HUN,2012,4.481476,3.363137,70.579998153838,9920362.0
HUN,2013,4.514363,3.310824,72.6439,9872734.0
HUN,2014,4.512943,3.26656,75.6531974544103,9833038.0
HUN,2015,4.498466,3.279539,72.8347370323805,9797755.0
HUN,2016,4.452745,3.288592,79.2594121273057,9759755.0
HUN,2017,4.387288,3.298035,76.7505471201922,9726756.0
HUN,2018,4.342509,3.302503,76.0743606365063,9706964.0
HUN,2019,4.267081,3.305525,80.3716936050482,9694824.0
HUN,2020,4.811582,3.854459,84.77115202,9670419.0
HUN,2021,4.878443,3.942628,88.64083466,9630932.0
HUN,2022,4.890623,3.831115,89.14282688,9605074.0
HUN,2023,5.498477,3.898135,91.4500713,9592186.0
IDN,1990,1.79833,1.486868,0.0,183501098.0
IDN,1991,1.800595,1.512179,,186778238.0
IDN,1992,1.802424,1.505681,,190043744.0
IDN,1993,1.802966,1.526911,,193305168.0
IDN,1994,1.802066,1.545236,0.00106,196591828.0
IDN,1995,1.80024,1.565802,0.0261,199888057.0
IDN,1996,1.797535,1.579851,0.0566,203204348.0
IDN,1997,1.794564,1.605621,0.195,206536095.0
IDN,1998,1.791167,1.62948,0.255,209826788.0
IDN,1999,1.787598,1.666029,0.444,213004668.0
IDN,2000,1.784109,1.660001,0.925563864466858,216077790.0
IDN,2001,1.782704,1.709935,2.01861385948459,219097902.0
IDN,2002,1.781663,1.70984,2.13413573295808,222088495.0
IDN,2003,1.78269,1.724763,2.38701977959476,225048008.0
IDN,2004,1.785796,1.757171,2.60028587633414,227926649.0
IDN,2005,1.789186,1.754812,3.60202476259646,230871650.0
IDN,2006,1.793081,1.794781,4.76481313366657,233951652.0
IDN,2007,1.79377,1.813311,5.78627472934199,237062337.0
IDN,2008,1.794477,1.785853,7.917500019,240157903.0
IDN,2009,1.795663,1.866644,6.92,243220028.0
IDN,2010,1.801991,1.866665,10.92,246305322.0
IDN,2011,1.811353,1.884442,12.28,249470032.0
IDN,2012,1.832205,1.948796,14.52,252698525.0
IDN,2013,1.872804,1.975721,14.94,255852467.0
IDN,2014,1.913175,2.001423,17.1431598350566,258877399.0
IDN,2015,1.948128,2.055148,22.062742603379,261799249.0
IDN,2016,1.994116,2.057902,25.447353701827,264627418.0
IDN,2017,2.046693,2.108484,32.335806250688,267346658.0
IDN,2018,2.102514,2.137006,39.9046386385762,269951846.0
IDN,2019,2.143083,2.151603,47.6906489788375,272489381.0
IDN,2020,2.656083,2.530035,53.72649449,274814866.0
IDN,2021,2.817104,2.595473,62.10447842,276758053.0
IDN,2022,2.87318,2.56177,66.48461277,278830529.0
IDN,2023,3.420515,2.608253,69.20836554,281190067.0
IND,1990,2.431597,2.675044,0.0,864972221.0
IND,1991,2.439449,2.717233,,883927600.0
IND,1992,2.446735,2.738873,0.000111,902957070.0
IND,1993,2.453725,2.637944,0.000218,922118387.0
IND,1994,2.46071,2.725908,0.00107,941163767.0
IND,1995,2.467708,2.703597,0.0262,960301044.0
IND,1996,2.475052,2.691619,0.0463,979678458.0
IND,1997,2.48274,2.737872,0.0708,999133762.0
IND,1998,2.491365,2.745158,0.139,1018665080.0
IND,1999,2.500961,2.765322,0.273,1038225823.0
IND,2000,2.511067,2.799646,0.527532449930946,1057922733.0
IND,2001,2.522164,2.79769,0.660146377009928,1077898575.0
IND,2002,2.534076,2.853735,1.53787558175083,1097600380.0
IND,2003,2.547428,2.87641,1.68648997063625,1116803006.0
IND,2004,2.562023,2.887244,1.97613649190559,1135991513.0
IND,2005,2.576986,2.938177,2.388099909,1154676322.0
IND,2006,2.592682,2.962672,2.80549986534254,1172878890.0
IND,2007,2.633132,2.986364,3.95,1190676021.0
IND,2008,2.668998,3.039353,4.38,1207930964.0
IND,2009,2.728154,3.065877,5.12,1225524753.0
IND,2010,2.794767,3.101467,7.5,1243481564.0
IND,2011,2.854157,3.139954,10.07,1261224954.0
IND,2012,2.916137,3.157901,11.10000038,1278674502.0
IND,2013,2.973486,3.17155,12.30000019,1295829511.0
IND,2014,3.059874,3.202195,13.5,1312277191.0
IND,2015,3.187401,3.216243,14.89999962,1328024498.0
IND,2016,3.305339,3.232442,16.5,1343944296.0
IND,2017,3.392196,3.261113,18.20000076,1359657400.0
IND,2018,3.476539,3.263916,20.0813000379384,1374659064.0
IND,2019,3.585438,3.288523,29.52350044,1389030312.0
IND,2020,4.638262,3.930619,43.40544313,1402617695.0
IND,2021,4.866717,3.876698,49.2580986,1414203896.0
IND,2022,5.109488,3.907947,55.9,1425423212.0
IND,2023,6.087292,3.949778,60.25230026,1438069596.0
IRL,1990,4.741037,3.290611,0.0,3513974.0
IRL,1991,4.748241,3.464643,0.0568,3534235.0
IRL,1992,4.75513,3.239267,0.17,3558430.0
IRL,1993,4.770358,3.253202,0.281,3576261.0
IRL,1994,4.793998,3.44022,0.558,3590386.0
IRL,1995,4.817271,3.359275,1.11,3608841.0
IRL,1996,4.838828,3.460912,2.2,3637510.0
IRL,1997,4.856537,3.404115,4.09,3674171.0
IRL,1998,4.876753,3.564988,8.1,3712696.0
IRL,1999,4.899553,3.507967,10.9,3754786.0
IRL,2000,4.918576,3.370387,17.8504672405807,3805174.0
IRL,2001,4.966183,3.466129,23.1388121904053,3866243.0
IRL,2002,5.011814,3.405481,25.85,3931947.0
IRL,2003,5.091054,3.345009,34.31,3996521.0
IRL,2004,5.201825,3.354887,36.99,4070262.0
IRL,2005,5.307508,3.366183,41.61,4159914.0
IRL,2006,5.402847,3.530513,54.82,4273591.0
IRL,2007,5.48884,3.381226,61.158324551,4398942.0
IRL,2008,5.595196,3.457063,65.34,4489544.0
IRL,2009,5.776803,3.457734,67.38,4535375.0
IRL,2010,5.927728,3.383944,69.85,4560155.0
IRL,2011,6.11274,3.54443,74.8899729670944,4580084.0
IRL,2012,6.372376,3.471287,76.919992540097,4599533.0
IRL,2013,6.597487,3.4843,78.2477,4623816.0
IRL,2014,6.783021,3.538567,83.4917223351728,4657740.0
IRL,2015,6.956171,3.478057,83.4947916666667,4701957.0
IRL,2016,7.121213,3.633936,83.5,4762722.0
IRL,2017,7.291702,3.486925,84.1140070623844,4827445.0
IRL,2018,7.415147,3.597298,87.0001401148942,4898022.0
IRL,2019,7.565343,3.629451,87.0000552425146,4976456.0
IRL,2020,9.027548,4.179242,91.99989097,5039747.0
IRL,2021,9.31222,4.273515,93.50610352,5110585.0
IRL,2022,9.683178,4.195782,95.03690338,5212836.0
IRL,2023,10.846148,4.283212,96.8660965,5311538.0
IRN,1990,8.099575,2.794391,0.0,58380092.0
IRN,1991,8.228307,2.830975,,59986931.0
IRN,1992,8.357092,2.869187,,61184983.0
IRN,1993,8.476738,2.927676,,61403543.0
IRN,1994,8.58549,2.987031,0.000408,61520598.0
IRN,1995,8.68772,3.048919,0.00418,62205567.0
IRN,1996,8.785421,3.116228,0.0158,62881300.0
IRN,1997,8.877763,3.180032,0.0468,63639638.0
IRN,1998,8.957821,3.243619,0.0998,64519859.0
IRN,1999,9.020715,3.305071,0.379,65445391.0
IRN,2000,9.068642,3.368465,0.934190019959829,66418659.0
IRN,2001,9.098352,3.430498,1.48422133163363,67452005.0
IRN,2002,9.118678,3.483676,4.62617511492205,68011317.0
IRN,2003,9.124833,3.542859,6.93372195304053,68769340.0
IRN,2004,9.118022,3.588365,7.49,70256316.0
IRN,2005,9.10685,3.620727,8.100000381,71828455.0
IRN,2006,9.010296,3.651056,8.760000229,73392747.0
IRN,2007,8.935942,3.662727,9.470000267,74602648.0
IRN,2008,8.796965,3.63031,12.02,75514204.0
IRN,2009,8.649077,3.665969,13.80000019,76457825.0
IRN,2010,8.570681,3.622958,15.9,77420842.0
IRN,2011,8.568108,3.678803,19.0,78383598.0
IRN,2012,8.68402,3.64101,22.73,79370580.0
IRN,2013,8.672214,3.666587,29.95,80414686.0
IRN,2014,8.606991,3.591613,39.353614505223,81502045.0
IRN,2015,8.591026,3.690347,45.3349761533285,82619362.0
IRN,2016,8.590641,3.673472,53.2267716709857,83812228.0
IRN,2017,8.610909,3.693215,64.0439736249513,85026754.0
IRN,2018,8.574729,3.796628,70.2005650008363,86117998.0
IRN,2019,8.523401,3.835436,72.4509047672065,87051648.0
IRN,2020,10.510896,4.731115,75.56986637,87723443.0
IRN,2021,10.466088,4.740728,78.5957366,88455488.0
IRN,2022,10.878603,4.677854,81.71649933,89524246.0
IRN,2023,12.619209,4.804364,83.71050262,90608707.0
IRQ,1990,5.399077,2.774928,0.0,17581206.0
IRQ,1991,5.408872,2.773926,,17767253.0
IRQ,1992,5.422365,2.774379,,18300845.0
IRQ,1993,5.423676,2.793422,,19201195.0
IRQ,1994,5.409467,2.808933,,20139807.0
IRQ,1995,5.394159,2.82288,,20825860.0
IRQ,1996,5.381607,2.84052,,21501321.0
IRQ,1997,5.36949,2.854832,,22176593.0
IRQ,1998,5.354675,2.871569,,22884399.0
IRQ,1999,5.335541,2.889368,,23636527.0
IRQ,2000,5.31592,2.909938,,24424056.0
IRQ,2001,5.29456,2.925649,0.1,25197840.0
IRQ,2002,5.273981,2.943953,0.5,26006559.0
IRQ,2003,5.250341,3.017269,0.6,26802659.0
IRQ,2004,5.228258,3.030599,0.9,27577878.0
IRQ,2005,5.206717,3.076112,0.899999976,28407448.0
IRQ,2006,5.192071,3.126982,0.95234424383919,28616515.0
IRQ,2007,5.185232,3.146351,0.93,28391607.0
IRQ,2008,5.1968,3.168456,1.0,28971036.0
IRQ,2009,5.198133,3.191953,1.06,30058206.0
IRQ,2010,5.205241,3.21258,2.5,31045366.0
IRQ,2011,5.22231,3.232818,5.0,32161424.0
IRQ,2012,5.219505,3.25832,7.099999905,33654842.0
IRQ,2013,5.271757,3.297953,9.199999809,35281989.0
IRQ,2014,5.325286,3.338914,11.6453267304545,36550059.0
IRQ,2015,5.377306,3.372335,15.21440029,37560535.0
IRQ,2016,5.410882,3.414035,19.87719917,38469627.0
IRQ,2017,5.41909,3.448243,25.96920013,39337353.0
IRQ,2018,5.43601,3.446078,33.92810059,40265624.0
IRQ,2019,5.450064,3.472593,44.3263465511579,41192171.0
IRQ,2020,6.82341,4.319612,53.67779922,42116605.0
IRQ,2021,6.689446,4.300168,65.00219727,43071211.0
IRQ,2022,7.000478,4.255344,78.71560926,44070551.0
IRQ,2023,8.128238,4.370376,81.80889893,45074049.0
ISL,1990,4.675099,4.03446,0.0,254826.0
ISL,1991,4.582309,4.038928,0.505,257797.0
ISL,1992,4.491143,4.041703,1.54,261057.0
ISL,1993,4.408289,4.042539,2.67,263725.0
ISL,1994,4.336603,4.045888,6.79,266021.0
ISL,1995,4.267299,4.051342,11.2,267468.0
ISL,1996,4.204019,4.063576,14.8,268916.0
ISL,1997,4.140012,4.074584,27.5,271128.0
ISL,1998,4.087891,4.090111,36.3,274047.0
ISL,1999,4.047184,4.110746,41.3,277381.0
ISL,2000,4.00546,4.129445,44.470533824288,281205.0
ISL,2001,3.994064,4.148587,49.3929953676426,284968.0
ISL,2002,3.98245,4.166557,79.12,287523.0
ISL,2003,4.007346,4.185078,83.14,289521.0
ISL,2004,4.071152,4.20561,83.88,292074.0
ISL,2005,4.13145,4.221386,87.0,296734.0
ISL,2006,4.18274,4.239365,89.51,303782.0
ISL,2007,4.223275,4.255411,90.6,311566.0
ISL,2008,4.290089,4.278894,91.0,317414.0
ISL,2009,4.417813,4.304882,93.0,318499.0
ISL,2010,4.529113,4.328156,93.39,318041.0
ISL,2011,4.65409,4.357356,94.8196868008949,319014.0
ISL,2012,4.806958,4.384733,96.2097995545657,320716.0
ISL,2013,4.930873,4.415287,96.5468,323764.0
ISL,2014,5.034607,4.451432,98.1580233097118,327386.0
ISL,2015,5.111381,4.488657,98.19999695,330815.0
ISL,2016,5.226483,4.522519,98.23999786,335439.0
ISL,2017,5.380457,4.556064,98.2552011867973,343400.0
ISL,2018,5.503545,4.894276,99.0109539916991,352721.0
ISL,2019,5.586127,4.920012,99.5049411693787,360563.0
ISL,2020,6.604614,5.576496,99.5327519,366463.0
ISL,2021,6.728393,5.761785,99.68701957,372520.0
ISL,2022,7.137382,5.581159,97.58339691,382003.0
ISL,2023,7.952286,5.508343,97.94860077,385663.0
ISR,1990,3.542344,3.974936,0.111,4660000.0
ISR,1991,3.535371,3.98737,0.215,4949000.0
ISR,1992,3.526674,4.014236,0.311,5123000.0
ISR,1993,3.523794,4.018114,0.399,5261000.0
ISR,1994,3.527226,4.0532,0.577,5399000.0
ISR,1995,3.529827,4.072544,0.93,5545000.0
ISR,1996,3.530818,4.10297,2.17,5692000.0
ISR,1997,3.532236,4.09837,4.4,5836000.0
ISR,1998,3.540872,4.073507,10.3,5971000.0
ISR,1999,3.550302,4.040634,13.4,6125000.0
ISR,2000,3.558284,4.105279,20.8737899981674,6289000.0
ISR,2001,3.581059,4.100175,17.3786238639049,6439000.0
ISR,2002,3.601173,4.150851,17.7645990630493,6570000.0
ISR,2003,3.642037,4.194795,19.5933936579649,6689700.0
ISR,2004,3.704509,4.212546,22.7704855254035,6809000.0
ISR,2005,3.770059,4.216081,25.19400024,6930100.0
ISR,2006,3.843112,4.234515,27.8810997,7053700.0
ISR,2007,3.912341,4.206399,48.1280621948445,7180100.0
ISR,2008,4.003276,4.223298,59.39,7308800.0
ISR,2009,4.114482,4.230678,63.12,7485600.0
ISR,2010,4.225184,4.221014,67.5,7623600.0
ISR,2011,4.32826,4.213376,68.8738779907441,7765800.0
ISR,2012,4.411279,4.207508,70.8,7910500.0
ISR,2013,4.514446,4.298938,70.250311945,8059500.0
ISR,2014,4.552259,4.301269,75.0177531628076,8215700.0
ISR,2015,4.595251,4.307681,77.3520896572253,8380100.0
ISR,2016,4.63056,4.364033,79.6531241815281,8546000.0
ISR,2017,4.673132,4.401277,81.5811835871611,8713300.0
ISR,2018,4.737833,4.382509,83.7331569615326,8882800.0
ISR,2019,4.784016,4.42068,86.7878776180583,9054000.0
ISR,2020,5.604155,5.231486,90.12734091,9215100.0
ISR,2021,5.675382,5.3318,90.29689758,9371400.0
ISR,2022,5.851119,5.221117,91.85079615,9557500.0
ISR,2023,6.572674,5.403271,87.03842615,9849000.0
ITA,1990,5.208451,2.476453,0.0175,56719240.0
ITA,1991,5.174757,2.472973,0.0351,56758521.0
ITA,1992,5.139129,2.485418,0.0701,56797087.0
ITA,1993,5.108715,2.463867,0.122,56831821.0
ITA,1994,5.082873,2.499839,0.192,56843400.0
ITA,1995,5.054754,2.488487,0.524,56844303.0
ITA,1996,5.025556,2.48053,1.02,56860281.0
ITA,1997,4.995808,2.485486,2.28,56890372.0
ITA,1998,4.972493,2.494824,4.56,56906744.0
ITA,1999,4.955035,2.476453,14.4,56916317.0
ITA,2000,4.937672,2.481298,23.1108742441037,56942108.0
ITA,2001,4.935741,2.486382,27.2221169788811,56976981.0
ITA,2002,4.935929,2.483131,28.04,57089824.0
ITA,2003,4.954359,2.567451,29.04,57399184.0
ITA,2004,4.989767,2.488735,33.24,57828179.0
ITA,2005,5.023565,2.535933,35.0,58166682.0
ITA,2006,5.057213,2.521395,37.99,58399861.0
ITA,2007,5.095319,2.479582,40.79,58756247.0
ITA,2008,5.140424,2.532723,44.53,59211181.0
ITA,2009,5.222228,2.459076,48.83,59555454.0
ITA,2010,5.299484,2.576686,53.68,59819407.0
ITA,2011,5.407461,2.557342,54.3899983018814,60026841.0
ITA,2012,5.548209,2.505315,55.829997993283,60191247.0
ITA,2013,5.700432,2.616106,58.4593,60311613.0
ITA,2014,5.859658,2.524981,55.6384602242293,60320707.0
ITA,2015,6.008673,2.591316,58.1417349568747,60229605.0
ITA,2016,6.103218,2.55369,61.3242527666303,60115223.0
ITA,2017,6.151711,2.55063,63.0773469984291,60002252.0
ITA,2018,6.224377,2.56906,74.3871829234822,59877221.0
ITA,2019,6.317867,2.618136,67.8507102874836,59729081.0
ITA,2020,7.501356,3.028636,70.48342785,59438851.0
ITA,2021,7.504888,2.976542,74.8623274,59133173.0
ITA,2022,7.836345,3.006397,85.06074504,59013667.0
ITA,2023,8.817896,3.007407,87.0278292,58984216.0
JAM,1990,2.847548,2.986494,0.0,2379877.0
JAM,1991,2.881588,3.006657,,2400869.0
JAM,1992,2.916837,3.122238,,2424701.0
JAM,1993,2.95639,2.964984,,2449916.0
JAM,1994,2.999914,3.142348,0.0368,2475220.0
JAM,1995,3.045008,3.069586,0.109,2500151.0
JAM,1996,3.091669,3.083534,0.591,2524463.0
JAM,1997,3.139837,3.219221,0.798,2547848.0
JAM,1998,3.190947,3.066029,1.98,2569736.0
JAM,1999,3.244655,3.112205,2.36,2589795.0
JAM,2000,3.299608,3.067872,3.11577802729967,2607826.0
JAM,2001,3.348904,3.010613,3.8630203874764,2624403.0
JAM,2002,3.398984,3.039119,6.1,2640572.0
JAM,2003,3.444501,3.065919,7.8,2656623.0
JAM,2004,3.484461,3.091761,10.0,2672225.0
JAM,2005,3.523818,3.115313,12.80000019,2687066.0
JAM,2006,3.56308,3.128626,16.39999962,2700968.0
JAM,2007,3.643885,3.145007,21.10000038,2713800.0
JAM,2008,3.735554,3.1553,23.6,2725635.0
JAM,2009,3.866556,3.15912,24.3,2736995.0
JAM,2010,4.040251,3.161719,27.67,2748568.0
JAM,2011,4.206059,3.172403,37.438613414848,2760494.0
JAM,2012,4.390897,3.182802,33.79,2772430.0
JAM,2013,4.511807,3.198161,37.1,2783687.0
JAM,2014,4.637607,3.219239,40.4027351046672,2793749.0
JAM,2015,4.814152,3.236859,42.2212211907441,2802534.0
JAM,2016,4.952513,3.25752,44.3668563671334,2809915.0
JAM,2017,5.009896,3.277911,55.0720670507751,2815764.0
JAM,2018,4.97394,3.52896,68.2145170876072,2820097.0
JAM,2019,4.930021,3.559856,70.8410169743356,2823271.0
JAM,2020,5.580221,4.352645,76.38400269,2830739.0
JAM,2021,5.77868,4.641194,82.36071561,2837682.0
JAM,2022,5.766787,4.536747,85.84329987,2839144.0
JAM,2023,6.386757,4.423151,89.47304282,2839786.0
JOR,1990,4.511911,2.786053,0.0,3621908.0
JOR,1991,4.51875,2.954073,,3915149.0
JOR,1992,4.524741,2.983337,,4127693.0
JOR,1993,4.527086,2.934512,,4348020.0
JOR,1994,4.526506,3.031265,,4561406.0
JOR,1995,4.526876,3.135654,0.0232,4752096.0
JOR,1996,4.529152,2.961103,0.0449,4912516.0
JOR,1997,4.531865,3.05535,0.599,5046285.0
JOR,1998,4.532886,3.086952,1.31,5164284.0
JOR,1999,4.53166,3.051915,2.53,5276444.0
JOR,2000,4.529283,3.077464,2.62327542156362,5386945.0
JOR,2001,4.518371,3.247057,4.70571958094159,5498894.0
JOR,2002,4.50819,3.289625,6.02553241191204,5616066.0
JOR,2003,4.489625,3.215555,8.46600501623938,5741828.0
JOR,2004,4.462205,3.463378,11.6587413706379,5882061.0
JOR,2005,4.435251,3.479035,12.93290043,6029587.0
JOR,2006,4.427522,3.430326,13.86709976,6427371.0
JOR,2007,4.410199,3.405781,20.0,6827227.0
JOR,2008,4.424158,3.427828,23.0,6989866.0
JOR,2009,4.431579,3.347903,26.0,7141753.0
JOR,2010,4.470233,3.44718,27.2,7297043.0
JOR,2011,4.475894,3.325552,34.9,7480424.0
JOR,2012,4.499107,3.573726,37.0,7587127.0
JOR,2013,4.486361,3.634393,41.4,7991809.0
JOR,2014,4.458537,3.639651,46.2,8791710.0
JOR,2015,4.43142,3.759254,54.22000122,9544729.0
JOR,2016,4.401149,3.857523,56.15000153,10006367.0
JOR,2017,4.385402,3.887128,64.5,10234226.0
JOR,2018,4.336404,3.922221,65.2,10462306.0
JOR,2019,4.28833,3.989168,70.08470154,10671891.0
JOR,2020,5.189704,4.971768,78.4178009,10865228.0
JOR,2021,5.234151,4.875516,85.999997,11066356.0
JOR,2022,5.29339,4.955061,90.4999984,11256263.0
JOR,2023,6.164933,5.015318,92.53443944,11439213.0
JPN,1990,2.680746,2.686568,0.0203,123478000.0
JPN,1991,2.68167,2.694323,0.0404,123964000.0
JPN,1992,2.681357,2.693343,0.0967,124425000.0
JPN,1993,2.679856,2.700618,0.401,124829000.0
JPN,1994,2.67703,2.719783,0.8,125178000.0
JPN,1995,2.6737,2.712936,1.59,125472000.0
JPN,1996,2.670282,2.704136,4.37,125757000.0
JPN,1997,2.665993,2.71359,9.16,126057000.0
JPN,1998,2.661433,2.699888,13.4,126400000.0
JPN,1999,2.657175,2.688953,21.4,126631000.0
JPN,2000,2.653318,2.690793,29.9907403589142,126843000.0
JPN,2001,2.649243,2.698666,38.5320608612719,127149000.0
JPN,2002,2.645467,2.707087,46.5942011179917,127445000.0
JPN,2003,2.64152,2.716987,48.4352658899653,127718000.0
JPN,2004,2.637043,2.728981,62.3939296327259,127761000.0
JPN,2005,2.632238,2.741635,66.9210661042901,127773000.0
JPN,2006,2.643109,2.759283,68.6852703213795,127854000.0
JPN,2007,2.646618,2.777374,74.3,128001000.0
JPN,2008,2.655566,2.798176,75.4,128063000.0
JPN,2009,2.667448,2.821271,78.0,128047000.0
JPN,2010,2.673201,2.843913,78.21,128070000.0
JPN,2011,2.656981,2.868525,79.0541135244739,127833000.0
JPN,2012,2.644657,2.893518,79.4964,127629000.0
JPN,2013,2.66136,2.919365,88.219428911,127445000.0
JPN,2014,2.6924,2.945758,89.1068330166075,127276000.0
JPN,2015,2.701003,3.056985,91.0580283929962,127141000.0
JPN,2016,2.710689,3.006229,93.1827212821617,127076000.0
JPN,2017,2.726157,3.059436,91.7265472366635,126972000.0
JPN,2018,2.74983,3.088107,88.7463508901772,126811000.0
JPN,2019,2.782866,3.188467,92.7303978145525,126633000.0
JPN,2020,2.973868,3.335548,90.21945812,126261000.0
JPN,2021,3.187925,3.620777,82.91407928,125681593.0
JPN,2022,3.165919,3.522734,84.92343147,125124989.0
JPN,2023,3.417477,3.494483,85.00990295,124516650.0
KAZ,1990,2.000374,2.340089,0.0,17154054.0
KAZ,1991,2.002286,2.342385,,17278600.0
KAZ,1992,2.006302,2.445738,,17332625.0
KAZ,1993,2.014873,2.350745,,17274487.0
KAZ,1994,2.0272,2.404191,0.000521,17043771.0
KAZ,1995,2.041916,2.413138,0.0113,16730536.0
KAZ,1996,2.057991,2.37847,0.0318,16416027.0
KAZ,1997,2.075242,2.480945,0.0646,16043251.0
KAZ,1998,2.09387,2.41026,0.131,15647785.0
KAZ,1999,2.112902,2.567327,0.464,15455874.0
KAZ,2000,2.129813,2.587165,0.668594402621264,15501103.0
KAZ,2001,2.144559,2.627011,1.00612421099739,15575550.0
KAZ,2002,2.156044,2.582929,1.67477099516366,15656677.0
KAZ,2003,2.166007,2.611097,2.00041475265872,15747380.0
KAZ,2004,2.174659,2.70142,2.6503946570164,15850159.0
KAZ,2005,2.179904,2.662866,2.961699963,15968117.0
KAZ,2006,2.182282,2.728123,3.268399954,16103716.0
KAZ,2007,2.180075,2.799567,4.02,16257214.0
KAZ,2008,2.182662,2.803076,11.0,16426525.0
KAZ,2009,2.187963,2.800433,18.2,16619846.0
KAZ,2010,2.201845,2.812985,31.6,16836810.0
KAZ,2011,2.215431,2.795395,50.6,17066002.0
KAZ,2012,2.244316,2.807199,61.9066274652008,17306106.0
KAZ,2013,2.273361,2.769528,63.30422443,17556502.0
KAZ,2014,2.291793,2.773152,66.0,17816285.0
KAZ,2015,2.301381,2.759546,70.82993359566,18084169.0
KAZ,2016,2.322126,2.734071,74.5877264735738,18363600.0
KAZ,2017,2.340641,2.635603,76.4267482325439,18651931.0
KAZ,2018,2.326124,2.717156,78.9039190578816,18932727.0
KAZ,2019,2.305764,2.650723,81.8776204746284,19209555.0
KAZ,2020,2.764999,2.992315,85.94259898,19482117.0
KAZ,2021,2.828779,3.211294,90.9239507,19743603.0
KAZ,2022,2.885694,3.12736,92.29685266,20034609.0
KAZ,2023,3.358554,3.115731,92.87846096,20330104.0
KEN,1990,2.343455,2.283319,0.0,22892651.0
KEN,1991,2.349912,2.287189,,23646514.0
KEN,1992,2.356758,2.441078,,24382460.0
KEN,1993,2.362795,2.319957,,25117188.0
KEN,1994,2.367379,2.395739,,25857130.0
KEN,1995,2.371092,2.411443,0.000727,26601751.0
KEN,1996,2.373472,2.370896,0.00884,27344211.0
KEN,1997,2.374996,2.517999,0.0344,28101768.0
KEN,1998,2.374708,2.540538,0.0503,28888057.0
KEN,1999,2.372896,2.580859,0.114,29733408.0
KEN,2000,2.369671,2.676758,0.318059713612037,30642890.0
KEN,2001,2.367206,2.655273,0.619782266151425,31619170.0
KEN,2002,2.365315,2.673291,1.20777388492125,32629808.0
KEN,2003,2.365265,2.674533,2.94190286101524,33652223.0
KEN,2004,2.366894,2.676677,3.0235280420962,34713455.0
KEN,2005,2.368343,2.689978,3.101900101,35796484.0
KEN,2006,2.370191,2.691633,3.599999905,36904008.0
KEN,2007,2.357351,2.709932,4.400000095,38036349.0
KEN,2008,2.352674,2.722205,5.199999809,39206351.0
KEN,2009,2.348925,2.732275,6.1,40408891.0
KEN,2010,2.331272,2.722324,7.2,41598567.0
KEN,2011,2.364796,2.740964,8.800000191,42758461.0
KEN,2012,2.393353,2.711056,10.5,43888303.0
KEN,2013,2.44276,2.772424,13.0,44986791.0
KEN,2014,2.496324,2.772117,16.5,46051440.0
KEN,2015,2.508711,2.697717,16.5878548475992,47088526.0
KEN,2016,2.551718,2.835695,16.6,48139687.0
KEN,2017,2.591478,2.78624,17.82710075,49197766.0
KEN,2018,2.650441,2.827329,19.5,50207107.0
KEN,2019,2.719034,2.868839,22.6687733618171,51202827.0
KEN,2020,3.484626,3.494824,24.7227993,52217334.0
KEN,2021,3.602484,3.491955,26.96290016,53219166.0
KEN,2022,3.721004,3.382684,29.40589905,54252461.0
KEN,2023,4.477137,3.45354,32.07040024,55339003.0
KGZ,1990,1.858746,2.421936,0.0,4391236.0
KGZ,1991,1.862156,2.419678,,4463634.0
KGZ,1992,1.867514,2.418867,,4515400.0
KGZ,1993,1.877021,2.418711,,4516777.0
KGZ,1994,1.889986,2.419448,,4515069.0
KGZ,1995,1.905099,2.421887,,4560454.0
KGZ,1996,1.920495,2.427141,,4628438.0
KGZ,1997,1.936299,2.435016,,4696421.0
KGZ,1998,1.954306,2.445242,0.0728,4769015.0
KGZ,1999,1.97354,2.591175,0.205,4840422.0
KGZ,2000,1.992403,2.634481,1.04140114469361,4898362.0
KGZ,2001,2.010478,2.655593,3.00294132719239,4945073.0
KGZ,2002,2.026108,2.754776,2.99926518003089,4990704.0
KGZ,2003,2.040624,2.760104,3.90876626828521,5043308.0
KGZ,2004,2.054642,2.643902,5.09038530732863,5104713.0
KGZ,2005,2.065413,2.660391,10.53380013,5162640.0
KGZ,2006,2.073744,2.752902,12.30690002,5218373.0
KGZ,2007,2.073349,2.588795,14.03,5268385.0
KGZ,2008,2.076955,2.658536,15.69999981,5318729.0
KGZ,2009,2.071188,2.666063,16.0,5389643.0
KGZ,2010,2.0561,2.789748,16.29999924,5467059.0
KGZ,2011,2.050161,2.763859,17.5,5546587.0
KGZ,2012,2.032296,2.801428,19.79999924,5652076.0
KGZ,2013,2.010941,2.878622,23.0,5777150.0
KGZ,2014,1.996054,2.85469,28.29999924,5905848.0
KGZ,2015,1.967027,2.828082,30.24699974,6040036.0
KGZ,2016,1.947706,2.834901,40.52619934,6175338.0
KGZ,2017,1.945452,2.8404,50.80530167,6306696.0
KGZ,2018,1.940707,2.846814,62.8,6444079.0
KGZ,2019,1.953193,2.853102,64.1,6590211.0
KGZ,2020,2.511794,3.347655,72.0,6726596.0
KGZ,2021,2.522562,3.612932,77.11769867,6851224.0
KGZ,2022,2.642416,3.458509,84.1937027,6975220.0
KGZ,2023,3.143062,3.505044,91.04440308,7099750.0
KHM,1990,2.523263,1.406351,0.0,7374752.0
KHM,1991,2.502135,1.408678,,7686850.0
KHM,1992,2.484233,1.413025,,8113083.0
KHM,1993,2.468623,1.423342,,8616381.0
KHM,1994,2.4549,1.432314,,9239162.0
KHM,1995,2.444477,1.447412,,10018497.0
KHM,1996,2.436653,1.469851,,10801270.0
KHM,1997,2.429426,1.488543,0.00584,11570982.0
KHM,1998,2.421821,1.511514,0.0163,12058173.0
KHM,1999,2.412506,1.505449,0.032,12265731.0
KHM,2000,2.40078,1.537076,0.047022640068885,12462336.0
KHM,2001,2.397009,1.549402,0.0769560555527296,12658484.0
KHM,2002,2.392632,1.58253,0.226983237666204,12855241.0
KHM,2003,2.396206,1.616194,0.260570197574002,13050968.0
KHM,2004,2.407084,1.605476,0.300436644360101,13244731.0
KHM,2005,2.415664,1.706194,0.317321781089656,13439202.0
KHM,2006,2.422613,1.724731,0.468400002,13639028.0
KHM,2007,2.425264,1.781272,0.49,13841770.0
KHM,2008,2.425754,1.823278,0.51,14053479.0
KHM,2009,2.434439,1.911298,0.53,14276810.0
KHM,2010,2.462028,1.950943,1.26,14500726.0
KHM,2011,2.468724,2.022955,3.099999905,14722584.0
KHM,2012,2.517096,2.073343,4.94,14945085.0
KHM,2013,2.588549,2.137183,6.0,15170208.0
KHM,2014,2.634547,2.188471,14.0,15396772.0
KHM,2015,2.665482,2.251043,6.43319107021405,15623251.0
KHM,2016,2.70041,2.29197,32.3984517141849,15852803.0
KHM,2017,2.741953,2.329354,32.9002785437986,16073372.0
KHM,2018,2.782559,2.375839,65.0,16274522.0
KHM,2019,2.804808,2.382949,52.305878224498,16481304.0
KHM,2020,3.224006,2.733429,56.37590027,16725474.0
KHM,2021,3.496134,2.85993,60.76269913,16974305.0
KHM,2022,3.47239,2.781074,65.49079895,17201724.0
KHM,2023,3.937645,2.74411,68.92549896,17423880.0
KIR,1990,2.847814,2.071412,0.0,74855.0
KIR,1991,2.840846,2.229199,,76367.0
KIR,1992,2.838278,2.227782,,77641.0
KIR,1993,2.836883,2.157994,,78841.0
KIR,1994,2.835437,2.391624,,80021.0
KIR,1995,2.835365,2.337745,,81234.0
KIR,1996,2.835375,2.337978,,82623.0
KIR,1997,2.835856,2.293041,,84147.0
KIR,1998,2.835095,2.312673,0.617,85657.0
KIR,1999,2.83327,2.257437,1.21,87126.0
KIR,2000,2.830654,2.213511,1.78522547397736,88613.0
KIR,2001,2.835091,2.241701,2.33745894837722,90335.0
KIR,2002,2.837461,2.272647,2.5,92264.0
KIR,2003,2.846464,2.301957,3.0,94175.0
KIR,2004,2.862956,2.329946,3.5,96085.0
KIR,2005,2.8773,2.357836,4.0,98035.0
KIR,2006,2.890178,2.389472,4.5,100017.0
KIR,2007,2.904663,2.421256,6.0,102068.0
KIR,2008,2.917982,2.453574,7.0,104222.0
KIR,2009,2.942403,2.486433,8.97,106467.0
KIR,2010,2.966544,2.51858,9.07,108704.0
KIR,2011,2.981342,2.550598,10.0,110647.0
KIR,2012,3.013353,2.581662,10.74680042,112284.0
KIR,2013,3.047361,2.612807,11.5,113838.0
KIR,2014,3.087543,2.644404,12.25,115326.0
KIR,2015,3.142659,2.676852,14.89999962,116815.0
KIR,2016,3.1916,2.707665,19.41939926,118478.0
KIR,2017,3.245368,2.740611,25.30960083,120275.0
KIR,2018,3.29254,2.773181,32.9864006,122084.0
KIR,2019,3.328983,2.805517,41.79299927,123921.0
KIR,2020,4.016891,3.397826,52.95090103,126099.0
KIR,2021,4.223818,3.531061,67.08760071,128377.0
KIR,2022,4.282297,3.487224,84.99849701,130469.0
KIR,2023,4.96393,3.562411,88.0,132530.0
KNA,1990,4.114285,2.797765,0.0,40432.0
KNA,1991,4.165495,2.824782,,40358.0
KNA,1992,4.220478,2.854333,,40715.0
KNA,1993,4.281567,2.883375,,41242.0
KNA,1994,4.349464,2.914034,,41776.0
KNA,1995,4.417544,2.943867,,42326.0
KNA,1996,4.487741,2.975029,1.95,42877.0
KNA,1997,4.558626,3.006763,2.26,43428.0
KNA,1998,4.632731,3.039067,3.34,43998.0
KNA,1999,4.712028,3.073812,4.4,44601.0
KNA,2000,4.791144,3.107349,5.86281024037522,45248.0
KNA,2001,4.862205,3.137445,7.71472655580319,45761.0
KNA,2002,4.938133,3.172582,21.152381758186,46020.0
KNA,2003,5.006727,3.203801,22.9697842928439,46176.0
KNA,2004,5.071493,3.23811,24.7376775443732,46315.0
KNA,2005,5.135793,3.271009,34.0,46437.0
KNA,2006,5.198218,3.291823,38.5,46569.0
KNA,2007,5.252349,3.311826,43.5,46706.0
KNA,2008,5.301266,3.325202,49.20000076,46835.0
KNA,2009,5.351776,3.330857,55.70000076,46916.0
KNA,2010,5.386352,3.33494,63.0,46846.0
KNA,2011,5.426174,3.34795,63.20000076,46886.0
KNA,2012,5.515351,3.359811,64.0,47033.0
KNA,2013,5.568416,3.375253,64.59999847,47069.0
KNA,2014,5.615612,3.394208,65.38179779,47089.0
KNA,2015,5.694549,3.411785,66.17310333,47087.0
KNA,2016,5.768387,3.42947,66.97389984,47075.0
KNA,2017,5.81471,3.449327,67.78440094,47050.0
KNA,2018,5.817379,3.467459,68.60479736,47008.0
KNA,2019,5.789588,3.485563,69.43499756,46952.0
KNA,2020,6.649642,4.105967,70.27529907,46870.0
KNA,2021,6.873793,4.224841,74.37159729,46763.0
KNA,2022,6.972952,4.114184,75.76229858,46709.0
KNA,2023,7.795888,4.260032,76.58950043,46758.0
KOR,1990,4.233161,2.550707,0.0233,42869283.0
KOR,1991,4.241681,2.572214,0.0461,43295704.0
KOR,1992,4.245251,2.591573,0.0984,43747962.0
KOR,1993,4.251584,2.594331,0.25,44194628.0
KOR,1994,4.260659,2.60857,0.311,44641540.0
KOR,1995,4.271362,2.598527,0.82,45092991.0
KOR,1996,4.285147,2.592569,1.62,45524681.0
KOR,1997,4.303526,2.59607,3.6,45953580.0
KOR,1998,4.328419,2.582878,6.78,46286503.0
KOR,1999,4.357772,2.569626,23.6,46616677.0
KOR,2000,4.387326,2.439916,44.7,47008111.0
KOR,2001,4.418541,2.433785,56.6,47370164.0
KOR,2002,4.451461,2.465237,59.4,47644736.0
KOR,2003,4.487799,2.397263,65.5,47892330.0
KOR,2004,4.522988,2.44095,72.7,48082519.0
KOR,2005,4.553957,2.409383,73.5,48184561.0
KOR,2006,4.575973,2.41629,78.1,48438292.0
KOR,2007,4.547045,2.468508,78.8,48683638.0
KOR,2008,4.527743,2.363481,81.0,49054708.0
KOR,2009,4.455616,2.528884,81.6,49307835.0
KOR,2010,4.355752,2.582409,83.7,49554112.0
KOR,2011,4.293706,2.573817,83.7591201534472,49936638.0
KOR,2012,4.24942,2.655602,84.07,50199853.0
KOR,2013,4.246752,2.6761,84.77,50428893.0
KOR,2014,4.268305,2.683725,87.5568264944747,50746659.0
KOR,2015,4.251263,2.698631,89.8962557995106,51014947.0
KOR,2016,4.250509,2.632713,92.8430256796075,51217803.0
KOR,2017,4.244119,2.766533,95.0694218761004,51361911.0
KOR,2018,4.231784,2.635106,96.0228595797887,51585058.0
KOR,2019,4.245164,2.763268,96.157579184239,51764822.0
KOR,2020,4.549281,3.089283,96.50506052,51836239.0
KOR,2021,4.792951,3.139503,97.57132698,51769539.0
KOR,2022,4.765009,3.123688,97.16855335,51672569.0
KOR,2023,5.124006,3.129292,97.41597478,51712619.0
KWT,1990,3.642,3.463267,0.0,1684819.0
KWT,1991,3.640117,3.444617,,1351399.0
KWT,1992,3.644565,3.423006,,1634961.0
KWT,1993,3.640164,3.62938,0.0911,1672151.0
KWT,1994,3.630396,3.594269,0.147,1664361.0
KWT,1995,3.61541,3.585426,0.203,1681513.0
KWT,1996,3.59995,3.624587,0.856,1730246.0
KWT,1997,3.592311,3.638465,2.17,1787683.0
KWT,1998,3.585565,3.671822,3.05,1844302.0
KWT,1999,3.583287,3.702008,4.76,1900030.0
KWT,2000,3.586287,3.727792,6.73139576837536,1954709.0
KWT,2001,3.58283,3.746058,8.55179243431475,2008121.0
KWT,2002,3.582889,3.77389,10.2489679289296,2059974.0
KWT,2003,3.578497,3.817193,22.4029383804612,2109881.0
KWT,2004,3.570422,3.853664,22.9271120360078,2157320.0
KWT,2005,3.563477,3.895953,25.92609978,2236788.0
KWT,2006,3.550677,3.950229,28.79120064,2364733.0
KWT,2007,3.577614,3.981735,34.79999924,2507887.0
KWT,2008,3.579021,3.978204,42.0,2651421.0
KWT,2009,3.596044,4.028399,50.79999924,2795484.0
KWT,2010,3.61953,3.848123,61.40000153,2943372.0
KWT,2011,3.606552,4.041553,65.7690706867398,3132814.0
KWT,2012,3.559197,3.813251,70.44999695,3337109.0
KWT,2013,3.526198,4.005296,75.45999908,3507844.0
KWT,2014,3.504343,4.035448,78.69999695,3665876.0
KWT,2015,3.575476,4.118789,82.0,3834574.0
KWT,2016,3.648192,4.186807,85.59999847,4004096.0
KWT,2017,3.664509,4.053312,97.9999893344615,4154812.0
KWT,2018,3.617574,4.263557,99.5988495907557,4323515.0
KWT,2019,3.55025,4.000078,99.5426764518489,4442316.0
KWT,2020,4.285723,4.859035,99.10587017,4400267.0
KWT,2021,4.323987,4.924886,99.7,4360865.0
KWT,2022,4.48074,4.757128,99.74729919,4589643.0
KWT,2023,5.131284,4.898497,99.74731125,4853420.0
LAO,1990,1.209792,1.507411,0.0,4311955.0
LAO,1991,1.207367,1.432033,,4435118.0
LAO,1992,1.204929,1.505971,,4559646.0
LAO,1993,1.201854,1.477126,,4685060.0
LAO,1994,1.198286,1.471048,,4809220.0
LAO,1995,1.19522,1.448675,,4929409.0
LAO,1996,1.193123,1.522975,,5045678.0
LAO,1997,1.192025,1.499831,,5152011.0
LAO,1998,1.191609,1.453465,0.00966,5248266.0
LAO,1999,1.191717,1.56066,0.0378,5340784.0
LAO,2000,1.19243,1.55543,0.111044032290124,5431212.0
LAO,2001,1.195649,1.560701,0.181664460654566,5521482.0
LAO,2002,1.199717,1.632292,0.267899241309349,5610889.0
LAO,2003,1.206182,1.658204,0.333912466428616,5697945.0
LAO,2004,1.214849,1.687205,0.361434490258043,5781626.0
LAO,2005,1.22374,1.711249,0.850399971,5869523.0
LAO,2006,1.232905,1.784137,1.16989994,5963200.0
LAO,2007,1.239855,1.77702,1.64,6056236.0
LAO,2008,1.265128,1.764631,3.55,6148969.0
LAO,2009,1.288303,1.860486,6.0,6241642.0
LAO,2010,1.329909,1.851283,7.0,6334194.0
LAO,2011,1.384997,1.877309,9.0,6426590.0
LAO,2012,1.466918,1.956892,10.74769974,6518978.0
LAO,2013,1.518576,1.990975,12.5,6611385.0
LAO,2014,1.59071,2.040437,14.26000023,6703172.0
LAO,2015,1.669013,2.069767,18.20000076,6801645.0
LAO,2016,1.72804,2.126807,21.87000084,6908802.0
LAO,2017,1.790495,2.150451,25.51040077,7018147.0
LAO,2018,1.851156,2.096886,36.27130127,7128045.0
LAO,2019,1.907651,2.248822,47.03229904,7237636.0
LAO,2020,2.223987,2.448159,54.0,7346533.0
LAO,2021,2.376322,2.580501,62.0,7453194.0
LAO,2022,2.406197,2.468962,64.54000092,7559007.0
LAO,2023,2.717785,2.511659,64.39800262,7664993.0
LBN,1990,6.052822,3.755342,0.0,3595175.0
LBN,1991,6.047748,3.761883,,3668912.0
LBN,1992,6.040847,3.833239,,3747371.0
LBN,1993,6.032384,3.862654,,3820647.0
LBN,1994,6.023539,3.881731,,3889799.0
LBN,1995,6.015148,3.930851,0.0716,3960735.0
LBN,1996,6.00723,3.995832,0.14,4034781.0
LBN,1997,5.999417,4.031221,1.24,4108405.0
LBN,1998,5.991894,4.086028,2.72,4181281.0
LBN,1999,5.986555,4.140337,5.38,4255277.0
LBN,2000,5.980928,4.18014,7.95274373635276,4329340.0
LBN,2001,5.966822,4.199262,6.78321977527715,4401918.0
LBN,2002,5.950359,4.202047,7.0,4463504.0
LBN,2003,5.928263,4.268813,8.0,4525508.0
LBN,2004,5.900575,4.20547,9.0,4599279.0
LBN,2005,5.869192,4.354339,10.14000034,4671102.0
LBN,2006,5.84766,4.486632,15.0,4751136.0
LBN,2007,5.829733,4.411531,18.74,4844118.0
LBN,2008,5.816595,4.535081,22.53,4925354.0
LBN,2009,5.818443,4.510863,30.13999939,4992287.0
LBN,2010,5.818125,4.461532,43.68000031,5041288.0
LBN,2011,5.799278,4.558826,52.0,5096020.0
LBN,2012,5.78559,4.531793,61.24980164,5235742.0
LBN,2013,5.756553,4.678555,70.5,5743436.0
LBN,2014,5.687772,4.72476,73.0,6346990.0
LBN,2015,5.635464,4.723236,74.0,6472469.0
LBN,2016,5.55057,4.749776,76.11000061,6323060.0
LBN,2017,5.460329,4.802409,78.18080139,6160128.0
LBN,2018,5.41854,4.732466,80.90000153,5984119.0
LBN,2019,5.445137,4.807838,81.48120117,5794594.0
LBN,2020,6.762311,5.92025,82.0664978,5702398.0
LBN,2021,6.862105,6.034525,82.65599823,5718122.0
LBN,2022,7.112438,5.914171,81.46479797,5744489.0
LBN,2023,8.340683,6.118064,81.7059021,5773493.0
LBR,1990,4.318306,2.313456,0.0,2223667.0
LBR,1991,4.436681,2.352903,,1956518.0
LBR,1992,4.58885,2.467584,,2072461.0
LBR,1993,4.643593,2.477962,,2155126.0
LBR,1994,4.744623,2.467927,,2149928.0
LBR,1995,4.901034,2.486251,,2169162.0
LBR,1996,5.024767,2.498421,,2232289.0
LBR,1997,5.131765,2.459648,0.00449,2412989.0
LBR,1998,5.229489,2.450763,0.0041,2670124.0
LBR,1999,5.303445,2.435006,0.0113,2821684.0
LBR,2000,5.394915,2.416728,0.0177027057169472,2928117.0
LBR,2001,5.449219,2.440728,0.033812227177592,3015338.0
LBR,2002,5.507545,2.46865,0.0327133071190699,3094782.0
LBR,2003,5.572566,2.492303,0.0318689345450327,3119532.0
LBR,2004,5.611205,2.466351,0.0310111848040233,3156892.0
LBR,2005,5.634478,2.470554,0.551400006,3301015.0
LBR,2006,5.651769,2.340703,0.529999971,3490787.0
LBR,2007,5.668474,2.4101,0.551400006,3669050.0
LBR,2008,5.579041,2.385298,0.529999971,3821003.0
LBR,2009,5.515948,2.264738,2.0,3943028.0
LBR,2010,5.382275,2.430008,2.3,4058890.0
LBR,2011,5.289042,2.420828,2.5,4221178.0
LBR,2012,5.280289,2.36066,2.599999905,4373043.0
LBR,2013,5.341042,2.475218,3.200000048,4470239.0
LBR,2014,5.528167,2.495401,5.409999847,4564293.0
LBR,2015,5.658216,2.491262,10.0,4659431.0
LBR,2016,5.75018,2.563031,15.69999981,4755608.0
LBR,2017,5.816685,2.589152,16.29999924,4848925.0
LBR,2018,5.879499,2.506968,17.27770042,4944726.0
LBR,2019,5.945579,2.653724,19.89579964,5043721.0
LBR,2020,7.554515,3.228442,22.91069984,5149463.0
LBR,2021,7.808429,3.148984,26.38229942,5259323.0
LBR,2022,7.953433,3.347257,30.38010025,5373294.0
LBR,2023,9.409215,3.344353,31.22410011,5493031.0
LBY,1990,5.118907,2.773721,0.0,4445239.0
LBY,1991,5.151509,2.714691,,4544400.0
LBY,1992,5.184884,2.758437,,4640352.0
LBY,1993,5.215817,2.806309,,4733045.0
LBY,1994,5.243739,2.858301,,4822037.0
LBY,1995,5.267739,2.903224,,4906843.0
LBY,1996,5.278503,3.117739,,4987393.0
LBY,1997,5.285499,3.158111,,5064639.0
LBY,1998,5.285319,3.263547,,5140704.0
LBY,1999,5.282354,3.243281,0.134,5218038.0
LBY,2000,5.279252,3.483848,0.187042622337565,5305021.0
LBY,2001,5.265495,3.381212,0.366533175284228,5403639.0
LBY,2002,5.250786,3.44523,2.24441822165946,5508410.0
LBY,2003,5.224274,3.409409,2.81451798740855,5619398.0
LBY,2004,5.186343,3.416973,3.53283816154549,5736693.0
LBY,2005,5.147871,3.524514,3.91779995,5858798.0
LBY,2006,5.116062,3.48343,4.301099777,5980211.0
LBY,2007,5.091367,3.434213,4.72199937850513,6104380.0
LBY,2008,5.059778,3.750276,9.0,6235430.0
LBY,2009,5.031114,3.553608,10.80000019,6366686.0
LBY,2010,5.007198,3.542166,14.0,6497839.0
LBY,2011,4.960846,3.893367,14.0,6343203.0
LBY,2012,4.930613,3.790437,15.19999981,6179328.0
LBY,2013,4.897571,3.925516,16.5,6304628.0
LBY,2014,4.849948,4.134183,17.76000023,6427252.0
LBY,2015,4.803703,4.150216,25.0,6531819.0
LBY,2016,4.753241,4.207802,35.0,6632126.0
LBY,2017,4.701469,4.252833,47.5,6738770.0
LBY,2018,4.640614,4.290237,47.5,6849055.0
LBY,2019,4.561058,4.340786,71.40409851,6951033.0
LBY,2020,5.356619,5.325267,74.35810089,7045399.0
LBY,2021,5.430484,5.404619,77.438797,7135175.0
LBY,2022,5.473158,5.308085,80.64720154,7223805.0
LBY,2023,6.281461,5.413374,82.10469818,7305659.0
LCA,1990,3.960922,2.985968,0.0,137857.0
LCA,1991,4.025362,3.018631,,139520.0
LCA,1992,4.088172,3.055535,,141617.0
LCA,1993,4.155316,3.104315,,143726.0
LCA,1994,4.225145,3.133218,,145890.0
LCA,1995,4.296028,2.994135,0.306,148208.0
LCA,1996,4.369983,3.031175,0.67,150436.0
LCA,1997,4.446659,2.973379,0.992,152569.0
LCA,1998,4.528232,2.926516,1.3,154677.0
LCA,1999,4.614576,2.965385,1.93,156702.0
LCA,2000,4.701628,3.209068,5.09048334139327,158616.0
LCA,2001,4.782337,3.043338,8.18186395448366,160237.0
LCA,2002,4.862975,3.174099,14.6418357746777,161641.0
LCA,2003,4.936025,3.210212,20.9824734633424,162976.0
LCA,2004,5.00173,3.150127,21.395212362765,164239.0
LCA,2005,5.067004,3.186336,21.5675829464215,165450.0
LCA,2006,5.130905,3.212072,24.5,166639.0
LCA,2007,5.187526,3.240974,27.89999962,167758.0
LCA,2008,5.239995,3.262019,30.0,168808.0
LCA,2009,5.294923,3.272643,31.0,169869.0
LCA,2010,5.332656,3.286177,32.5,170906.0
LCA,2011,5.376394,3.306373,34.0,171801.0
LCA,2012,5.465612,3.325732,45.865,172587.0
LCA,2013,5.518683,3.346941,49.3871994,173369.0
LCA,2014,5.565304,3.371954,53.17969894,174138.0
LCA,2015,5.645462,3.394685,57.26330185,174905.0
LCA,2016,5.722114,3.418449,58.22259903,175646.0
LCA,2017,5.769573,3.441656,59.16009903,176342.0
LCA,2018,5.774397,3.46593,60.11259842,177017.0
LCA,2019,5.749523,3.490204,61.08050156,177661.0
LCA,2020,6.621283,4.124674,62.06399918,178250.0
LCA,2021,6.962506,4.298736,63.06330109,178522.0
LCA,2022,6.994769,4.168671,66.95159912,178781.0
LCA,2023,7.914457,4.325299,67.44390106,179285.0
LKA,1990,1.325542,1.908162,0.0,16352458.0
LKA,1991,1.318816,1.931979,,16475354.0
LKA,1992,1.311677,1.955997,,16739284.0
LKA,1993,1.302796,1.982303,,17025918.0
LKA,1994,1.292791,2.000132,0.00277,17275773.0
LKA,1995,1.282627,2.037068,0.00548,17564068.0
LKA,1996,1.273141,2.059049,0.0545,17905018.0
LKA,1997,1.263608,2.086804,0.162,18248200.0
LKA,1998,1.254421,2.125372,0.296,18596003.0
LKA,1999,1.244849,2.147139,0.348,18944731.0
LKA,2000,1.234995,2.175889,0.647410010940963,19293054.0
LKA,2001,1.228325,2.19552,0.793821864362622,19600362.0
LKA,2002,1.221945,2.181375,1.05042270585318,19805752.0
LKA,2003,1.219037,2.230343,1.45858022842408,19951521.0
LKA,2004,1.217579,2.242872,1.44615998041486,20087605.0
LKA,2005,1.218863,2.26329,1.792000055,20216524.0
LKA,2006,1.219078,2.323225,2.53756612897332,20352411.0
LKA,2007,1.216557,2.358506,3.88,20492545.0
LKA,2008,1.208538,2.406237,4.824500084,20629378.0
LKA,2009,1.209479,2.445014,5.868500233,20756435.0
LKA,2010,1.200972,2.48066,6.912399769,20879089.0
LKA,2011,1.199577,2.505715,7.956399918,21009048.0
LKA,2012,1.218313,2.52853,9.00039959,21169458.0
LKA,2013,1.244588,2.552116,10.04440022,20585000.0
LKA,2014,1.276523,2.565741,10.5000026214106,20778000.0
LKA,2015,1.316646,2.59148,15.26249981,20970000.0
LKA,2016,1.355565,2.573728,22.19,21209000.0
LKA,2017,1.412467,2.596225,25.07550049,21453000.0
LKA,2018,1.477991,2.630085,28.33620071,21670000.0
LKA,2019,1.547066,2.660267,32.02090073,21803000.0
LKA,2020,1.848659,2.955923,36.18473435,21919000.0
LKA,2021,2.101366,3.18647,44.45308724,22156000.0
LKA,2022,2.088968,3.130367,48.3,22181000.0
LKA,2023,2.462678,3.14462,51.2,22037000.0
LSO,1990,2.853833,2.215776,0.0,1809696.0
LSO,1991,2.870576,2.233286,,1842379.0
LSO,1992,2.886316,2.196978,,1873274.0
LSO,1993,2.901853,2.213142,,1901793.0
LSO,1994,2.917174,2.229669,,1927707.0
LSO,1995,2.930939,2.246568,,1951437.0
LSO,1996,2.943277,2.260905,0.00285,1972418.0
LSO,1997,2.95437,2.394737,0.00558,1988130.0
LSO,1998,2.964886,2.433883,0.011,1998049.0
LSO,1999,2.975756,2.345846,0.0538,2003234.0
LSO,2000,2.985918,2.424719,0.211806070361977,2003913.0
LSO,2001,2.994152,2.368988,0.261150063093855,2000853.0
LSO,2002,3.002495,2.416849,1.08394313737534,1994679.0
LSO,2003,3.009866,2.306671,1.53249659019509,1985059.0
LSO,2004,3.015851,2.360054,2.17552433931097,1971129.0
LSO,2005,3.021714,2.363211,2.580199957,1953076.0
LSO,2006,3.028227,2.429942,2.97970818724486,1945063.0
LSO,2007,3.019961,2.32242,3.44543125970873,1953268.0
LSO,2008,3.013395,2.466617,3.58,1966541.0
LSO,2009,2.990002,2.525743,3.72,1980883.0
LSO,2010,2.956427,2.51494,3.859999895,1996251.0
LSO,2011,2.929761,2.475706,7.0,2014009.0
LSO,2012,2.960835,2.634734,10.0,2034354.0
LSO,2013,3.026701,2.463891,15.0,2056504.0
LSO,2014,3.140734,2.596963,22.0,2080089.0
LSO,2015,3.300501,2.624369,25.0,2104611.0
LSO,2016,3.471811,2.510573,32.4538569477365,2130422.0
LSO,2017,3.608665,2.718232,39.0,2157110.0
LSO,2018,3.694369,2.552946,40.79999924,2183603.0
LSO,2019,3.781764,2.574833,42.301733569273,2209405.0
LSO,2020,4.936395,3.285356,43.65750122,2235727.0
LSO,2021,5.30256,3.303786,45.05670166,2261542.0
LSO,2022,5.465931,3.302358,48.06959915,2286110.0
LSO,2023,6.589942,3.432776,48.98590088,2311472.0
LTU,1990,3.467674,3.645448,0.0,3697838.0
LTU,1991,3.476312,3.654511,,3704134.0
LTU,1992,3.48667,3.665093,,3700114.0
LTU,1993,3.500546,3.864523,,3682613.0
LTU,1994,3.517228,3.868874,,3657144.0
LTU,1995,3.535502,3.957906,,3629102.0
LTU,1996,3.553147,3.90826,0.277,3601613.0
LTU,1997,3.568191,4.073992,0.978,3575137.0
LTU,1998,3.581294,3.8433,1.97,3549331.0
LTU,1999,3.592555,3.866628,2.92,3524238.0
LTU,2000,3.603767,3.896417,6.42706749477765,3499536.0
LTU,2001,3.616131,3.849165,7.17935699381369,3470818.0
LTU,2002,3.627556,3.878922,17.69,3443067.0
LTU,2003,3.64019,3.905571,25.91,3415213.0
LTU,2004,3.652959,3.932872,31.23,3377075.0
LTU,2005,3.663326,3.958697,36.22,3322528.0
LTU,2006,3.670332,3.98053,43.9,3269909.0
LTU,2007,3.683814,4.003705,49.9,3231294.0
LTU,2008,3.689654,4.198316,55.22,3198231.0
LTU,2009,3.717539,4.042927,59.76,3162916.0
LTU,2010,3.747214,4.142822,62.12,3097282.0
LTU,2011,3.776898,4.158143,63.6399774002179,3028115.0
LTU,2012,3.812036,4.087351,67.2299893276414,2989139.0
LTU,2013,3.845106,4.100163,68.4529,2961250.0
LTU,2014,3.871457,4.112079,72.1335378644566,2937253.0
LTU,2015,3.883154,4.124658,71.3780590101754,2911109.0
LTU,2016,3.883167,4.130121,74.3766455618662,2877325.0
LTU,2017,3.855433,4.131877,77.6152565124514,2842639.0
LTU,2018,3.812711,4.134466,79.7225827680518,2819200.0
LTU,2019,3.778339,4.135923,81.5818683764046,2811089.0
LTU,2020,4.359948,4.821585,83.05554724,2810369.0
LTU,2021,4.505017,4.937222,86.93054425,2808380.0
LTU,2022,4.594091,4.807281,87.72420219,2831639.0
LTU,2023,5.207018,4.894951,88.50287484,2871585.0
LUX,1990,4.604143,4.144318,0.0,381850.0
LUX,1991,4.525345,4.137827,,387000.0
LUX,1992,4.44702,4.016345,0.153,392175.0
LUX,1993,4.375519,4.247075,0.302,397475.0
LUX,1994,4.312825,4.004147,0.496,402925.0
LUX,1995,4.251209,4.113252,1.59,408625.0
LUX,1996,4.191344,4.111208,5.55,414225.0
LUX,1997,4.13244,3.996077,7.14,419450.0
LUX,1998,4.082628,3.997931,11.7,424700.0
LUX,1999,4.042865,4.00326,17.4,430475.0
LUX,2000,4.004066,4.011452,22.8873279731211,436300.0
LUX,2001,3.993331,4.017689,36.163422506306,441525.0
LUX,2002,3.98343,4.021972,39.84,446175.0
LUX,2003,4.007856,4.029572,54.55,451630.0
LUX,2004,4.067646,4.036491,65.88,458095.0
LUX,2005,4.129324,4.045007,70.0,465158.0
LUX,2006,4.185676,4.057662,72.51,472637.0
LUX,2007,4.233978,4.069595,78.92,479993.0
LUX,2008,4.301146,4.083318,82.23,488650.0
LUX,2009,4.381979,4.096186,87.31,497783.0
LUX,2010,4.467995,4.111012,90.62,506953.0
LUX,2011,4.54131,4.136246,90.0298585646936,518347.0
LUX,2012,4.654231,4.162501,91.9499237417387,530946.0
LUX,2013,4.740962,4.189806,93.7765,543360.0
LUX,2014,4.83759,4.219946,94.6702052774766,556319.0
LUX,2015,4.943638,4.251386,96.3767141704759,569604.0
LUX,2016,5.023425,4.283531,98.1366986657616,582014.0
LUX,2017,5.126413,4.316756,97.3629603241751,596336.0
LUX,2018,5.25164,4.350226,97.061298705829,607950.0
LUX,2019,5.37453,4.382474,97.120635693272,620001.0
LUX,2020,6.499741,5.23175,98.45962893,630419.0
LUX,2021,6.58743,5.268162,98.66086333,640064.0
LUX,2022,6.945629,5.193479,98.24203749,653103.0
LUX,2023,7.917603,5.295379,99.34785707,666430.0
LVA,1990,3.812878,3.171485,0.0,2663151.0
LVA,1991,3.822419,3.174372,,2650581.0
LVA,1992,3.837289,3.180163,,2614338.0
LVA,1993,3.858395,3.189355,,2563290.0
LVA,1994,3.884177,3.330696,,2520742.0
LVA,1995,3.911478,3.216546,,2485056.0
LVA,1996,3.937752,3.296143,0.813,2457222.0
LVA,1997,3.96228,3.318442,2.05,2432851.0
LVA,1998,3.983732,3.280164,3.32,2410019.0
LVA,1999,4.000559,3.304792,4.39,2390482.0
LVA,2000,4.011225,3.464816,6.31906208267861,2367550.0
LVA,2001,4.017698,3.353391,7.21934580836289,2337170.0
LVA,2002,4.019509,3.44142,21.94,2310173.0
LVA,2003,4.021155,3.46186,26.98,2287955.0
LVA,2004,4.023595,3.554219,38.58,2263122.0
LVA,2005,4.025467,3.431803,46.0,2238799.0
LVA,2006,4.025181,3.657461,53.63,2218357.0
LVA,2007,4.026772,3.518391,59.17,2200325.0
LVA,2008,4.030453,3.664839,63.41,2177322.0
LVA,2009,4.046953,3.671459,66.84,2141669.0
LVA,2010,4.045377,3.517929,68.42,2097555.0
LVA,2011,4.051045,3.596368,69.7499545592245,2059709.0
LVA,2012,4.04972,3.524803,73.1199437663748,2034319.0
LVA,2013,4.023649,3.454762,75.2344,2012647.0
LVA,2014,4.003209,3.455831,75.8261041383556,1993782.0
LVA,2015,3.999437,3.455117,79.2005829239344,1977527.0
LVA,2016,3.993284,3.458424,79.8420977843089,1959537.0
LVA,2017,3.974248,3.459189,80.1140770037369,1942248.0
LVA,2018,3.926866,3.462322,83.5771748630956,1927174.0
LVA,2019,3.902998,3.468951,86.13545644343,1913822.0
LVA,2020,4.465314,3.957543,88.89796078,1900449.0
LVA,2021,4.66579,4.083318,91.17964988,1884490.0
LVA,2022,4.693023,3.962221,91.03009059,1879383.0
LVA,2023,5.309496,4.024566,92.18791291,1883710.0
MAR,1990,4.584996,2.99366,0.0,24375551.0
MAR,1991,4.598371,3.166874,,24799014.0
MAR,1992,4.612103,3.080265,,25212468.0
MAR,1993,4.623587,2.982253,,25614586.0
MAR,1994,4.633057,3.076512,,26000822.0
MAR,1995,4.642669,3.039234,0.00371,26399429.0
MAR,1996,4.652394,3.01924,0.00568,26808107.0
MAR,1997,4.662633,3.194331,0.0216,27213337.0
MAR,1998,4.672394,3.241151,0.142,27621648.0
MAR,1999,4.681659,3.196837,0.176,28027179.0
MAR,2000,4.690623,3.309584,0.693791244805455,28423435.0
MAR,2001,4.689434,3.272635,1.37143810096418,28814643.0
MAR,2002,4.687667,3.356891,2.37325319241544,29198142.0
MAR,2003,4.674851,3.444194,3.35336668122363,29571415.0
MAR,2004,4.650967,3.355397,11.6079347729582,29953018.0
MAR,2005,4.625143,3.472108,15.0844445240204,30358144.0
MAR,2006,4.593715,3.571245,19.7711915653115,30771178.0
MAR,2007,4.566833,3.515853,21.5,31186468.0
MAR,2008,4.522209,3.471953,33.1,31606767.0
MAR,2009,4.466943,3.56752,41.3,32030778.0
MAR,2010,4.409829,3.69432,52.0,32467016.0
MAR,2011,4.338569,3.666815,46.107482597,32912588.0
MAR,2012,4.297071,3.730421,55.4160531914894,33355241.0
MAR,2013,4.228896,3.867634,56.0,33787571.0
MAR,2014,4.183928,3.898269,56.7746379160074,34204780.0
MAR,2015,4.152892,3.953176,57.0799993486116,34607588.0
MAR,2016,4.107065,4.007324,58.271236420398,35023457.0
MAR,2017,4.104716,4.030713,61.7622120123071,35446392.0
MAR,2018,4.072244,4.183113,64.8038651924043,35839760.0
MAR,2019,4.077292,4.209039,84.1203630467602,36210898.0
MAR,2020,4.932449,5.057954,84.12036305,36584208.0
MAR,2021,4.928592,5.138787,88.13031937,36954442.0
MAR,2022,5.114851,5.090911,89.9,37329064.0
MAR,2023,5.769863,5.164266,91.0,37712505.0
MCO,1990,5.145129,3.544946,0.0,30358.0
MCO,1991,5.062974,3.529953,,30625.0
MCO,1992,4.980165,3.514238,,30887.0
MCO,1993,4.906856,3.501187,,31136.0
MCO,1994,4.842888,3.490966,,31375.0
MCO,1995,4.780724,3.480302,,31609.0
MCO,1996,4.7202,3.478032,,31837.0
MCO,1997,4.659983,3.476012,,32063.0
MCO,1998,4.609978,3.478233,,32267.0
MCO,1999,4.571602,3.484601,,32410.0
MCO,2000,4.535666,3.491512,42.1848634460346,32455.0
MCO,2001,4.529902,3.495295,46.6461423640265,32447.0
MCO,2002,4.526259,3.499436,48.0471171729696,32422.0
MCO,2003,4.560105,3.502492,49.4911689195459,32374.0
MCO,2004,4.630432,3.502621,52.4901966838546,32307.0
MCO,2005,4.702778,3.507031,55.46480179,32210.0
MCO,2006,4.78637,3.503663,61.47600174,32057.0
MCO,2007,4.862805,3.499648,64.37770081,31837.0
MCO,2008,4.971154,3.496082,67.25,31836.0
MCO,2009,5.142066,3.494698,70.1,32364.0
MCO,2010,5.293008,3.491155,75.0,33163.0
MCO,2011,5.443862,3.500564,80.30000305,33946.0
MCO,2012,5.623469,3.517012,87.0,34711.0
MCO,2013,5.781879,3.540391,90.69999695,35447.0
MCO,2014,5.930184,3.569632,92.40000153,36128.0
MCO,2015,6.055446,3.60641,93.36329651,36757.0
MCO,2016,6.185074,3.648471,95.20819855,37276.0
MCO,2017,6.299436,3.69204,97.0530014,37678.0
MCO,2018,6.392886,3.740088,,38154.0
MCO,2019,6.483478,3.799412,98.0,38109.0
MCO,2020,7.746257,4.550079,98.57080078,38050.0
MCO,2021,7.890219,4.625033,99.07759857,38527.0
MCO,2022,8.239179,4.560288,98.75189972,38931.0
MCO,2023,9.34491,4.664364,98.87049866,38956.0
MDA,1990,3.682948,2.8781,0.0,2977912.0
MDA,1991,3.699091,3.033093,,2981566.0
MDA,1992,3.718413,3.095372,,2980965.0
MDA,1993,3.742557,3.162662,,2975966.0
MDA,1994,3.770244,3.240167,0.000825,2966745.0
MDA,1995,3.798509,3.273614,0.00346,2953200.0
MDA,1996,3.825243,3.255821,0.00464,2947293.0
MDA,1997,3.850667,3.147155,0.0281,2936413.0
MDA,1998,3.875024,3.170767,0.261,2935227.0
MDA,1999,3.897396,3.140171,0.601,2930622.0
MDA,2000,3.914756,3.240068,1.28284641670022,2924668.0
MDA,2001,3.92747,3.150373,1.48781295215565,2918135.0
MDA,2002,3.9346,3.240651,3.78724279887342,2911385.0
MDA,2003,3.939301,3.271177,7.40754458415897,2903198.0
MDA,2004,3.942542,3.237681,10.629390841654,2896023.0
MDA,2005,3.942773,3.261009,14.6302704551796,2888985.0
MDA,2006,3.940228,3.413997,19.6206477051634,2880967.0
MDA,2007,3.943924,3.295891,20.45,2874299.0
MDA,2008,3.939221,3.372446,23.39,2868833.0
MDA,2009,3.953853,3.377155,27.5,2865213.0
MDA,2010,3.958078,3.315436,29.68000031,2862354.0
MDA,2011,3.958197,3.323503,32.06999969,2860699.0
MDA,2012,3.958803,3.457329,34.65000153,2860324.0
MDA,2013,3.937898,3.341996,37.43999863,2859558.0
MDA,2014,3.926509,3.414608,66.9999982002077,2857815.0
MDA,2015,3.911134,3.423991,69.0000044661932,2835978.0
MDA,2016,3.895607,3.377283,70.9999991066624,2803186.0
MDA,2017,3.9097,3.39306,71.76709747,2755189.0
MDA,2018,3.920173,3.411967,72.54239655,2707203.0
MDA,2019,3.932008,3.567899,73.32610321,2664224.0
MDA,2020,4.843934,4.102902,74.11830139,2635130.0
MDA,2021,4.949024,4.240163,74.91899872,2595809.0
MDA,2022,5.086572,4.163163,74.91899872,2528654.0
MDA,2023,6.017846,4.198369,76.50330353,2457783.0
MDG,1990,2.470636,2.389129,0.0,12055639.0
MDG,1991,2.463074,2.50001,,12421412.0
MDG,1992,2.454926,2.513036,,12800870.0
MDG,1993,2.446196,2.432881,,13197345.0
MDG,1994,2.437081,2.489785,,13613850.0
MDG,1995,2.428061,2.543037,,14051275.0
MDG,1996,2.41917,2.4672,0.0037,14510711.0
MDG,1997,2.410784,2.418082,0.0143,14990814.0
MDG,1998,2.402927,2.460039,0.0626,15489364.0
MDG,1999,2.395604,2.404712,0.169,16000506.0
MDG,2000,2.388363,2.448257,0.196394691006341,16516338.0
MDG,2001,2.382571,2.352284,0.222511586178292,17032939.0
MDG,2002,2.378245,2.503049,0.339720154596142,17549913.0
MDG,2003,2.376591,2.393227,0.423252419277809,18071854.0
MDG,2004,2.377424,2.493742,0.525353654946669,18606608.0
MDG,2005,2.378974,2.503426,0.567700028,19159707.0
MDG,2006,2.381782,2.39946,0.607599974,19730909.0
MDG,2007,2.416771,2.553008,0.649999976,20318583.0
MDG,2008,2.449367,2.510774,1.649999976,20923840.0
MDG,2009,2.506205,2.548376,1.629999995,21547280.0
MDG,2010,2.595532,2.569033,1.700000048,22183340.0
MDG,2011,2.666316,2.493503,1.899999976,22822300.0
MDG,2012,2.698662,2.62294,2.299999952,23462438.0
MDG,2013,2.751568,2.596553,3.0,24109290.0
MDG,2014,2.778509,2.637022,3.700000048,24764348.0
MDG,2015,2.822758,2.709659,4.173999786,25426702.0
MDG,2016,2.889856,2.747727,4.713699818,26099952.0
MDG,2017,2.989409,2.711035,6.406000137,26788375.0
MDG,2018,3.077579,2.781874,7.747799873,27494926.0
MDG,2019,3.158898,2.732579,9.379400253,28219554.0
MDG,2020,4.066738,3.38527,11.35470009,28953556.0
MDG,2021,4.188291,3.470357,13.74590015,29691083.0
MDG,2022,4.326153,3.400452,17.81170082,30437261.0
MDG,2023,5.129973,3.503217,18.24080086,31195932.0
MDV,1990,1.646509,1.257998,0.0,224762.0
MDV,1991,1.63873,1.263082,0.0,231802.0
MDV,1992,1.634195,1.23627,0.0,238543.0
MDV,1993,1.631347,1.247988,0.0,244884.0
MDV,1994,1.629446,1.263268,0.0,250822.0
MDV,1995,1.628911,1.282976,0.0,256649.0
MDV,1996,1.629814,1.308674,0.227,262347.0
MDV,1997,1.631512,1.338237,0.309,267707.0
MDV,1998,1.633229,1.373157,0.57,272723.0
MDV,1999,1.634319,1.411517,1.12,277412.0
MDV,2000,1.633319,1.449595,2.2038729393788,282019.0
MDV,2001,1.636341,1.550931,3.61729064930367,286767.0
MDV,2002,1.636754,1.540663,5.3477651689359,291616.0
MDV,2003,1.640867,1.685878,5.97659284988557,296491.0
MDV,2004,1.647511,1.669048,6.58825487530861,301413.0
MDV,2005,1.651114,1.787386,6.86960506696215,306429.0
MDV,2006,1.65129,1.845541,11.0363527828647,313851.0
MDV,2007,1.645995,1.897788,16.3,324479.0
MDV,2008,1.643106,1.920884,23.2,336170.0
MDV,2009,1.643128,2.045821,24.8,348275.0
MDV,2010,1.645006,2.072405,26.53,360792.0
MDV,2011,1.647358,2.116164,34.0,373674.0
MDV,2012,1.664979,2.222203,38.93009949,386818.0
MDV,2013,1.690408,2.277982,44.09999847,400070.0
MDV,2014,1.716355,2.326067,49.27999878,413617.0
MDV,2015,1.749869,2.406914,54.4620018,428154.0
MDV,2016,1.780715,2.358775,59.47750092,443308.0
MDV,2017,1.811807,2.528257,64.95500183,458287.0
MDV,2018,1.844265,2.404493,70.93689728,473099.0
MDV,2019,1.867256,2.450184,77.46970367,487731.0
MDV,2020,2.180214,2.804107,79.09780121,502118.0
MDV,2021,2.331316,2.897513,81.95760345,516154.0
MDV,2022,2.341464,2.822985,83.91189054,524106.0
MDV,2023,2.695893,2.893949,84.55290222,525994.0
MEX,1990,2.796323,2.346828,0.0,82820170.0
MEX,1991,2.832156,2.363098,0.00588,84430572.0
MEX,1992,2.867777,2.379548,0.0173,86044809.0
MEX,1993,2.91377,2.394667,0.0283,87653807.0
MEX,1994,2.970371,2.408243,0.0433,89259205.0
MEX,1995,3.027101,2.421196,0.103,90862455.0
MEX,1996,3.08402,2.433758,0.2,92452702.0
MEX,1997,3.141017,2.445579,0.627,94021207.0
MEX,1998,3.20571,2.457662,1.27,95575245.0
MEX,1999,3.277859,2.469954,1.86,97115707.0
MEX,2000,3.349844,2.482717,5.08138415338066,98625552.0
MEX,2001,3.426419,2.499904,7.0380231165045,100099099.0
MEX,2002,3.503111,2.517465,11.9,101548624.0
MEX,2003,3.588511,2.536941,12.9,102978515.0
MEX,2004,3.682072,2.557964,14.1,104394131.0
MEX,2005,3.775019,2.578941,17.20999908,105811504.0
MEX,2006,3.867664,2.600922,19.52000046,107253666.0
MEX,2007,3.958439,2.626159,20.81,108774360.0
MEX,2008,4.054654,2.651534,21.71,110374288.0
MEX,2009,4.166117,2.673938,26.34,111999721.0
MEX,2010,4.283212,2.692805,31.05,113623895.0
MEX,2011,4.402824,2.708182,37.1762954125184,115243504.0
MEX,2012,4.534679,2.724761,39.75,116818208.0
MEX,2013,4.645786,2.741857,43.46,118343573.0
MEX,2014,4.745741,2.758928,44.3856962723411,119784261.0
MEX,2015,4.795358,2.775689,57.4310429923633,121072306.0
MEX,2016,4.833484,2.791778,59.5404459967255,122251351.0
MEX,2017,4.89481,2.807803,53.0317886110982,123400057.0
MEX,2018,4.939483,2.824397,56.6595667981289,124573711.0
MEX,2019,4.976871,2.84171,69.6321092705209,125762982.0
MEX,2020,6.189434,3.516989,71.49017499,126799054.0
MEX,2021,6.257135,3.552737,75.62650476,127648148.0
MEX,2022,6.529168,3.482457,78.63217894,128613117.0
MEX,2023,7.675785,3.579859,81.18318755,129739759.0
MHL,1990,2.940092,1.5709,0.0,44629.0
MHL,1991,2.95378,1.591672,0.0,45568.0
MHL,1992,2.965915,1.614459,0.0,46388.0
MHL,1993,2.971656,1.638837,0.0,47093.0
MHL,1994,2.969595,1.66392,0.0,47712.0
MHL,1995,2.963103,1.68973,0.0,48266.0
MHL,1996,2.951697,1.71685,0.0371,48775.0
MHL,1997,2.935991,1.743108,,49259.0
MHL,1998,2.91466,1.768826,,49717.0
MHL,1999,2.888875,1.793594,0.966,50202.0
MHL,2000,2.861304,1.816715,1.53427179624871,50706.0
MHL,2001,2.842909,1.840016,1.7066140776699,51123.0
MHL,2002,2.825544,1.862007,2.33544457522934,51425.0
MHL,2003,2.818841,1.883476,2.5697503671072,51639.0
MHL,2004,2.823162,1.904665,3.59977681383754,51791.0
MHL,2005,2.829621,1.924825,3.8787023977433,51906.0
MHL,2006,2.838626,1.946102,3.79559021427832,51992.0
MHL,2007,2.854129,1.96796,3.950000048,52035.0
MHL,2008,2.87273,1.991742,4.599999905,52030.0
MHL,2009,2.906233,2.018047,5.599999905,52019.0
MHL,2010,2.944553,2.047007,7.0,52044.0
MHL,2011,2.978014,2.079548,10.0,51907.0
MHL,2012,3.032327,2.115517,12.5,51419.0
MHL,2013,3.089352,2.155227,14.0,50681.0
MHL,2014,3.150966,2.198299,16.79999924,49796.0
MHL,2015,3.224829,2.244136,19.28240013,48800.0
MHL,2016,3.286305,2.289545,29.78779984,47709.0
MHL,2017,3.347827,2.33658,38.70119858,46529.0
MHL,2018,3.398502,2.383059,43.88249969,45285.0
MHL,2019,3.434646,2.428422,49.75749969,44007.0
MHL,2020,4.133618,2.938678,56.41910172,42706.0
MHL,2021,4.333481,3.081296,63.97259903,41367.0
MHL,2022,4.392477,3.019851,64.26719666,40077.0
MHL,2023,5.084085,3.109873,64.07589722,38827.0
MKD,1990,4.097323,2.202187,0.0,2063689.0
MKD,1991,4.108779,2.333923,,2055994.0
MKD,1992,4.120336,2.320693,,2032523.0
MKD,1993,4.131278,2.38684,,2006854.0
MKD,1994,4.145883,2.356696,,1992666.0
MKD,1995,4.159607,2.453094,0.0407,1998534.0
MKD,1996,4.174655,2.322889,0.076,2012553.0
MKD,1997,4.192486,2.342978,0.504,1996869.0
MKD,1998,4.210631,2.357887,1.0,2007523.0
MKD,1999,4.229718,2.434224,1.5,2017142.0
MKD,2000,4.245219,2.439643,2.48556631640066,2026350.0
MKD,2001,4.262818,2.525942,3.46818460849398,2034882.0
MKD,2002,4.284924,2.585431,17.33,2020157.0
MKD,2003,4.312129,2.608824,19.07,2022725.0
MKD,2004,4.340727,2.508,24.44,2016186.0
MKD,2005,4.37128,2.513704,26.45000076,2005330.0
MKD,2006,4.398806,2.572408,28.62,1994287.0
MKD,2007,4.426871,2.542108,36.29999924,1982933.0
MKD,2008,4.494175,2.579234,46.04,1971493.0
MKD,2009,4.551645,2.554573,51.77,1958782.0
MKD,2010,4.623112,2.554262,51.9,1946298.0
MKD,2011,4.726453,2.510844,56.7,1937398.0
MKD,2012,4.792659,2.592954,57.449947312961,1929821.0
MKD,2013,4.813498,2.491608,65.24,1922716.0
MKD,2014,4.823092,2.567263,68.0584815397496,1917557.0
MKD,2015,4.852661,2.588487,70.3802030766689,1912430.0
MKD,2016,4.870076,2.549154,72.1568144676058,1906313.0
MKD,2017,4.861626,2.564742,74.5168241807954,1898657.0
MKD,2018,4.848277,2.572082,79.1677551850871,1889051.0
MKD,2019,4.859566,2.594475,81.4128827618364,1876262.0
MKD,2020,5.851676,3.057419,81.40553811,1856124.0
MKD,2021,6.010713,3.109859,81.873703,1837114.0
MKD,2022,6.118333,3.028438,83.85030365,1831712.0
MKD,2023,7.126075,3.095596,88.5,1827816.0
MLI,1990,3.286027,2.075761,0.0,9178830.0
MLI,1991,3.327064,2.06514,,9362888.0
MLI,1992,3.368095,2.111959,,9553540.0
MLI,1993,3.429163,2.056383,,9754786.0
MLI,1994,3.508666,2.178023,,9967031.0
MLI,1995,3.588518,2.072801,,10185365.0
MLI,1996,3.664498,1.991862,0.00206,10407278.0
MLI,1997,3.736401,2.181765,0.0101,10646495.0
MLI,1998,3.821198,2.124426,0.0198,10919573.0
MLI,1999,3.919397,2.131735,0.0609,11227415.0
MLI,2000,4.018473,2.201011,0.142545755049184,11559290.0
MLI,2001,4.08194,2.193886,0.185897413256084,11912158.0
MLI,2002,4.146684,2.184569,0.2270455784917,12288050.0
MLI,2003,4.183661,2.177902,0.310364443230575,12684955.0
MLI,2004,4.193987,2.112482,0.432819639900985,13102409.0
MLI,2005,4.203785,2.13319,0.507099986,13538647.0
MLI,2006,4.214289,2.126488,0.729600012,13990139.0
MLI,2007,4.210061,2.09487,0.81,14457775.0
MLI,2008,4.1904,2.128174,1.57,14940782.0
MLI,2009,4.143021,2.138168,1.799999952,15435539.0
MLI,2010,4.103777,2.127463,2.0,15945198.0
MLI,2011,4.082792,2.134537,2.2,16469049.0
MLI,2012,4.106776,2.154939,2.799999952,16957033.0
MLI,2013,4.195074,2.166354,3.5,17459615.0
MLI,2014,4.263963,2.168641,7.0,18020267.0
MLI,2015,4.397098,2.191396,10.32999992,18593022.0
MLI,2016,4.571002,2.193929,14.0,19191289.0
MLI,2017,4.736573,2.208037,18.89999962,19813011.0
MLI,2018,4.889036,2.223805,21.39999962,20442030.0
MLI,2019,4.991968,2.240142,24.96030045,21068405.0
MLI,2020,6.540128,2.734371,29.11300087,21713836.0
MLI,2021,6.695303,2.779289,33.95650101,22388630.0
MLI,2022,6.911928,2.727301,35.19919968,23072640.0
MLI,2023,8.170237,2.757727,36.03879929,23769127.0
MLT,1990,6.887939,2.359539,0.0,354170.0
MLT,1991,6.777897,2.475386,,363845.0
MLT,1992,6.671839,2.479067,,367618.0
MLT,1993,6.581529,2.425032,,371308.0
MLT,1994,6.506915,2.488228,,374797.0
MLT,1995,6.435114,2.547733,0.225,377419.0
MLT,1996,6.365722,2.38773,1.05,379905.0
MLT,1997,6.298355,2.44887,3.92,382791.0
MLT,1998,6.247364,2.459364,6.5,385287.0
MLT,1999,6.211677,2.416464,7.76,387578.0
MLT,2000,6.177213,2.424926,13.1137087111024,390087.0
MLT,2001,6.190294,2.432508,17.8778483243348,393028.0
MLT,2002,6.20362,2.442201,28.92,395969.0
MLT,2003,6.273429,2.450553,31.64,398582.0
MLT,2004,6.398105,2.45639,34.62,401268.0
MLT,2005,6.520862,2.462822,41.24,403834.0
MLT,2006,6.677414,2.470281,40.41,405308.0
MLT,2007,6.831468,2.476662,46.9,406724.0
MLT,2008,7.057876,2.483174,50.08,409379.0
MLT,2009,7.369967,2.488677,58.86,412477.0
MLT,2010,7.667589,2.493124,63.0,414508.0
MLT,2011,7.915616,2.501903,68.0198237885462,416268.0
MLT,2012,8.174653,2.509849,68.1998742928975,420028.0
MLT,2013,8.385784,2.520431,68.9138,424810.0
MLT,2014,8.614274,2.532219,73.1141157845193,433481.0
MLT,2015,8.828649,2.544254,75.9600189752747,444220.0
MLT,2016,9.010544,2.557309,78.0751488032182,454505.0
MLT,2017,9.170794,2.691031,81.0119110762945,467106.0
MLT,2018,9.313999,2.585279,81.6580442928014,483903.0
MLT,2019,9.474961,2.658096,85.7785963798031,503912.0
MLT,2020,11.220813,3.034218,86.85876183,515490.0
MLT,2021,11.316119,2.993676,87.46977742,518150.0
MLT,2022,11.912332,2.961437,91.54062209,531113.0
MLT,2023,13.260328,3.00606,92.07266941,552747.0
MMR,1990,1.832238,1.655464,0.0,39817251.0
MMR,1991,1.823095,1.674828,,40394154.0
MMR,1992,1.81347,1.688983,,40950342.0
MMR,1993,1.801726,1.689692,,41502429.0
MMR,1994,1.788094,1.720134,,42055143.0
MMR,1995,1.774058,1.726805,,42605338.0
MMR,1996,1.759736,1.744002,,43154860.0
MMR,1997,1.745197,1.768279,,43708798.0
MMR,1998,1.730219,1.783389,,44257793.0
MMR,1999,1.714914,1.803472,0.000152,44787724.0
MMR,2000,1.699905,1.827167,,45290841.0
MMR,2001,1.690471,1.848336,0.000289277380848561,45771139.0
MMR,2002,1.681827,1.881482,0.00042649350636189,46232653.0
MMR,2003,1.679069,1.909382,0.0240641491408465,46667192.0
MMR,2004,1.681851,1.943535,0.024337392002823,47068772.0
MMR,2005,1.685023,1.98518,0.065200001,47438365.0
MMR,2006,1.689015,2.028423,0.18204833106115,47785135.0
MMR,2007,1.693369,2.07831,0.217128445069958,48125043.0
MMR,2008,1.702152,2.114979,0.22,48390793.0
MMR,2009,1.71653,2.177607,0.219999999,48660459.0
MMR,2010,1.731646,2.222596,0.25,49024382.0
MMR,2011,1.746867,2.282689,0.98,49419820.0
MMR,2012,1.765948,2.337986,1.399999976,49837446.0
MMR,2013,1.783653,2.38663,1.799999952,50262658.0
MMR,2014,1.797088,2.444086,7.400000095,50681634.0
MMR,2015,1.838978,2.503316,10.89999962,51089056.0
MMR,2016,1.870114,2.516959,16.0,51495696.0
MMR,2017,1.920689,2.564846,23.621081950267,51894938.0
MMR,2018,1.996747,2.57571,29.37899971,52272247.0
MMR,2019,2.045508,2.603204,36.54050064,52640713.0
MMR,2020,2.481263,3.023077,45.4477005,53016522.0
MMR,2021,2.650245,3.10361,,53387102.0
MMR,2022,2.691707,3.09055,,53756787.0
MMR,2023,3.184058,3.117664,,54133798.0
MNE,1990,5.075765,2.268905,,606372.0
MNE,1991,5.083312,2.274518,,607105.0
MNE,1992,5.100005,2.288298,,608516.0
MNE,1993,5.119788,2.302702,,610170.0
MNE,1994,5.141121,2.317383,,611389.0
MNE,1995,5.161001,2.332356,,611712.0
MNE,1996,5.168937,2.33831,,611003.0
MNE,1997,5.192123,2.356814,,609520.0
MNE,1998,5.212571,2.372283,,607662.0
MNE,1999,5.235951,2.386931,,606001.0
MNE,2000,5.25291,2.504486,,604950.0
MNE,2001,5.273852,2.511156,,607389.0
MNE,2002,5.296239,2.466747,,609828.0
MNE,2003,5.333871,2.534662,,612267.0
MNE,2004,5.36074,2.479543,25.3500686036232,613353.0
MNE,2005,5.39156,2.427641,27.10000038,614261.0
MNE,2006,5.447559,2.453877,28.89999962,615025.0
MNE,2007,5.474054,2.4466,30.79999924,615875.0
MNE,2008,5.521607,2.444147,32.90000153,616969.0
MNE,2009,5.5889,2.464804,35.09999847,618294.0
MNE,2010,5.640266,2.461582,37.5,619428.0
MNE,2011,5.680951,2.474281,35.6115412460109,620345.0
MNE,2012,5.709473,2.486884,56.8387825490631,621418.0
MNE,2013,5.707781,2.50343,60.31,622587.0
MNE,2014,5.703279,2.515903,63.8868840056697,623744.0
MNE,2015,5.714071,2.533506,68.1197860085679,624651.0
MNE,2016,5.739499,2.550693,69.8816468416779,625353.0
MNE,2017,5.752771,2.540778,71.2723325399382,625982.0
MNE,2018,5.756668,2.699664,71.5171004874886,626438.0
MNE,2019,5.719048,2.556407,73.4766657478691,626753.0
MNE,2020,6.884132,3.090703,77.60879306,626590.0
MNE,2021,7.097918,3.168169,82.21969752,625053.0
MNE,2022,7.243123,3.201401,88.22192026,623591.0
MNE,2023,8.439879,3.099155,88.5515976,623529.0
MNG,1990,2.599584,2.204082,0.0,2098710.0
MNG,1991,2.612272,2.212979,,2165342.0
MNG,1992,2.627511,2.222785,,2167790.0
MNG,1993,2.649078,2.234627,,2165130.0
MNG,1994,2.677325,2.406716,,2189395.0
MNG,1995,2.710057,2.265434,0.00881,2224945.0
MNG,1996,2.742929,2.356848,0.0182,2259507.0
MNG,1997,2.774923,2.379049,0.113,2291750.0
MNG,1998,2.806594,2.331857,0.146,2323809.0
MNG,1999,2.838066,2.359737,0.508,2356813.0
MNG,2000,2.867627,2.390703,1.25565200358112,2388299.0
MNG,2001,2.894571,2.427388,1.65323823906982,2417751.0
MNG,2002,2.91715,2.463207,2.0395726034818,2449027.0
MNG,2003,2.937979,2.497904,,2480374.0
MNG,2004,2.958249,2.534553,,2508412.0
MNG,2005,2.974244,2.56966,9.0,2536407.0
MNG,2006,2.98565,2.601935,9.0,2567168.0
MNG,2007,2.992495,2.62874,9.0,2601850.0
MNG,2008,2.999924,2.649694,9.800000191,2643201.0
MNG,2009,2.995959,2.666851,10.0,2691115.0
MNG,2010,2.993652,2.679543,10.2,2738622.0
MNG,2011,2.99199,2.689733,12.4999911084745,2786317.0
MNG,2012,2.99748,2.694768,16.4,2839705.0
MNG,2013,3.014842,2.698062,17.699984237,2899011.0
MNG,2014,3.049997,2.700636,19.9424474349209,2963113.0
MNG,2015,3.094034,2.701454,22.5000041337688,3026864.0
MNG,2016,3.115309,2.700432,22.2657705007562,3088856.0
MNG,2017,3.142533,2.699863,23.71430016,3148917.0
MNG,2018,3.148914,2.700386,47.1300018848989,3208189.0
MNG,2019,3.164369,2.70247,51.079994082603,3267673.0
MNG,2020,3.679654,3.100154,62.50002848,3327204.0
MNG,2021,3.905884,3.23378,81.60682285,3383741.0
MNG,2022,3.906444,3.127761,81.07720184,3433748.0
MNG,2023,4.471943,3.175678,83.74320221,3481145.0
MNP,1990,3.005672,2.170069,0.0,43342.0
MNP,1991,2.949397,2.184733,,44393.0
MNP,1992,2.900678,2.179336,,45181.0
MNP,1993,2.864256,2.165199,,45952.0
MNP,1994,2.844312,2.15744,,46730.0
MNP,1995,2.840746,2.167505,,48176.0
MNP,1996,2.850821,2.196879,,51706.0
MNP,1997,2.86973,2.235044,,56596.0
MNP,1998,2.88369,2.27425,,61337.0
MNP,1999,2.880844,2.309472,,65916.0
MNP,2000,2.852647,2.337299,,68356.0
MNP,2001,2.817696,2.352391,,67984.0
MNP,2002,2.788963,2.352397,,66778.0
MNP,2003,2.786732,2.354408,,65421.0
MNP,2004,2.816941,2.526154,,63938.0
MNP,2005,2.859821,2.574504,,62354.0
MNP,2006,2.900633,2.534909,,60682.0
MNP,2007,2.934236,2.842393,,58941.0
MNP,2008,2.95867,2.640807,,57150.0
MNP,2009,2.993983,2.685114,,55325.0
MNP,2010,3.036785,2.726075,,54091.0
MNP,2011,3.078425,2.683212,,53608.0
MNP,2012,3.137551,2.717714,,53234.0
MNP,2013,3.193193,2.745781,,52758.0
MNP,2014,3.246945,2.782105,,52178.0
MNP,2015,3.306569,2.824906,,51514.0
MNP,2016,3.352169,2.862404,,50773.0
MNP,2017,3.40065,2.898749,,49959.0
MNP,2018,3.44595,2.928549,,49077.0
MNP,2019,3.48632,2.954737,,48129.0
MNP,2020,4.171986,3.494612,,47528.0
MNP,2021,4.371395,3.625066,,46979.0
MNP,2022,4.463723,3.542268,,46078.0
MNP,2023,5.172644,3.630407,,45143.0
MOZ,1990,4.306171,2.606812,0.0,13094537.0
MOZ,1991,4.302523,2.596401,,13352090.0
MOZ,1992,4.296092,2.581916,,13613316.0
MOZ,1993,4.288844,2.526896,,14051192.0
MOZ,1994,4.275835,2.519519,,15033853.0
MOZ,1995,4.248874,2.46814,,15960530.0
MOZ,1996,4.222695,2.344422,0.00304,16492480.0
MOZ,1997,4.204486,2.333311,0.0118,16949982.0
MOZ,1998,4.187566,2.280907,0.0202,17340464.0
MOZ,1999,4.173001,2.233669,0.0563,17734506.0
MOZ,2000,4.16216,2.307341,0.109592530041641,18129653.0
MOZ,2001,4.154522,2.217706,0.160031946644069,18537729.0
MOZ,2002,4.147633,2.349888,0.259612611253739,18958338.0
MOZ,2003,4.145133,2.241735,0.419538843913707,19392475.0
MOZ,2004,4.147028,2.326662,0.679447835392438,19840313.0
MOZ,2005,4.150774,2.348333,0.854399979,20304569.0
MOZ,2006,4.154107,2.320241,0.842954488044236,20787087.0
MOZ,2007,4.129008,2.372393,0.91,21287635.0
MOZ,2008,4.122856,2.275345,1.56,21819036.0
MOZ,2009,4.091727,2.268382,2.68,22391745.0
MOZ,2010,4.061608,2.321731,4.17,22999235.0
MOZ,2011,4.0517,2.178031,4.599999905,23649039.0
MOZ,2012,4.061466,2.305687,5.0,24337846.0
MOZ,2013,4.110321,2.334241,5.5,25051611.0
MOZ,2014,4.154562,2.324643,6.0,25788475.0
MOZ,2015,4.21203,2.381641,6.5,26547572.0
MOZ,2016,4.291399,2.40156,7.0,27337105.0
MOZ,2017,4.393275,2.378018,7.7963266079129,28166393.0
MOZ,2018,4.478253,2.430296,10.89999962,29018644.0
MOZ,2019,4.526055,2.441436,12.47929955,29884380.0
MOZ,2020,5.465051,2.89053,14.28740025,30783688.0
MOZ,2021,5.784235,3.030865,16.35759926,31707800.0
MOZ,2022,5.897945,2.941973,18.96220016,32656246.0
MOZ,2023,6.769245,2.985703,19.94560051,33635160.0
MRT,1990,2.84078,2.150839,0.0,1951878.0
MRT,1991,2.874213,2.084243,,2009738.0
MRT,1992,2.907683,2.145829,,2088135.0
MRT,1993,2.956952,2.089205,,2174328.0
MRT,1994,3.021246,2.036891,,2249454.0
MRT,1995,3.085186,2.039173,,2312017.0
MRT,1996,3.148098,2.043031,,2358188.0
MRT,1997,3.209609,2.147726,0.00417,2411306.0
MRT,1998,3.28139,2.135196,0.0406,2474651.0
MRT,1999,3.363071,2.13796,0.118,2541698.0
MRT,2000,3.443441,2.138943,0.192031462434805,2613441.0
MRT,2001,3.493285,2.115512,0.261448551967195,2678760.0
MRT,2002,3.541681,2.078309,0.363229414608579,2738655.0
MRT,2003,3.5654,2.17899,0.424004895843197,2802046.0
MRT,2004,3.565864,2.067015,0.481470438230954,2868664.0
MRT,2005,3.565655,2.243873,0.670000017,2939059.0
MRT,2006,3.565909,2.126809,0.979700029,3013660.0
MRT,2007,3.558903,2.234259,1.433599949,3093059.0
MRT,2008,3.533594,2.2482,1.870000005,3183269.0
MRT,2009,3.487632,2.222789,2.279999971,3284448.0
MRT,2010,3.439456,2.283662,4.0,3390965.0
MRT,2011,3.419712,2.306366,4.5,3502811.0
MRT,2012,3.415016,2.279511,5.0,3619034.0
MRT,2013,3.439207,2.288479,6.199999809,3734318.0
MRT,2014,3.478027,2.215513,11.80000019,3848514.0
MRT,2015,3.534565,2.30219,17.60000038,3965959.0
MRT,2016,3.618629,2.177815,19.23279953,4086657.0
MRT,2017,3.722273,2.292785,21.01720047,4210600.0
MRT,2018,3.863299,2.307331,22.96699905,4337685.0
MRT,2019,4.01215,2.226459,25.0977993,4467708.0
MRT,2020,5.354134,2.89087,29.90649986,4600131.0
MRT,2021,5.494947,2.770126,35.63660049,4734874.0
MRT,2022,5.721935,2.830308,42.46450043,4875637.0
MRT,2023,6.872333,2.896031,44.95629883,5022441.0
MUS,1990,1.906276,2.88585,0.0,1058775.0
MUS,1991,1.8928,2.849226,,1070266.0
MUS,1992,1.878749,2.88358,,1084441.0
MUS,1993,1.863371,2.9185,,1097374.0
MUS,1994,1.847474,2.958413,,1112846.0
MUS,1995,1.832853,2.996762,,1122457.0
MUS,1996,1.819869,3.037358,0.184,1133996.0
MUS,1997,1.808398,3.079024,0.476,1148284.0
MUS,1998,1.797273,3.121793,2.57,1160421.0
MUS,1999,1.786069,3.165733,4.65,1175267.0
MUS,2000,1.775147,3.208881,7.28153511499385,1186873.0
MUS,2001,1.769003,3.395649,8.78090401892036,1196287.0
MUS,2002,1.7634,3.298751,10.252624671916,1204621.0
MUS,2003,1.76232,3.58211,12.1871062041308,1213370.0
MUS,2004,1.766139,3.46351,13.6890885885342,1221003.0
MUS,2005,1.770124,3.669833,15.1722002,1228254.0
MUS,2006,1.77514,3.723195,16.7,1233996.0
MUS,2007,1.779593,3.768091,20.22,1239630.0
MUS,2008,1.788713,3.755047,21.81,1244121.0
MUS,2009,1.801434,3.949731,22.51,1247429.0
MUS,2010,1.814976,3.934762,28.33,1250400.0
MUS,2011,1.828978,3.966849,34.95000076,1252404.0
MUS,2012,1.837735,4.12919,35.42,1255882.0
MUS,2013,1.846866,4.185272,40.116825135,1258927.0
MUS,2014,1.844899,4.226655,44.8032753683379,1261208.0
MUS,2015,1.839316,4.329882,50.1393184766711,1262879.0
MUS,2016,1.834339,4.204414,52.19129944,1263747.0
MUS,2017,1.821678,4.258405,55.4032403002657,1264887.0
MUS,2018,1.822935,4.232464,58.596169704299,1265577.0
MUS,2019,1.790744,4.188739,61.7299551453346,1265985.0
MUS,2020,1.978005,5.028376,67.73290684,1266014.0
MUS,2021,2.0574,5.283947,71.59999847,1266334.0
MUS,2022,2.044742,5.371177,75.5,1262523.0
MUS,2023,2.315649,5.494254,79.5,1248647.0
MWI,1990,2.590709,2.295873,0.0,9545852.0
MWI,1991,2.586,2.300245,,9844227.0
MWI,1992,2.580633,2.435634,,10135079.0
MWI,1993,2.573732,2.307405,,10284024.0
MWI,1994,2.567931,2.367422,,10164894.0
MWI,1995,2.566477,2.37028,,10150117.0
MWI,1996,2.563959,2.313742,,10352228.0
MWI,1997,2.556034,2.311814,0.00467,10562035.0
MWI,1998,2.54681,2.307706,0.0181,10792876.0
MWI,1999,2.537167,2.302858,0.0873,11047804.0
MWI,2000,2.526202,2.388125,0.126780944756387,11315942.0
MWI,2001,2.517339,2.388824,0.164020725330811,11593058.0
MWI,2002,2.511316,2.418374,0.21509472652259,11880440.0
MWI,2003,2.508548,2.371054,0.278815116302304,12181574.0
MWI,2004,2.508128,2.369717,0.347505334967577,12500737.0
MWI,2005,2.507254,2.320939,0.384499997,12840031.0
MWI,2006,2.508106,2.279745,0.425099999,13198701.0
MWI,2007,2.491399,2.283144,0.965864736553132,13576343.0
MWI,2008,2.504338,2.391926,0.7,13976417.0
MWI,2009,2.498398,2.296538,1.07,14395788.0
MWI,2010,2.532403,2.349502,2.26,14826463.0
MWI,2011,2.589205,2.450802,3.33,15265022.0
MWI,2012,2.660312,2.329326,4.350599766,15709577.0
MWI,2013,2.786458,2.488303,5.050000191,16161816.0
MWI,2014,2.857384,2.529526,5.829999924,16621538.0
MWI,2015,2.928059,2.554001,6.0,17085587.0
MWI,2016,3.037902,2.645321,6.300000191,17557739.0
MWI,2017,3.150868,2.686832,7.0,18039715.0
MWI,2018,3.284938,2.669335,8.798299789,18528081.0
MWI,2019,3.37881,2.726358,11.05860043,19025752.0
MWI,2020,4.350311,3.287271,13.89949989,19533888.0
MWI,2021,4.826888,3.263056,15.30300045,20047258.0
MWI,2022,4.799891,3.379241,16.84830093,20568728.0
MWI,2023,5.878917,3.352986,17.98810346,21104482.0
MYS,1990,1.630816,1.998571,0.0,17833171.0
MYS,1991,1.620023,2.01525,,18342464.0
MYS,1992,1.608568,1.986949,0.00105,18834572.0
MYS,1993,1.595646,2.003504,0.0255,19322664.0
MYS,1994,1.582197,2.019932,0.0996,19820446.0
MYS,1995,1.569737,2.037359,0.146,20330599.0
MYS,1996,1.558329,2.060078,0.852,20850087.0
MYS,1997,1.547871,2.18571,2.31,21375218.0
MYS,1998,1.537895,2.109994,6.75,21906713.0
MYS,1999,1.527759,2.187634,12.3,22435531.0
MYS,2000,1.517802,2.316524,21.3847311644538,22967816.0
MYS,2001,1.51343,2.310967,26.6959725007084,23526538.0
MYS,2002,1.510107,2.307255,32.3382043389359,24102477.0
MYS,2003,1.511868,2.523261,34.9711523397291,24679602.0
MYS,2004,1.518158,2.424119,42.2522656295248,25256772.0
MYS,2005,1.523648,2.592444,48.6291702459839,25836071.0
MYS,2006,1.528243,2.667024,51.6379889864403,26417909.0
MYS,2007,1.517056,2.736552,55.7,26998389.0
MYS,2008,1.523249,2.760579,55.8,27570059.0
MYS,2009,1.514499,2.947894,55.9,28124778.0
MYS,2010,1.513611,2.982606,56.3,28655776.0
MYS,2011,1.529343,3.044392,61.0,29162039.0
MYS,2012,1.564437,3.206826,65.8,29662831.0
MYS,2013,1.619366,3.344447,57.05751226,30174265.0
MYS,2014,1.659414,3.350117,63.6654258813225,30696137.0
MYS,2015,1.712781,3.489784,71.0640678111957,31232798.0
MYS,2016,1.751159,3.546862,78.7883099275229,31789685.0
MYS,2017,1.763133,3.539775,80.1404790103961,32355644.0
MYS,2018,1.765816,3.612636,81.2010486181174,32910967.0
MYS,2019,1.764189,3.617078,84.1871450078281,33440596.0
MYS,2020,1.9896,3.935942,89.55501192,33889558.0
MYS,2021,2.233607,4.551822,96.7514278,34282399.0
MYS,2022,2.161544,4.234174,97.3986404,34695493.0
MYS,2023,2.478358,4.143274,97.69272633,35126298.0
NAM,1990,2.742306,2.18733,0.0,1369303.0
NAM,1991,2.747957,2.269567,,1415684.0
NAM,1992,2.753988,2.098806,,1461322.0
NAM,1993,2.761934,2.108133,,1508697.0
NAM,1994,2.772362,2.113784,,1556304.0
NAM,1995,2.784097,2.073232,0.00617,1602170.0
NAM,1996,2.796995,2.179684,0.00903,1646103.0
NAM,1997,2.811106,2.08542,0.0588,1689264.0
NAM,1998,2.826214,2.26328,0.287,1732745.0
NAM,1999,2.842427,2.240292,0.336,1776368.0
NAM,2000,2.857872,2.294938,1.64473954726899,1818647.0
NAM,2001,2.871227,2.318687,2.41697944170998,1857048.0
NAM,2002,2.88418,2.320103,2.63369976876116,1889970.0
NAM,2003,2.894889,2.363241,3.35983988553801,1917464.0
NAM,2004,2.902963,2.23818,3.8047156152631,1942082.0
NAM,2005,2.909854,2.259488,4.010000229,1966582.0
NAM,2006,2.915725,2.232151,4.39887064732726,1991888.0
NAM,2007,2.916815,2.195268,4.83561077833704,2018600.0
NAM,2008,2.935352,2.21156,5.32900377208954,2047056.0
NAM,2009,2.956139,2.2269,6.5,2077394.0
NAM,2010,2.999844,2.241649,11.6,2109811.0
NAM,2011,3.08032,2.253966,12.0,2146325.0
NAM,2012,3.172161,2.365131,12.94139957,2194654.0
NAM,2013,3.271084,2.279627,13.89999962,2252508.0
NAM,2014,3.356038,2.442597,14.84000015,2312139.0
NAM,2015,3.433776,2.458019,25.68790054,2374300.0
NAM,2016,3.513292,2.361441,31.0333004,2439213.0
NAM,2017,3.59016,2.524547,36.83739853,2506853.0
NAM,2018,3.640622,2.384336,42.8207016,2577327.0
NAM,2019,3.718102,2.499592,49.77590179,2650494.0
NAM,2020,4.708187,2.925002,57.8608017,2728762.0
NAM,2021,5.034401,2.961085,60.25999832,2810548.0
NAM,2022,5.036476,3.037831,62.99720001,2889662.0
NAM,2023,6.148616,3.003909,63.69549942,2963095.0
NER,1990,2.732519,2.078067,0.0,8286059.0
NER,1991,2.774953,2.122424,,8546900.0
NER,1992,2.814349,2.186364,,8817633.0
NER,1993,2.86648,2.17005,,9100789.0
NER,1994,2.930341,2.182015,,9398258.0
NER,1995,2.989633,2.177474,,9714529.0
NER,1996,3.044158,2.168472,0.00104,10044852.0
NER,1997,3.095004,2.194085,0.00201,10383969.0
NER,1998,3.155189,2.194754,0.00291,10741413.0
NER,1999,3.226155,2.169913,0.0281,11117411.0
NER,2000,3.297217,2.158082,0.0362612938065891,11509630.0
NER,2001,3.338592,2.154724,0.10518543139701,11920647.0
NER,2002,3.382781,2.131724,0.127152468779619,12349144.0
NER,2003,3.406502,2.035444,0.155698703668983,12796984.0
NER,2004,3.409174,2.125548,0.189933733703092,13265836.0
NER,2005,3.41255,2.067322,0.221300006,13756192.0
NER,2006,3.417238,2.070985,0.294,14268581.0
NER,2007,3.399636,2.132281,0.390399992,14803610.0
NER,2008,3.392133,2.118871,0.7,15361915.0
NER,2009,3.318357,2.114236,0.76,15943675.0
NER,2010,3.282716,2.123384,0.829999983,16548835.0
NER,2011,3.28377,2.111179,0.9,17176283.0
NER,2012,3.297693,2.076631,1.049999952,17836769.0
NER,2013,3.409653,2.108638,1.149999976,18519898.0
NER,2014,3.520891,2.112264,1.24867568902241,19215909.0
NER,2015,3.683185,2.131373,2.476200104,19939498.0
NER,2016,3.872491,2.162511,4.322800159,20685753.0
NER,2017,4.058296,2.169635,10.2243115586561,21435446.0
NER,2018,4.274485,2.185429,10.74180031,22188069.0
NER,2019,4.434466,2.214914,11.28549957,22947757.0
NER,2020,5.91049,2.692928,11.85680008,23717613.0
NER,2021,5.923034,2.712077,12.45689964,24502140.0
NER,2022,6.231525,2.686098,13.08749962,25311973.0
NER,2023,7.268601,2.721564,12.98079967,26159867.0
NGA,1990,2.786284,2.50328,0.0,97120925.0
NGA,1991,2.815198,2.511081,,99720162.0
NGA,1992,2.842504,2.525723,,102372770.0
NGA,1993,2.883206,2.520321,,105122069.0
NGA,1994,2.937011,2.607773,,107935714.0
NGA,1995,2.988894,2.527618,,110819428.0
NGA,1996,3.038527,2.6757,0.00883,113754779.0
NGA,1997,3.086445,2.674329,0.0172,116754792.0
NGA,1998,3.143856,2.6615,0.0252,119846254.0
NGA,1999,3.211509,2.681592,0.041,123047320.0
NGA,2000,3.278475,2.784803,0.0640808079494101,126382494.0
NGA,2001,3.327333,2.739427,0.089901370457273,129862595.0
NGA,2002,3.377266,2.788036,0.320461975542327,133471989.0
NGA,2003,3.415676,2.761157,0.558576244860521,137202644.0
NGA,2004,3.442137,2.794332,1.28613764134527,141057045.0
NGA,2005,3.468884,2.784567,3.54915571796492,145017253.0
NGA,2006,3.49683,2.763591,5.54503608300536,149077334.0
NGA,2007,3.525167,2.788966,6.769999981,153267261.0
NGA,2008,3.585857,2.798691,8.0,157595014.0
NGA,2009,3.600176,2.739071,9.300000191,162049464.0
NGA,2010,3.656035,2.793909,11.5,166642886.0
NGA,2011,3.760215,2.740796,13.80000019,171379598.0
NGA,2012,3.854087,2.724514,16.10000038,176200625.0
NGA,2013,4.008886,2.762743,19.10000038,181049443.0
NGA,2014,4.220935,2.778841,21.0,185896915.0
NGA,2015,4.468339,2.785678,22.51420021,190671878.0
NGA,2016,4.699928,2.796412,24.13750076,195443700.0
NGA,2017,4.84591,2.839302,25.87789917,200254579.0
NGA,2018,4.951209,2.822815,27.74370003,204938755.0
NGA,2019,5.037165,2.845734,29.74410057,209485641.0
NGA,2020,6.369864,3.392923,31.88879967,213996181.0
NGA,2021,6.512186,3.445122,35.50979996,218529286.0
NGA,2022,6.841031,3.458206,39.14720154,223150896.0
NGA,2023,7.746428,3.515659,40.06399918,227882945.0
NIC,1990,3.24904,2.117072,0.0,4162559.0
NIC,1991,3.293667,2.086163,,4259637.0
NIC,1992,3.33865,2.119538,,4357026.0
NIC,1993,3.391686,2.108734,,4453732.0
NIC,1994,3.452855,2.121488,0.0132,4549316.0
NIC,1995,3.515527,2.144562,0.03,4642931.0
NIC,1996,3.580495,2.154816,0.0841,4729974.0
NIC,1997,3.648143,2.175542,0.206,4809573.0
NIC,1998,3.720101,2.066971,0.304,4883655.0
NIC,1999,3.800091,2.090113,0.498,4954018.0
NIC,2000,3.880981,2.166778,0.980216486692385,5022633.0
NIC,2001,3.952312,2.024146,1.44879942820716,5087825.0
NIC,2002,4.025011,2.09458,1.71472958428668,5149909.0
NIC,2003,4.089501,2.218307,1.88041253242301,5210963.0
NIC,2004,4.14518,2.084563,2.32066460863941,5272912.0
NIC,2005,4.199774,2.149754,2.566400051,5342105.0
NIC,2006,4.255176,2.164207,2.8055730627337,5418855.0
NIC,2007,4.308056,2.131555,3.900000095,5497243.0
NIC,2008,4.3598,2.143236,5.300000191,5576593.0
NIC,2009,4.400217,2.150723,7.300000191,5656601.0
NIC,2010,4.433338,2.159224,10.0,5737450.0
NIC,2011,4.47179,2.17239,10.6,5819051.0
NIC,2012,4.500386,2.183888,13.5,5901287.0
NIC,2013,4.524496,2.198362,15.5,5983845.0
NIC,2014,4.562268,2.341617,17.60000038,6066492.0
NIC,2015,4.602174,2.233254,19.70429993,6149417.0
NIC,2016,4.663953,2.309312,24.57180023,6232666.0
NIC,2017,4.701732,2.326157,30.39999962,6316231.0
NIC,2018,4.72964,2.444842,33.9129982,6400080.0
NIC,2019,4.720623,2.451653,39.01079941,6483657.0
NIC,2020,5.808279,3.143178,44.87490082,6565267.0
NIC,2021,5.8913,3.282274,51.62039948,6644741.0
NIC,2022,6.119826,3.181401,59.38000107,6730654.0
NIC,2023,7.128484,3.268687,60.30120087,6823613.0
NIU,1990,3.066547,2.092096,,
NIU,1991,3.075372,2.12508,,
NIU,1992,3.08246,2.162316,,
NIU,1993,3.080157,2.197417,,
NIU,1994,3.071868,2.230677,,
NIU,1995,3.062596,2.262505,,
NIU,1996,3.050982,2.295983,,
NIU,1997,3.037362,2.330691,,
NIU,1998,3.027965,2.363921,,
NIU,1999,3.021859,2.396538,,
NIU,2000,3.016863,2.42829,,
NIU,2001,3.016609,2.4612,,
NIU,2002,3.009165,2.495427,,
NIU,2003,3.006765,2.52948,,
NIU,2004,3.00925,2.560439,,
NIU,2005,3.011496,2.588161,,
NIU,2006,3.013998,2.613594,,
NIU,2007,3.021804,2.636786,,
NIU,2008,3.032842,2.659473,,
NIU,2009,3.057957,2.682163,,
NIU,2010,3.08674,2.704722,,
NIU,2011,3.111899,2.729876,,
NIU,2012,3.157262,2.756947,,
NIU,2013,3.206631,2.786141,,
NIU,2014,3.261818,2.816804,,
NIU,2015,3.328882,2.847683,,
NIU,2016,3.384999,2.876097,,
NIU,2017,3.4422,2.905953,,
NIU,2018,3.491006,2.934797,,
NIU,2019,3.5287,2.961975,,
NIU,2020,4.215951,3.494029,,
NIU,2021,4.429348,3.63134,,
NIU,2022,4.506383,3.549885,,
NIU,2023,5.223809,3.636247,,
NLD,1990,6.99226,5.254374,0.334,14951510.0
NLD,1991,6.942793,5.012681,0.531,15069798.0
NLD,1992,6.889107,4.989228,1.32,15184166.0
NLD,1993,6.832576,4.973902,1.97,15290368.0
NLD,1994,6.774921,4.848626,3.26,15382838.0
NLD,1995,6.717889,5.071545,6.47,15459006.0
NLD,1996,6.657974,4.813396,9.65,15530498.0
NLD,1997,6.58692,4.892339,14.1,15610650.0
NLD,1998,6.513735,4.855408,22.2,15707209.0
NLD,1999,6.448265,4.713533,39.2,15812088.0
NLD,2000,6.396686,4.798671,43.984351373138,15925513.0
NLD,2001,6.382295,4.912527,49.3730621073123,16046180.0
NLD,2002,6.369258,4.96388,61.29,16148929.0
NLD,2003,6.388474,4.860863,64.35,16225302.0
NLD,2004,6.439682,5.139796,68.52,16281779.0
NLD,2005,6.491312,4.837667,81.0,16319868.0
NLD,2006,6.508923,5.08707,83.7,16346101.0
NLD,2007,6.535497,5.177223,85.82,16381696.0
NLD,2008,6.549562,5.223266,87.42,16445593.0
NLD,2009,6.599991,5.399489,89.63,16530388.0
NLD,2010,6.656779,5.465455,90.72,16615394.0
NLD,2011,6.759264,5.271843,91.4199957622284,16693074.0
NLD,2012,6.928809,5.337251,92.859992359525,16754962.0
NLD,2013,7.067724,5.524919,93.9564,16804432.0
NLD,2014,7.236095,5.647882,91.6666666666667,16865008.0
NLD,2015,7.388578,5.453113,91.7241379310345,16939923.0
NLD,2016,7.549491,5.985872,90.4109589041096,17030314.0
NLD,2017,7.725311,5.671769,93.1972789115646,17131296.0
NLD,2018,7.924018,5.932215,91.8918918918919,17231624.0
NLD,2019,8.161184,5.745032,93.2885906040269,17344874.0
NLD,2020,10.09399,6.944119,91.33333333,17441500.0
NLD,2021,10.314752,7.011208,92.05298013,17533044.0
NLD,2022,10.984506,6.811252,92.51968504,17700982.0
NLD,2023,12.639733,7.220879,97.00680272,17877117.0
NOR,1990,6.354384,2.957198,0.707,4241473.0
NOR,1991,6.299318,2.988645,1.41,4261732.0
NOR,1992,6.243013,2.952618,2.22,4286401.0
NOR,1993,6.190015,2.969185,2.78,4311991.0
NOR,1994,6.142618,2.974749,4.15,4336613.0
NOR,1995,6.095409,2.964026,6.42,4359184.0
NOR,1996,6.049179,2.967391,18.3,4381336.0
NOR,1997,6.002822,2.970997,20.4,4405157.0
NOR,1998,5.962807,2.976537,22.6,4431464.0
NOR,1999,5.928002,3.013634,40.0,4461913.0
NOR,2000,5.895369,2.990349,52.0,4490967.0
NOR,2001,5.876695,3.035011,64.0,4513751.0
NOR,2002,5.859893,3.020468,72.84,4538159.0
NOR,2003,5.859472,3.02425,78.13,4564855.0
NOR,2004,5.874985,3.031463,77.69,4591910.0
NOR,2005,5.89144,3.027658,81.99,4623291.0
NOR,2006,5.903061,3.033793,82.55,4660677.0
NOR,2007,5.891986,3.048693,86.93,4709153.0
NOR,2008,5.881709,3.060955,90.57,4768212.0
NOR,2009,5.942488,3.078213,92.08,4828726.0
NOR,2010,5.972611,3.135515,93.39,4889252.0
NOR,2011,6.070276,3.161872,93.4899826515194,4953088.0
NOR,2012,6.240795,3.122909,94.6499780533304,5018573.0
NOR,2013,6.380504,3.15617,95.0534,5079623.0
NOR,2014,6.449069,3.136411,96.3005098242892,5137232.0
NOR,2015,6.485531,3.117159,96.810325691365,5188607.0
NOR,2016,6.571083,3.135117,97.2982036675068,5234519.0
NOR,2017,6.729502,3.155061,96.3576012951191,5276968.0
NOR,2018,6.883189,3.175869,96.4916579887094,5311916.0
NOR,2019,6.980477,3.195652,98.0000043853142,5347896.0
NOR,2020,7.950554,3.641722,94.60755647,5379475.0
NOR,2021,8.092425,3.693514,99.0000036,5408320.0
NOR,2022,8.41591,3.6441,98.99997764,5457127.0
NOR,2023,9.306958,3.734952,99.00000258,5519601.0
NPL,1990,1.970604,2.306214,0.0,19524573.0
NPL,1991,1.971783,2.290516,0.0,20036500.0
NPL,1992,1.973713,2.361815,0.0,20609707.0
NPL,1993,1.977506,2.401595,0.0,21180159.0
NPL,1994,1.983326,2.41003,0.0,21717479.0
NPL,1995,1.990049,2.323479,0.000925,22245439.0
NPL,1996,1.997173,2.462694,0.00451,22741862.0
NPL,1997,2.00514,2.428231,0.022,23219463.0
NPL,1998,2.01514,2.482357,0.0644,23680357.0
NPL,1999,2.027494,2.562091,0.147,24125199.0
NPL,2000,2.040679,2.594978,0.204651683653029,24546509.0
NPL,2001,2.055247,2.629455,0.240015303375743,24946748.0
NPL,2002,2.071651,2.674803,0.312956060108532,25328981.0
NPL,2003,2.090306,2.69062,0.382810917017044,25688758.0
NPL,2004,2.110375,2.732212,0.449843651215974,26016656.0
NPL,2005,2.131449,2.755859,0.82655126590551,26309458.0
NPL,2006,2.153139,2.762863,1.14138916388191,26565425.0
NPL,2007,2.179148,2.712088,1.41,26788492.0
NPL,2008,2.209132,2.774326,1.73,26990037.0
NPL,2009,2.252521,2.730048,1.97,27173035.0
NPL,2010,2.300888,2.750227,7.93,27341952.0
NPL,2011,2.361147,2.77331,9.0,27464494.0
NPL,2012,2.452584,2.781929,11.14929962,27534915.0
NPL,2013,2.542594,2.787628,13.30000019,27589996.0
NPL,2014,2.647254,2.796824,15.43999958,27672370.0
NPL,2015,2.783568,2.801138,17.58160019,27823629.0
NPL,2016,2.915503,2.808102,20.70000076,27955462.0
NPL,2017,3.045452,2.826796,24.3,28011258.0
NPL,2018,3.144304,2.844076,28.60000038,28079689.0
NPL,2019,3.229842,2.853317,33.33660126,28414064.0
NPL,2020,4.107308,3.380962,36.96530151,28966574.0
NPL,2021,4.347346,3.445189,40.98910141,29475010.0
NPL,2022,4.476177,3.366072,45.45080185,29715436.0
NPL,2023,5.343392,3.448845,45.80680084,29694614.0
NRU,1990,2.913809,1.757092,0.0,9622.0
NRU,1991,2.907881,1.76564,,9850.0
NRU,1992,2.90269,1.775845,,10021.0
NRU,1993,2.896086,1.787868,,10102.0
NRU,1994,2.887597,1.801335,,10137.0
NRU,1995,2.879307,1.816526,,10165.0
NRU,1996,2.869945,1.834226,,10183.0
NRU,1997,2.859311,1.852465,,10197.0
NRU,1998,2.845746,1.871558,,10198.0
NRU,1999,2.83006,1.891109,,10187.0
NRU,2000,2.813811,1.910201,,10168.0
NRU,2001,2.805909,1.929939,2.98715523250025,10130.0
NRU,2002,2.797631,1.948083,,10082.0
NRU,2003,2.797713,1.96473,,10059.0
NRU,2004,2.80699,1.980874,,10060.0
NRU,2005,2.816747,1.996225,,10049.0
NRU,2006,2.827137,2.013001,,10034.0
NRU,2007,2.841568,2.030289,,10020.0
NRU,2008,2.857526,2.048557,,10009.0
NRU,2009,2.886647,2.068041,,10016.0
NRU,2010,2.918343,2.088395,,10043.0
NRU,2011,2.944029,2.11078,54.0,10098.0
NRU,2012,2.989452,2.135406,,10267.0
NRU,2013,3.037401,2.162379,,10517.0
NRU,2014,3.090189,2.191285,,10742.0
NRU,2015,3.155603,2.221645,,10954.0
NRU,2016,3.211328,2.250824,,11150.0
NRU,2017,3.270625,2.281901,62.38510132,11324.0
NRU,2018,3.32236,2.312944,,11477.0
NRU,2019,3.362497,2.343583,74.73789978,11587.0
NRU,2020,4.1014,2.843943,77.46659851,11643.0
NRU,2021,4.319615,2.969877,80.29499817,11709.0
NRU,2022,4.37986,2.897452,83.22660065,11801.0
NRU,2023,5.115437,2.97673,83.03970337,11875.0
NZL,1990,8.108874,3.188878,0.0,3329800.0
NZL,1991,8.155492,3.196703,,3495100.0
NZL,1992,8.203153,3.202991,0.286,3531700.0
NZL,1993,8.262869,3.209022,0.631,3572200.0
NZL,1994,8.338968,3.216214,3.17,3620000.0
NZL,1995,8.418222,3.223064,4.88,3673400.0
NZL,1996,8.498957,3.228523,8.04,3732000.0
NZL,1997,8.581244,3.229927,14.6,3781300.0
NZL,1998,8.668558,3.232745,31.6,3815000.0
NZL,1999,8.75561,3.238453,41.5,3835100.0
NZL,2000,8.843918,3.251418,47.3795565432096,3857700.0
NZL,2001,8.927511,3.265826,53.2410152941279,3880500.0
NZL,2002,9.017567,3.282449,59.0807532812931,3948500.0
NZL,2003,9.134663,3.304282,60.9625398663824,4027200.0
NZL,2004,9.24496,3.321386,61.8476278106481,4087500.0
NZL,2005,9.3398,3.333048,62.72019958,4133900.0
NZL,2006,9.418345,3.344726,69.0,4184600.0
NZL,2007,9.474812,3.361526,69.76000214,4223800.0
NZL,2008,9.519378,3.3798,72.02999878,4259800.0
NZL,2009,9.544836,3.39482,79.7,4302600.0
NZL,2010,9.547975,3.405107,80.45999908,4350700.0
NZL,2011,9.531154,3.409459,81.23000336,4384000.0
NZL,2012,9.518562,3.41275,81.644470179502,4408100.0
NZL,2013,9.474314,3.415536,82.77999878,4442100.0
NZL,2014,9.425765,3.418451,84.0,4516500.0
NZL,2015,9.342135,3.424839,85.19999695,4609400.0
NZL,2016,9.307426,3.432727,86.5,4714100.0
NZL,2017,9.284072,3.440611,87.69999695,4813600.0
NZL,2018,9.276939,3.447532,89.0,4900600.0
NZL,2019,9.24525,3.454031,89.86370087,4970300.0
NZL,2020,9.954838,3.820045,90.92099762,5072400.0
NZL,2021,9.911045,3.820378,91.99060059,5084600.0
NZL,2022,10.238771,3.791218,93.07289886,5081700.0
NZL,2023,10.770272,3.815215,93.32610321,5200000.0
OMN,1990,4.337112,2.294182,0.0,1763954.0
OMN,1991,4.368982,2.303577,,1851473.0
OMN,1992,4.40555,2.31565,,1938238.0
OMN,1993,4.443054,2.330926,,2021675.0
OMN,1994,4.481985,2.350008,,2081834.0
OMN,1995,4.525778,2.374174,,2120528.0
OMN,1996,4.575523,2.404535,0.0,2156926.0
OMN,1997,4.629457,2.440758,0.44,2190720.0
OMN,1998,4.68321,2.482065,0.863,2222489.0
OMN,1999,4.733705,2.527084,2.52,2252909.0
OMN,2000,4.778434,2.574339,3.52042141651097,2282131.0
OMN,2001,4.808688,2.623886,5.89384152148671,2310217.0
OMN,2002,4.83251,2.674644,6.87339603918545,2337140.0
OMN,2003,4.836912,2.725109,7.25574294536556,2363796.0
OMN,2004,4.818987,2.772816,6.75885217024525,2404821.0
OMN,2005,4.78603,2.815643,6.683599949,2459802.0
OMN,2006,4.74062,2.855215,8.299699783,2514795.0
OMN,2007,4.690868,2.889863,16.68,2570174.0
OMN,2008,4.620267,2.920441,20.0,2626529.0
OMN,2009,4.53945,3.074729,26.79999924,2684659.0
OMN,2010,4.453693,2.968616,35.8278,2757446.0
OMN,2011,4.349956,3.046076,48.0,3076763.0
OMN,2012,4.27557,3.06054,60.0,3547106.0
OMN,2013,4.188529,3.011671,66.45,3833913.0
OMN,2014,4.119411,3.02117,70.22000122,4002439.0
OMN,2015,4.080843,3.029802,73.52999878,4184895.0
OMN,2016,4.02814,3.038864,76.8453904741456,4390877.0
OMN,2017,3.975968,3.048364,80.18560028,4537396.0
OMN,2018,3.906771,3.103527,85.5,4597877.0
OMN,2019,3.845165,3.116311,90.25939941,4591241.0
OMN,2020,4.666575,3.837712,95.23229321,4522497.0
OMN,2021,4.711781,4.088546,95.23880005,4500424.0
OMN,2022,4.799097,3.77116,95.24530029,4730226.0
OMN,2023,5.58546,3.971001,95.25170135,5049269.0
PAK,1990,2.386018,2.913291,0.0,116155576.0
PAK,1991,2.389788,2.893911,,120060406.0
PAK,1992,2.39353,2.896827,,123546848.0
PAK,1993,2.398706,2.923507,,127020117.0
PAK,1994,2.405512,2.940729,,130748083.0
PAK,1995,2.412896,3.012424,0.000123,134582253.0
PAK,1996,2.420993,2.972507,0.00299,138557092.0
PAK,1997,2.430444,3.034042,0.0275,142531804.0
PAK,1998,2.441986,3.048184,0.0439,146522356.0
PAK,1999,2.455401,3.084418,0.0554,150565377.0
PAK,2000,2.468185,3.079937,,154879127.0
PAK,2001,2.481443,3.087183,1.31855077925626,159270907.0
PAK,2002,2.496211,3.128585,2.57742673683831,163222549.0
PAK,2003,2.511901,3.133192,5.04115812592502,167110248.0
PAK,2004,2.527224,3.160117,6.16432098534156,171286000.0
PAK,2005,2.541068,3.183037,6.332300186,175453212.0
PAK,2006,2.57725,3.249593,6.5,179682690.0
PAK,2007,2.607481,3.257205,6.800000191,184493231.0
PAK,2008,2.656185,3.303932,7.0,189499113.0
PAK,2009,2.722323,3.373868,7.5,194376534.0
PAK,2010,2.767489,3.388752,8.0,199239047.0
PAK,2011,2.8025,3.40769,8.0,203746065.0
PAK,2012,2.820115,3.438768,8.100000381,207667125.0
PAK,2013,2.840462,3.447645,9.0,211073978.0
PAK,2014,2.869465,3.467523,10.0,214264647.0
PAK,2015,2.887464,3.48528,11.0,217290883.0
PAK,2016,2.900381,3.497759,12.385446763381,220138869.0
PAK,2017,2.922064,3.500647,13.77999973,223273967.0
PAK,2018,2.964682,3.512592,15.34000015,226928892.0
PAK,2019,2.990153,3.510971,17.070901719916,230800899.0
PAK,2020,3.853675,4.35023,18.935,235001746.0
PAK,2021,3.918645,4.374899,,239477801.0
PAK,2022,4.102533,4.276636,,243700667.0
PAK,2023,4.921207,4.374472,,247504495.0
PAN,1990,2.516181,2.399069,0.0,2455583.0
PAN,1991,2.543641,2.435374,,2508265.0
PAN,1992,2.571411,2.444489,,2561336.0
PAN,1993,2.604791,2.300578,,2615099.0
PAN,1994,2.643426,2.464771,0.00764,2669546.0
PAN,1995,2.681192,2.393575,0.0561,2724557.0
PAN,1996,2.718286,2.427301,0.22,2780227.0
PAN,1997,2.754939,2.498821,0.539,2836695.0
PAN,1998,2.79541,2.366083,2.75,2893914.0
PAN,1999,2.840367,2.381838,3.84,2951822.0
PAN,2000,2.885656,2.32066,6.55479647729549,3010369.0
PAN,2001,2.92513,2.26486,7.26839987788729,3069537.0
PAN,2002,2.966037,2.27483,8.51807781515595,3129344.0
PAN,2003,3.000745,2.282239,9.98742407723405,3189807.0
PAN,2004,3.028891,2.288404,11.1408625409415,3251155.0
PAN,2005,3.05616,2.2925,11.48400021,3313026.0
PAN,2006,3.082108,2.292994,17.34959984,3375024.0
PAN,2007,3.072831,2.295696,22.29,3437490.0
PAN,2008,3.086879,2.296836,33.82,3500648.0
PAN,2009,3.07173,2.409951,39.08,3564381.0
PAN,2010,3.065903,2.295845,40.1,3628535.0
PAN,2011,3.113862,2.355584,42.7,3693505.0
PAN,2012,3.19552,2.363336,40.3018952210488,3759256.0
PAN,2013,3.293841,2.320565,44.03,3825329.0
PAN,2014,3.360177,2.334897,44.9238152577893,3892101.0
PAN,2015,3.414515,2.348325,51.2054249948687,3960035.0
PAN,2016,3.483392,2.364091,54.0,4029086.0
PAN,2017,3.560654,2.378818,59.9506309038683,4098707.0
PAN,2018,3.624904,2.510422,61.8055313202468,4167860.0
PAN,2019,3.661921,2.406503,63.6284147731451,4234700.0
PAN,2020,4.516464,3.237728,64.82430267,4293261.0
PAN,2021,4.55113,3.190892,66.04270172,4345405.0
PAN,2022,4.816921,3.158302,67.2838974,4400773.0
PAN,2023,5.592524,3.318791,68.54851592,4458759.0
PER,1990,6.306746,2.738679,0.0,22014771.0
PER,1991,6.346483,2.758467,,22483775.0
PER,1992,6.389262,2.774579,,22946340.0
PER,1993,6.430431,2.780335,,23413783.0
PER,1994,6.473164,2.78325,0.0085,23881493.0
PER,1995,6.518196,2.788543,0.0334,24348919.0
PER,1996,6.564198,2.783031,0.246,24811171.0
PER,1997,6.611972,2.789423,0.403,25274147.0
PER,1998,6.663261,2.779072,1.19,25738095.0
PER,1999,6.716896,2.799124,1.95,26186504.0
PER,2000,6.772082,2.769298,3.07643061137675,26598331.0
PER,2001,6.822989,2.796671,7.57876295717419,26964601.0
PER,2002,6.875644,2.791756,8.96694917040028,27288217.0
PER,2003,6.923746,2.79515,11.6,27580490.0
PER,2004,6.964344,2.792564,14.1,27852190.0
PER,2005,7.004545,2.819036,17.10000038,28101180.0
PER,2006,7.039792,2.812246,20.70000076,28324491.0
PER,2007,7.037051,2.833076,25.20000076,28530699.0
PER,2008,7.033439,2.847526,30.57,28719041.0
PER,2009,6.99123,2.858324,31.4,28896811.0
PER,2010,6.941697,2.861722,34.77,29086019.0
PER,2011,6.918671,2.860737,36.01,29304086.0
PER,2012,6.928097,2.872129,38.2,29550366.0
PER,2013,6.954777,2.840136,39.2,29817919.0
PER,2014,6.956236,2.863906,40.2446560091704,30115826.0
PER,2015,6.94464,2.853234,40.8526009090468,30457600.0
PER,2016,6.893041,2.863072,45.4617406869459,30866494.0
PER,2017,6.881881,2.888203,50.4504121848143,31324637.0
PER,2018,6.905173,2.886544,55.0543342443197,31897584.0
PER,2019,6.934008,2.897597,59.9505036049006,32449303.0
PER,2020,8.695889,3.628802,65.25179796,32838579.0
PER,2021,8.689995,3.730235,71.10782643,33155882.0
PER,2022,8.961621,3.614285,74.67495213,33475438.0
PER,2023,10.587504,3.713127,79.48484477,33845617.0
PHL,1990,2.171741,1.58682,0.0,62854666.0
PHL,1991,2.153993,1.598414,,64382249.0
PHL,1992,2.13647,1.589715,,65926125.0
PHL,1993,2.117285,1.593521,,67530621.0
PHL,1994,2.096937,1.619658,0.00584,69019291.0
PHL,1995,2.077273,1.620424,0.0286,70546246.0
PHL,1996,2.058266,1.633474,0.0559,72190242.0
PHL,1997,2.039889,1.647046,0.137,73908810.0
PHL,1998,2.02186,1.673069,1.1,75791024.0
PHL,1999,2.004078,1.676406,1.43,77753257.0
PHL,2000,1.986793,1.704735,1.98225319605827,79625397.0
PHL,2001,1.976737,1.73108,2.52400566008269,81401488.0
PHL,2002,1.967216,1.749151,4.33227574643007,83068889.0
PHL,2003,1.965068,1.780566,4.85767226708512,84731835.0
PHL,2004,1.969859,1.812559,5.2436284521711,86394504.0
PHL,2005,1.9747,1.8305,5.397600174,88015962.0
PHL,2006,1.979838,1.870756,5.74058632534702,89508986.0
PHL,2007,1.9876,1.897299,5.97,91075184.0
PHL,2008,1.991987,1.933403,6.22,92699095.0
PHL,2009,1.994679,1.980482,9.0,94384250.0
PHL,2010,1.999248,2.006413,25.0,96337125.0
PHL,2011,2.00206,2.0346,29.0,98248614.0
PHL,2012,2.000007,2.067106,30.79999924,100175512.0
PHL,2013,2.022075,2.09546,32.70000076,102076336.0
PHL,2014,2.05535,2.115965,34.70000076,103767130.0
PHL,2015,2.074026,2.145666,36.90000153,105312992.0
PHL,2016,2.07511,2.177283,39.20000076,106735719.0
PHL,2017,2.089344,2.208806,41.59999847,108119693.0
PHL,2018,2.117515,2.244036,44.09999847,109465287.0
PHL,2019,2.150851,2.283265,43.0266118680279,110804683.0
PHL,2020,2.619839,2.685715,53.76490021,112081264.0
PHL,2021,2.822301,2.881085,66.90779877,113100950.0
PHL,2022,2.800525,2.781737,75.21114422,113964338.0
PHL,2023,3.307071,2.845032,77.86699677,114891199.0
PLW,1990,3.100215,2.132581,0.0,15259.0
PLW,1991,3.072445,2.162576,,15614.0
PLW,1992,3.044277,2.191014,,15989.0
PLW,1993,3.013804,2.219273,,16372.0
PLW,1994,2.98309,2.2474,,16770.0
PLW,1995,2.954984,2.275273,,17195.0
PLW,1996,2.929733,2.302414,,17654.0
PLW,1997,2.908475,2.329711,,18108.0
PLW,1998,2.889441,2.359071,,18524.0
PLW,1999,2.874268,2.390186,,18901.0
PLW,2000,2.86378,2.421241,,19178.0
PLW,2001,2.865988,2.451853,,19352.0
PLW,2002,2.871575,2.482315,20.243939470621,19503.0
PLW,2003,2.885333,2.514348,21.6015271777354,19659.0
PLW,2004,2.906183,2.54783,26.9703326341025,19820.0
PLW,2005,2.924826,2.580492,,19819.0
PLW,2006,2.939129,2.611435,,19593.0
PLW,2007,2.952452,2.640546,,19302.0
PLW,2008,2.962274,2.669719,,19009.0
PLW,2009,2.981258,2.699526,,18709.0
PLW,2010,3.000673,2.729653,,18396.0
PLW,2011,3.01362,2.761719,,18078.0
PLW,2012,3.044965,2.79599,,17765.0
PLW,2013,3.080622,2.835302,,17648.0
PLW,2014,3.124285,2.878497,,17715.0
PLW,2015,3.182517,2.922748,,17770.0
PLW,2016,3.232262,2.962381,,17797.0
PLW,2017,3.286369,3.001622,,17812.0
PLW,2018,3.334868,3.038929,,17814.0
PLW,2019,3.373017,3.073719,,17798.0
PLW,2020,4.020912,3.634051,,17792.0
PLW,2021,4.211352,3.779089,,17783.0
PLW,2022,4.289134,3.703359,82.56749725,17759.0
PLW,2023,4.959773,3.801559,82.91629791,17727.0
PNG,1990,2.847331,1.769748,0.0,3896481.0
PNG,1991,2.840991,1.817822,,4021837.0
PNG,1992,2.834552,1.888432,,4166699.0
PNG,1993,2.82535,1.892076,,4320872.0
PNG,1994,2.813645,1.898414,,4480208.0
PNG,1995,2.802336,1.918248,,4644278.0
PNG,1996,2.791339,1.936073,0.00207,4813361.0
PNG,1997,2.780746,1.92692,0.101,4987883.0
PNG,1998,2.768852,1.966515,0.235,5166390.0
PNG,1999,2.757332,1.863897,0.667,5349333.0
PNG,2000,2.746519,1.876335,0.835249302427624,5537064.0
PNG,2001,2.74514,1.940927,0.904103545170821,5728435.0
PNG,2002,2.744712,1.814574,1.3216569348661,5924003.0
PNG,2003,2.753288,1.877911,1.37440466802801,6123997.0
PNG,2004,2.770609,1.900146,1.5079127722725,6328041.0
PNG,2005,2.787316,1.879186,1.71619047556782,6535905.0
PNG,2006,2.802093,1.902512,1.754487260668,6747720.0
PNG,2007,2.817756,1.926031,1.790599942,6963345.0
PNG,2008,2.831462,1.953149,1.15,7183002.0
PNG,2009,2.855278,1.979231,1.61,7406438.0
PNG,2010,2.879767,2.003673,1.28,7633523.0
PNG,2011,2.895738,2.029418,2.0,7859346.0
PNG,2012,2.928362,2.054169,3.5,8081390.0
PNG,2013,2.961827,2.078303,5.099999905,8302698.0
PNG,2014,2.99972,2.102045,6.5,8523441.0
PNG,2015,3.049899,2.125062,7.900000095,8743246.0
PNG,2016,3.090843,2.249289,9.601499557,8961718.0
PNG,2017,3.135963,2.164341,11.20919991,9178714.0
PNG,2018,3.174653,2.230983,12.35789967,9394513.0
PNG,2019,3.203378,2.380467,13.62419987,9609010.0
PNG,2020,3.717382,2.560634,15.02040005,9815746.0
PNG,2021,3.944642,2.986185,16.55960083,10012896.0
PNG,2022,3.966921,2.825904,18.25659943,10203169.0
PNG,2023,4.490459,2.857152,18.56130028,10389635.0
POL,1990,3.525804,2.517086,0.0,38110782.0
POL,1991,3.542062,2.518199,0.00523,38246193.0
POL,1992,3.557593,2.555375,0.0521,38363667.0
POL,1993,3.574546,2.550524,0.13,38461408.0
POL,1994,3.592316,2.570215,0.389,38542652.0
POL,1995,3.609398,2.5874,0.648,38594998.0
POL,1996,3.625287,2.606893,1.3,38624370.0
POL,1997,3.639309,2.632684,2.07,38649660.0
POL,1998,3.652629,2.639091,4.1,38663481.0
POL,1999,3.665108,2.667821,5.46,38660271.0
POL,2000,3.674931,2.680472,7.2854287080601,38258629.0
POL,2001,3.686519,2.687637,9.9006697073534,38248076.0
POL,2002,3.696566,2.70317,21.15,38230364.0
POL,2003,3.709125,2.717772,24.87,38204570.0
POL,2004,3.723856,2.840348,32.53,38182222.0
POL,2005,3.736686,2.742616,38.81,38165445.0
POL,2006,3.734865,2.809824,44.58,38141267.0
POL,2007,3.73277,2.82266,48.6,38120560.0
POL,2008,3.734931,2.823787,53.13,38125759.0
POL,2009,3.726491,2.781185,58.97,38151603.0
POL,2010,3.729202,2.815728,62.32,38042794.0
POL,2011,3.747697,2.926515,61.94999896898,38063255.0
POL,2012,3.758284,2.805238,62.3099972714691,38063164.0
POL,2013,3.745073,2.869926,62.8492,38040196.0
POL,2014,3.712197,2.882143,66.5987360557248,38011735.0
POL,2015,3.697582,2.877078,67.9969871556415,37986412.0
POL,2016,3.67046,2.855009,73.3007040962669,37970087.0
POL,2017,3.630615,2.881884,75.9853659493832,37974826.0
POL,2018,3.580521,2.892688,77.5417345350006,37974750.0
POL,2019,3.519163,2.885096,80.4359068768673,37965475.0
POL,2020,4.051403,3.374297,83.18488715,37515748.0
POL,2021,4.122377,3.425784,85.37490906,36981559.0
POL,2022,4.192432,3.383795,86.94113479,36821749.0
POL,2023,4.775807,3.41201,86.414744,36687353.0
PRI,1990,5.117163,3.098015,0.0,3537000.0
PRI,1991,5.176627,3.136329,,3562110.0
PRI,1992,5.236176,3.323231,,3585176.0
PRI,1993,5.299967,3.208396,,3615497.0
PRI,1994,5.368475,3.313565,0.0273,3649237.0
PRI,1995,5.437944,3.346693,0.135,3683103.0
PRI,1996,5.50727,3.306356,0.268,3724655.0
PRI,1997,5.577642,3.559972,1.33,3759430.0
PRI,1998,5.651807,3.370428,2.65,3781101.0
PRI,1999,5.728498,3.66698,5.27,3800081.0
PRI,2000,5.806582,3.540011,10.4746482089399,3810605.0
PRI,2001,5.880978,3.540034,15.6300309162012,3818774.0
PRI,2002,5.956617,3.572184,17.5476475654777,3823701.0
PRI,2003,6.028974,3.691815,19.7070256578252,3826095.0
PRI,2004,6.096711,3.748457,22.1307382347014,3826878.0
PRI,2005,6.162436,3.865244,23.4000504486583,3821362.0
PRI,2006,6.22644,3.981299,25.4424182102582,3805214.0
PRI,2007,6.284139,4.042015,27.86,3782995.0
PRI,2008,6.339444,4.035397,38.0,3760866.0
PRI,2009,6.396236,4.06367,41.5,3740410.0
PRI,2010,6.449861,3.902837,45.3,3724465.0
PRI,2011,6.506084,4.104989,48.0,3693464.0
PRI,2012,6.596416,4.026262,68.9999826014151,3661045.0
PRI,2013,6.671603,4.054046,68.999990004,3631427.0
PRI,2014,6.739567,4.005565,76.1338597201667,3585017.0
PRI,2015,6.808039,4.023231,63.4663353848474,3535167.0
PRI,2016,6.869502,3.959543,68.6438071976518,3480432.0
PRI,2017,6.917143,4.044938,68.7407731407209,3410837.0
PRI,2018,6.951267,4.189987,70.8563997424362,3290690.0
PRI,2019,6.978995,4.325935,77.7364393708352,3302691.0
PRI,2020,7.882172,5.206902,,3281591.0
PRI,2021,7.99495,5.337603,84.78666399,3262731.0
PRI,2022,8.220288,5.295853,87.29178106,3220148.0
PRI,2023,9.025631,5.183679,,3203794.0
PRK,1990,2.954212,2.498665,0.0,21112137.0
PRK,1991,2.928607,2.511767,,21428638.0
PRK,1992,2.905476,2.524485,,21750911.0
PRK,1993,2.874033,2.535005,,22073352.0
PRK,1994,2.834609,2.63066,,22393975.0
PRK,1995,2.800703,2.555401,,22669304.0
PRK,1996,2.771847,2.612814,,22895746.0
PRK,1997,2.745418,2.630816,0.0,23110830.0
PRK,1998,2.713067,2.609587,0.0,23311564.0
PRK,1999,2.67295,2.631436,0.0,23497599.0
PRK,2000,2.632662,2.654424,0.0,23665910.0
PRK,2001,2.606766,2.682457,0.0,23815358.0
PRK,2002,2.582863,2.712482,0.0,23943973.0
PRK,2003,2.568797,2.743116,0.0,24090380.0
PRK,2004,2.562835,2.776242,0.0,24254943.0
PRK,2005,2.55415,2.809175,,24396433.0
PRK,2006,2.543201,2.847233,,24524507.0
PRK,2007,2.557348,2.886074,,24646383.0
PRK,2008,2.561138,2.927191,,24764618.0
PRK,2009,2.591867,2.970162,,24878332.0
PRK,2010,2.619817,3.011568,,24987258.0
PRK,2011,2.638213,3.066625,,25097874.0
PRK,2012,2.646021,3.121512,,25211728.0
PRK,2013,2.65703,3.183308,,25329451.0
PRK,2014,2.723914,3.252313,,25451262.0
PRK,2015,2.813494,3.321158,,25575350.0
PRK,2016,2.86942,3.491158,,25698326.0
PRK,2017,2.940473,3.461765,,25817709.0
PRK,2018,2.995004,3.581831,,25931147.0
PRK,2019,3.078825,3.804295,,26037632.0
PRK,2020,3.688821,4.099456,,26136312.0
PRK,2021,3.560323,4.074089,,26232534.0
PRK,2022,3.869188,4.272762,,26328845.0
PRK,2023,4.232238,4.321294,,26418204.0
PRT,1990,8.031975,3.757183,0.0,9983218.0
PRT,1991,8.053031,3.850977,0.1,9960235.0
PRT,1992,8.071347,3.77614,0.25,9952494.0
PRT,1993,8.100977,3.712596,0.45,9964675.0
PRT,1994,8.142295,3.892026,0.719,9991525.0
PRT,1995,8.1806,3.889884,1.49,10026176.0
PRT,1996,8.212677,3.827506,2.98,10063945.0
PRT,1997,8.240621,4.074442,4.95,10108977.0
PRT,1998,8.277896,3.838509,9.87,10160196.0
PRT,1999,8.324367,4.008815,14.7,10217828.0
PRT,2000,8.368544,3.860728,16.4304676923534,10289898.0
PRT,2001,8.417078,3.872386,18.0871365595338,10362722.0
PRT,2002,8.466792,4.044984,19.37,10419631.0
PRT,2003,8.52974,3.816971,29.67,10458821.0
PRT,2004,8.604479,4.064192,31.78,10483861.0
PRT,2005,8.677399,3.914177,34.99,10503330.0
PRT,2006,8.769616,3.928778,38.01,10522288.0
PRT,2007,8.800176,3.945298,42.09,10542964.0
PRT,2008,8.883631,4.048244,44.13,10558177.0
PRT,2009,8.952873,3.906638,48.27,10568247.0
PRT,2010,8.985308,4.007556,53.3,10573100.0
PRT,2011,9.079184,4.203149,55.2499968797194,10557560.0
PRT,2012,9.22657,3.984093,60.3399974868057,10514844.0
PRT,2013,9.394753,4.095596,62.0956,10457295.0
PRT,2014,9.559091,4.131573,64.5924200648949,10401062.0
PRT,2015,9.650149,4.086403,68.6328614804299,10358076.0
PRT,2016,9.726956,4.116526,70.423567088723,10325452.0
PRT,2017,9.78998,4.143177,73.7912139515729,10300300.0
PRT,2018,9.86959,4.171315,74.6609681487507,10283822.0
PRT,2019,9.935605,4.374764,75.3463779408712,10286263.0
PRT,2020,11.660888,5.214111,78.26166044,10297081.0
PRT,2021,11.898302,5.10914,82.30902804,10361831.0
PRT,2022,12.304769,5.145098,84.49690644,10434332.0
PRT,2023,13.828445,5.146391,85.79012676,10578174.0
PRY,1990,5.30147,2.664246,0.0,4035747.0
PRY,1991,5.374649,2.565161,,4144364.0
PRY,1992,5.450793,2.564404,,4253600.0
PRY,1993,5.544432,2.479029,,4362696.0
PRY,1994,5.656076,2.57236,,4471417.0
PRY,1995,5.770883,2.591574,,4579806.0
PRY,1996,5.888196,2.514196,0.0204,4687543.0
PRY,1997,6.008214,2.719971,0.0996,4794412.0
PRY,1998,6.140469,2.536677,0.195,4900025.0
PRY,1999,6.285379,2.666559,0.382,5003135.0
PRY,2000,6.432611,2.545442,0.747630711548184,5100868.0
PRY,2001,6.550124,2.55994,1.09879383569333,5187689.0
PRY,2002,6.668812,2.570561,1.79496959770244,5261328.0
PRY,2003,6.759394,2.515839,2.11194208210034,5326436.0
PRY,2004,6.822043,2.521776,3.45243843137079,5388175.0
PRY,2005,6.885216,2.5278,7.90700786141285,5448097.0
PRY,2006,6.94869,2.532145,7.962100029,5505148.0
PRY,2007,6.956258,2.536102,11.21,5559386.0
PRY,2008,6.972342,2.538066,14.27,5613574.0
PRY,2009,6.869505,2.53995,18.9,5671236.0
PRY,2010,6.774194,2.669263,19.8,5737971.0
PRY,2011,6.703002,2.54686,24.7635158793993,5814626.0
PRY,2012,6.678649,2.731003,29.34,5897008.0
PRY,2013,6.68513,2.769829,36.9,5982445.0
PRY,2014,6.682557,2.767574,43.0073750122614,6069811.0
PRY,2015,6.704812,2.862481,49.716304663966,6159103.0
PRY,2016,6.65409,2.881622,53.4041274791009,6249126.0
PRY,2017,6.598209,2.884597,61.0757562215797,6338660.0
PRY,2018,6.594366,2.883648,64.9935430235756,6427382.0
PRY,2019,6.631162,2.924482,68.5176284222264,6515058.0
PRY,2020,7.89322,3.483599,73.95751114,6603739.0
PRY,2021,8.374263,3.69203,77.01838621,6684182.0
PRY,2022,8.323954,3.56194,76.25916611,6760464.0
PRY,2023,9.682954,3.594737,78.09481878,6844146.0
PSE,1990,5.584048,2.709998,0.0,1978248.0
PSE,1991,5.58605,2.741028,,2068845.0
PSE,1992,5.592967,2.762463,,2163591.0
PSE,1993,5.600406,2.77879,,2262676.0
PSE,1994,5.609896,2.799322,,2366298.0
PSE,1995,5.624778,2.817591,,2474666.0
PSE,1996,5.647998,2.852356,,2587997.0
PSE,1997,5.681381,2.85718,,2706518.0
PSE,1998,5.719057,2.883733,,2776568.0
PSE,1999,5.757153,2.905645,,2848431.0
PSE,2000,5.791434,2.977389,1.11130620708969,2922153.0
PSE,2001,5.812158,3.016561,1.83685483917877,2997784.0
PSE,2002,5.832629,3.080245,3.10009223512517,3075373.0
PSE,2003,5.841024,3.138144,4.13061635632919,3154969.0
PSE,2004,5.836106,3.189399,4.40090482603223,3236626.0
PSE,2005,5.82613,3.209707,16.00499916,3320396.0
PSE,2006,5.814194,3.259665,18.41,3406334.0
PSE,2007,5.786527,3.27861,21.1760006,3494496.0
PSE,2008,5.756533,3.325196,24.3579998,3591977.0
PSE,2009,5.709866,3.358691,32.23,3689099.0
PSE,2010,5.644854,3.352059,37.40000153,3786161.0
PSE,2011,5.587961,3.399058,41.08000183,3882986.0
PSE,2012,5.521004,3.427585,43.4,3979998.0
PSE,2013,5.447429,3.401369,46.59999847,4076708.0
PSE,2014,5.365967,3.52875,53.6651997924171,4173398.0
PSE,2015,5.285771,3.509024,56.70000076,4270092.0
PSE,2016,5.214648,3.556308,59.90000153,4367088.0
PSE,2017,5.134852,3.611159,63.29999924,4454805.0
PSE,2018,5.032573,3.620951,64.3999937114499,4569087.0
PSE,2019,4.926408,3.661605,70.6225837001758,4685306.0
PSE,2020,5.766651,4.452308,76.18160248,4803269.0
PSE,2021,5.845258,4.714358,,4922749.0
PSE,2022,5.86653,4.529109,88.64690554,5043612.0
PSE,2023,6.646873,4.735773,86.63765334,5165775.0
QAT,1990,3.091508,2.783836,0.0,440175.0
QAT,1991,3.08463,2.873917,,454853.0
QAT,1992,3.079349,2.89469,,469657.0
QAT,1993,3.07093,2.8424,,484545.0
QAT,1994,3.059904,2.866058,,499459.0
QAT,1995,3.05064,2.890084,0.19,514325.0
QAT,1996,3.042012,2.916353,0.93,529019.0
QAT,1997,3.031995,2.940514,3.08,550500.0
QAT,1998,3.017752,2.961837,3.52,580540.0
QAT,1999,3.000354,2.985026,4.07,612500.0
QAT,2000,2.982563,3.009528,4.86367917875156,644989.0
QAT,2001,2.961759,3.190426,6.17026856093911,677925.0
QAT,2002,2.939054,3.060583,10.2261289281118,711205.0
QAT,2003,2.910824,3.162329,19.242336421002,744682.0
QAT,2004,2.875769,3.193647,20.701647851169,773332.0
QAT,2005,2.83555,3.31856,24.73349953,825408.0
QAT,2006,2.789888,3.183512,28.97410011,972831.0
QAT,2007,2.741685,3.290056,37.0,1208595.0
QAT,2008,2.68742,3.313743,44.29999924,1426938.0
QAT,2009,2.63189,3.249234,53.09999847,1608903.0
QAT,2010,2.595534,3.25792,69.0,1616832.0
QAT,2011,2.56012,3.265338,69.0,1624761.0
QAT,2012,2.542143,3.272682,69.3,1722438.0
QAT,2013,2.545303,3.277968,85.3,1916426.0
QAT,2014,2.543467,3.443486,91.48999786,2151745.0
QAT,2015,2.536471,3.290489,92.8848264535481,2344557.0
QAT,2016,2.524223,3.380629,95.1246621661148,2477113.0
QAT,2017,2.530599,3.396641,97.3888491654164,2545820.0
QAT,2018,2.548533,3.336915,99.6528491261175,2580734.0
QAT,2019,2.556545,3.357755,99.6528042086389,2638657.0
QAT,2020,3.08355,4.004806,99.65284913,2794148.0
QAT,2021,3.068482,4.027755,99.65280151,2504910.0
QAT,2022,3.216077,3.985246,98.03800201,2657333.0
QAT,2023,3.690498,4.086393,98.15229797,2656032.0
ROU,1990,4.309273,2.264019,0.0,23201835.0
ROU,1991,4.322,2.272589,,23001155.0
ROU,1992,4.337252,2.287829,,22794284.0
ROU,1993,4.350518,2.2884,0.0037,22763280.0
ROU,1994,4.363307,2.309111,0.0263,22730211.0
ROU,1995,4.375633,2.322099,0.075,22684270.0
ROU,1996,4.385777,2.339038,0.222,22619004.0
ROU,1997,4.396708,2.352396,0.445,22553978.0
ROU,1998,4.406336,2.361356,2.24,22507344.0
ROU,1999,4.413367,2.283831,2.7,22472040.0
ROU,2000,4.415224,2.295126,3.61371729139783,22442971.0
ROU,2001,4.418175,2.334131,4.53866902895312,22131970.0
ROU,2002,4.422199,2.295574,6.58,21730496.0
ROU,2003,4.431681,2.343972,8.9,21574326.0
ROU,2004,4.44416,2.325492,15.0,21451748.0
ROU,2005,4.451881,2.39259,21.5,21319685.0
ROU,2006,4.434839,2.371073,24.66,21193760.0
ROU,2007,4.423496,2.307679,28.3,20882982.0
ROU,2008,4.424227,2.348358,32.42,20537875.0
ROU,2009,4.408611,2.321941,36.6,20367487.0
ROU,2010,4.440107,2.293219,39.93,20246871.0
ROU,2011,4.481035,2.297954,40.0099967810008,20147528.0
ROU,2012,4.531163,2.368357,45.8799942529424,20058035.0
ROU,2013,4.540444,2.312645,49.7645,19983693.0
ROU,2014,4.510269,2.414662,54.0783206550943,19908979.0
ROU,2015,4.500024,2.422616,55.7631556336233,19815616.0
ROU,2016,4.489546,2.365339,59.5039512852713,19702267.0
ROU,2017,4.475252,2.403217,63.7472821822484,19588715.0
ROU,2018,4.439904,2.376348,70.6812779273268,19473970.0
ROU,2019,4.368042,2.351941,73.6574757545465,19371648.0
ROU,2020,5.168373,2.709264,78.45526895,19265250.0
ROU,2021,5.257447,2.748844,83.5904265,19122059.0
ROU,2022,5.358861,2.689465,85.50309124,19048502.0
ROU,2023,6.181887,2.740422,89.20335498,19061062.0
RUS,1990,2.923516,3.528802,0.0,147969406.0
RUS,1991,2.936353,3.602992,,148394216.0
RUS,1992,2.95331,3.624001,0.000673,148538197.0
RUS,1993,2.973785,3.666824,0.0134,148458777.0
RUS,1994,2.995451,3.646274,0.0538,148407912.0
RUS,1995,3.015366,3.642244,0.148,148375787.0
RUS,1996,3.031728,3.666481,0.27,148160129.0
RUS,1997,3.044389,3.694037,0.473,147915361.0
RUS,1998,3.053647,3.718887,0.813,147670784.0
RUS,1999,3.061142,3.827,1.02,147214776.0
RUS,2000,3.065394,3.868326,1.97723010897647,146596869.0
RUS,2001,3.066939,3.920314,2.94436778664985,145976482.0
RUS,2002,3.065375,3.993495,4.12827181796644,145306497.0
RUS,2003,3.063326,4.01157,8.29886061553908,144648618.0
RUS,2004,3.062075,4.010197,12.8593889008473,144067316.0
RUS,2005,3.060753,4.007632,15.22669983,143518814.0
RUS,2006,3.059523,3.976307,18.02330017,143049637.0
RUS,2007,3.041882,3.93941,24.66,142805114.0
RUS,2008,3.03059,3.97703,32.0,142742366.0
RUS,2009,3.008072,3.936991,42.55,142785348.0
RUS,2010,2.974356,3.964304,49.0,142849468.0
RUS,2011,2.949799,3.972748,58.0,143018195.0
RUS,2012,2.939325,3.972675,66.0,143378447.0
RUS,2013,2.928399,4.009194,67.97,143805638.0
RUS,2014,2.896446,3.984392,70.5175682574413,144237223.0
RUS,2015,2.858824,3.973494,70.0992412263947,144640716.0
RUS,2016,2.835135,4.029074,73.091434617897,145015460.0
RUS,2017,2.83578,4.031359,76.0081385339105,145293260.0
RUS,2018,2.846124,3.99336,80.8647218726954,145398106.0
RUS,2019,2.864396,4.022884,82.6421618670668,145453291.0
RUS,2020,3.470714,4.725762,84.99466978,145245148.0
RUS,2021,3.570582,4.779938,88.21384578,144746762.0
RUS,2022,3.644801,4.856435,90.41799163,144236933.0
RUS,2023,4.268344,4.905209,92.24496346,143826130.0
RWA,1990,2.188658,2.474704,0.0,7375307.0
RWA,1991,2.186697,2.462306,,7526966.0
RWA,1992,2.186256,2.533811,,7683266.0
RWA,1993,2.187037,2.621206,,7981132.0
RWA,1994,2.174241,2.670076,,6792352.0
RWA,1995,2.175905,2.610758,,5674118.0
RWA,1996,2.191171,2.654185,0.000883,6708764.0
RWA,1997,2.187435,2.681794,0.00163,7755238.0
RWA,1998,2.186026,2.63403,0.0118,8081681.0
RWA,1999,2.190154,2.604085,0.0672,8147912.0
RWA,2000,2.191126,2.588757,0.0628314595107164,8213931.0
RWA,2001,2.191657,2.658464,0.240672409832383,8287094.0
RWA,2002,2.19704,2.544164,0.292784718792575,8400180.0
RWA,2003,2.20128,2.659279,0.356918467272361,8586875.0
RWA,2004,2.204388,2.62938,0.43085424337006,8816844.0
RWA,2005,2.203281,2.622007,0.555999994,9054528.0
RWA,2006,2.203462,2.663755,,9299246.0
RWA,2007,2.227168,2.662165,2.115400076,9549933.0
RWA,2008,2.24743,2.671897,4.5,9804269.0
RWA,2009,2.260636,2.686902,7.7,10060432.0
RWA,2010,2.315679,2.667389,8.0,10317553.0
RWA,2011,2.338688,2.665975,7.0,10573733.0
RWA,2012,2.377967,2.714978,8.023900032,10829901.0
RWA,2013,2.461239,2.700941,9.0,11093340.0
RWA,2014,2.552844,2.733226,10.60000038,11364757.0
RWA,2015,2.704151,2.696698,12.45600033,11640022.0
RWA,2016,2.855924,2.791779,14.63710022,11919183.0
RWA,2017,3.033264,2.767849,17.2,12202060.0
RWA,2018,3.234329,2.80528,19.16659927,12487996.0
RWA,2019,3.46598,2.866224,21.3579998,12776103.0
RWA,2020,4.460778,3.288108,23.8,13065837.0
RWA,2021,4.887627,3.506738,24.4416008,13355260.0
RWA,2022,5.04563,3.395537,28.01679993,13651030.0
RWA,2023,6.036728,3.404535,28.80579948,13954471.0
SAU,1990,4.537578,2.581777,0.0,10640691.0
SAU,1991,4.570312,2.811177,,11160744.0
SAU,1992,4.601245,2.693564,,11686676.0
SAU,1993,4.631013,2.745291,,12215862.0
SAU,1994,4.662904,2.777451,,12750040.0
SAU,1995,4.697882,2.887082,0.011,13289245.0
SAU,1996,4.734008,2.928091,0.0267,13831009.0
SAU,1997,4.769614,2.877079,0.0521,14374943.0
SAU,1998,4.803502,2.98711,0.101,14922185.0
SAU,1999,4.837527,2.950311,0.494,15472075.0
SAU,2000,4.870255,3.031724,2.21069180908888,16177722.0
SAU,2001,4.898096,3.079635,4.6810531658103,17041397.0
SAU,2002,4.927222,3.165968,6.38470501955932,17910910.0
SAU,2003,4.9529,3.320296,8.00158289090878,18786767.0
SAU,2004,4.972361,3.383443,10.2345329969583,19669480.0
SAU,2005,4.989796,3.433245,12.7050359882849,20559890.0
SAU,2006,5.034221,3.501483,19.4595543513634,21459144.0
SAU,2007,5.061991,3.530211,30.0,22368313.0
SAU,2008,5.101395,3.565975,36.0,23287877.0
SAU,2009,5.181725,3.605046,38.0,24217654.0
SAU,2010,5.217073,3.60713,41.0,23978487.0
SAU,2011,5.24494,3.666204,47.5,25091867.0
SAU,2012,5.287355,3.577984,54.0,26168861.0
SAU,2013,5.305051,3.6926,60.5,27624004.0
SAU,2014,5.315738,3.711835,64.713657369019,28309273.0
SAU,2015,5.291437,3.74591,69.6162358014004,29816382.0
SAU,2016,5.287888,3.827359,74.8792746891625,30954198.0
SAU,2017,5.318668,3.854611,94.1755996113911,30977355.0
SAU,2018,5.293212,3.851822,93.3100018480347,30196281.0
SAU,2019,5.240303,3.837832,95.7247355953812,30063799.0
SAU,2020,6.277666,4.403834,97.8623325,31552510.0
SAU,2021,6.056371,4.601904,100.0,30784383.0
SAU,2022,6.400537,4.208564,100.0,32175224.0
SAU,2023,7.209952,4.50274,100.0,33702731.0
SDN,1990,3.957434,3.213723,0.0,22021481.0
SDN,1991,3.959922,3.228119,,22470676.0
SDN,1992,3.96144,3.244248,,22927355.0
SDN,1993,3.958962,3.248515,,23445592.0
SDN,1994,3.953831,3.246191,0.0,24043948.0
SDN,1995,3.9503,3.267721,0.0,24672143.0
SDN,1996,3.949487,3.288292,0.0,25231528.0
SDN,1997,3.949765,3.318498,0.00123,25799821.0
SDN,1998,3.945834,3.353481,0.00481,26458999.0
SDN,1999,3.938493,3.36474,0.00879,27130613.0
SDN,2000,3.93208,3.408165,0.0257850324762484,27816745.0
SDN,2001,3.919672,3.430191,0.140185224494161,28516770.0
SDN,2002,3.908307,3.451296,0.439477639075583,29228727.0
SDN,2003,3.890393,3.493055,0.538471703150458,29896035.0
SDN,2004,3.866902,3.532521,0.791561615446385,30556637.0
SDN,2005,3.844867,3.529045,,31262444.0
SDN,2006,3.81524,3.576541,,31992435.0
SDN,2007,3.789117,3.571239,8.66,32764135.0
SDN,2008,3.747946,3.600838,,33623980.0
SDN,2009,3.696975,3.614548,,34569113.0
SDN,2010,3.678709,3.651323,,35414399.0
SDN,2011,3.658374,3.693347,,36140806.0
SDN,2012,3.674966,3.728915,,36923178.0
SDN,2013,3.710546,3.761578,,37785849.0
SDN,2014,3.74283,3.812085,,38823318.0
SDN,2015,3.756264,3.859143,12.0,40024431.0
SDN,2016,3.758893,3.899925,14.0999999446534,41259892.0
SDN,2017,3.773468,3.918669,18.60000038,42714306.0
SDN,2018,3.788741,3.97536,,44230596.0
SDN,2019,3.796542,4.00664,,45548175.0
SDN,2020,4.655202,4.915255,,46789231.0
SDN,2021,4.601576,4.941301,,48066924.0
SDN,2022,4.817355,4.884832,,49383346.0
SDN,2023,5.516234,5.08938,,50042791.0
SEN,1990,3.379075,2.178827,0.0,7720523.0
SEN,1991,3.433162,2.215246,,7943085.0
SEN,1992,3.487076,2.262974,,8168395.0
SEN,1993,3.560394,2.292214,,8396288.0
SEN,1994,3.651949,2.269572,,8624078.0
SEN,1995,3.741086,2.337466,0.000693,8848101.0
SEN,1996,3.827049,2.298757,0.0112,9067014.0
SEN,1997,3.91014,2.356919,0.0273,9283495.0
SEN,1998,4.00459,2.372413,0.0799,9502952.0
SEN,1999,4.109932,2.365041,0.311,9730887.0
SEN,2000,4.209679,2.404201,0.403967485868965,9968260.0
SEN,2001,4.270576,2.404365,0.983794058848003,10212942.0
SEN,2002,4.328262,2.407273,1.00645453672323,10466214.0
SEN,2003,4.355044,2.418381,2.10143642986685,10721176.0
SEN,2004,4.353743,2.402399,4.38602398008563,10975704.0
SEN,2005,4.352441,2.437561,4.78668408310535,11235472.0
SEN,2006,4.351829,2.400962,5.61173865217952,11500094.0
SEN,2007,4.356145,2.420522,6.889999866,11770344.0
SEN,2008,4.366533,2.429495,7.119999886,12048959.0
SEN,2009,4.316516,2.432366,7.5,12337389.0
SEN,2010,4.291429,2.445956,8.0,12635413.0
SEN,2011,4.309259,2.462396,9.800000191,12958897.0
SEN,2012,4.275263,2.466342,10.80000019,13310495.0
SEN,2013,4.283341,2.465995,13.10000038,13710849.0
SEN,2014,4.340976,2.489856,17.70000076,14152102.0
SEN,2015,4.430839,2.495658,21.70000076,14593331.0
SEN,2016,4.491561,2.514852,25.66480064,15034521.0
SEN,2017,4.541142,2.530264,29.64310074,15475002.0
SEN,2018,4.599837,2.54795,35.29999924,15914498.0
SEN,2019,4.704576,2.572043,43.37969971,16352922.0
SEN,2020,5.996834,3.043598,53.30879974,16789219.0
SEN,2021,6.228182,3.149172,55.04040146,17220867.0
SEN,2022,6.39029,3.061154,56.82830048,17651103.0
SEN,2023,7.541635,3.105857,59.18740082,18077573.0
SGP,1990,2.573451,1.619243,0.0,3047132.0
SGP,1991,2.572711,1.705016,0.162,3135083.0
SGP,1992,2.572458,1.628796,0.471,3230698.0
SGP,1993,2.574956,1.669157,0.763,3313471.0
SGP,1994,2.580563,1.739875,1.19,3419048.0
SGP,1995,2.590524,1.63262,2.87,3524506.0
SGP,1996,2.599001,1.667304,8.35,3670704.0
SGP,1997,2.615428,1.669765,13.5,3796038.0
SGP,1998,2.636397,1.64124,19.6,3927213.0
SGP,1999,2.670147,1.648805,24.2,3958723.0
SGP,2000,2.695751,1.654271,36.0,4027887.0
SGP,2001,2.712042,1.659763,41.6704251756041,4138012.0
SGP,2002,2.728738,1.66066,47.0,4175950.0
SGP,2003,2.747219,1.661881,53.8379432881911,4114826.0
SGP,2004,2.762597,1.668238,62.0,4166664.0
SGP,2005,2.778048,1.679396,61.0,4265762.0
SGP,2006,2.789889,1.694891,59.0,4401365.0
SGP,2007,2.773662,1.709433,69.9,4588599.0
SGP,2008,2.804312,1.724611,69.0,4839396.0
SGP,2009,2.775344,1.74163,69.0,4987573.0
SGP,2010,2.761222,1.757076,71.0,5076732.0
SGP,2011,2.77687,1.767459,71.0,5183688.0
SGP,2012,2.741982,1.771319,72.0,5312437.0
SGP,2013,2.70298,1.77141,80.90209961,5399162.0
SGP,2014,2.691174,1.772439,79.0292358633435,5469724.0
SGP,2015,2.729606,1.776636,79.0129570025584,5535002.0
SGP,2016,2.779992,1.782186,84.4522678893074,5607283.0
SGP,2017,2.770314,1.791281,84.4522678893074,5612253.0
SGP,2018,2.717691,1.800531,88.1656360313447,5638676.0
SGP,2019,2.712113,1.807868,88.9492526850762,5703569.0
SGP,2020,2.905367,1.956713,92.00434653,5685807.0
SGP,2021,3.084237,2.074592,96.92468156,5453566.0
SGP,2022,3.015403,2.000874,95.95386476,5637022.0
SGP,2023,3.241584,2.021421,94.28518987,5917648.0
SLB,1990,2.886534,1.738991,0.0,331435.0
SLB,1991,2.882156,1.755811,,341738.0
SLB,1992,2.876689,1.864872,,352205.0
SLB,1993,2.8681,1.790959,,362839.0
SLB,1994,2.856241,1.850138,,373675.0
SLB,1995,2.844033,1.867918,0.0249,384733.0
SLB,1996,2.832075,1.845232,0.269,396009.0
SLB,1997,2.819482,1.864598,0.392,407474.0
SLB,1998,2.804631,1.884655,0.508,419071.0
SLB,1999,2.788049,2.028954,0.495,430500.0
SLB,2000,2.770568,1.927054,0.481296806114395,440469.0
SLB,2001,2.762003,2.003119,0.468551963584141,449125.0
SLB,2002,2.754196,2.144626,0.501919843401009,457671.0
SLB,2003,2.755853,2.112745,0.555609881855115,466154.0
SLB,2004,2.76682,2.070344,0.64967267325146,474611.0
SLB,2005,2.778617,2.153993,0.844299972,483080.0
SLB,2006,2.790712,2.122341,1.646299958,491594.0
SLB,2007,2.806411,2.092381,2.0,500156.0
SLB,2008,2.8242,2.118525,3.0,508790.0
SLB,2009,2.854574,2.149304,4.0,518141.0
SLB,2010,2.887898,2.180946,5.0,532968.0
SLB,2011,2.916225,2.210747,6.0,552945.0
SLB,2012,2.964093,2.241578,6.997399807,573606.0
SLB,2013,3.014293,2.275782,8.0,594945.0
SLB,2014,3.069248,2.311262,9.0,616908.0
SLB,2015,3.136384,2.347328,10.00049973,639415.0
SLB,2016,3.192282,2.38114,11.00090027,662379.0
SLB,2017,3.250537,2.416415,15.14840031,685672.0
SLB,2018,3.300417,2.451364,20.8593998,709101.0
SLB,2019,3.337039,2.485016,22.48880005,728147.0
SLB,2020,3.949245,2.968619,24.1984005,744498.0
SLB,2021,4.137268,3.348115,26.03790092,762591.0
SLB,2022,4.197057,3.231837,28.01729965,781066.0
SLB,2023,4.785042,3.221974,28.67239952,800005.0
SLE,1990,4.300949,2.256937,0.0,4196828.0
SLE,1991,4.325863,2.427802,,4246267.0
SLE,1992,4.363325,2.423934,,4166366.0
SLE,1993,4.439513,2.513551,0.0,4157130.0
SLE,1994,4.530197,2.612609,0.0,4173105.0
SLE,1995,4.614235,2.614061,0.0,4179179.0
SLE,1996,4.706652,2.613134,0.00251,4199210.0
SLE,1997,4.802072,2.628797,0.00499,4253716.0
SLE,1998,4.899465,2.640229,0.0148,4295785.0
SLE,1999,5.021489,2.638264,0.0485,4318043.0
SLE,2000,5.157247,2.636838,0.118254245682183,4423611.0
SLE,2001,5.241346,2.619287,0.160264445493032,4692716.0
SLE,2002,5.301813,2.554216,0.176198956814076,4971435.0
SLE,2003,5.334821,2.537972,0.190173281668183,5177687.0
SLE,2004,5.358546,2.482955,0.203007680592588,5355717.0
SLE,2005,5.395396,2.36937,0.215399995,5501712.0
SLE,2006,5.438995,2.363131,0.227699995,5624466.0
SLE,2007,5.458221,2.414874,0.239800006,5749352.0
SLE,2008,5.507711,2.371246,0.25,5894722.0
SLE,2009,5.479536,2.302378,0.25999999,6055646.0
SLE,2010,5.476468,2.357099,0.579999983,6222714.0
SLE,2011,5.538568,2.310226,0.899999976,6387251.0
SLE,2012,5.613908,2.267952,2.5,6551080.0
SLE,2013,5.714665,2.388272,4.0,6714051.0
SLE,2014,5.781894,2.414596,6.057300091,6876385.0
SLE,2015,5.907595,2.367263,6.344399929,7037655.0
SLE,2016,6.007264,2.552606,7.680099964,7205328.0
SLE,2017,6.065809,2.417571,9.297100067,7379299.0
SLE,2018,6.144294,2.539566,14.42230034,7554563.0
SLE,2019,6.219468,2.613154,15.71370029,7731991.0
SLE,2020,7.607926,3.134176,17.12080002,7912558.0
SLE,2021,7.416966,3.155669,18.65390015,8094602.0
SLE,2022,7.810598,3.221875,21.50880051,8276807.0
SLE,2023,8.751789,3.258956,23.71360016,8460512.0
SLV,1990,3.008364,2.287621,0.0,5399726.0
SLV,1991,3.037714,2.305102,,5495077.0
SLV,1992,3.065233,2.289266,,5585609.0
SLV,1993,3.097739,2.260022,,5659957.0
SLV,1994,3.137118,2.276819,,5714129.0
SLV,1995,3.178202,2.225493,,5762131.0
SLV,1996,3.222462,2.264077,0.0864,5805286.0
SLV,1997,3.270244,2.235159,0.257,5844578.0
SLV,1998,3.325407,2.149088,0.425,5880781.0
SLV,1999,3.388252,2.162048,0.845,5913900.0
SLV,2000,3.454169,2.111691,1.17739726914477,5943366.0
SLV,2001,3.513736,2.079722,1.5,5968060.0
SLV,2002,3.577048,2.096322,1.9,5986631.0
SLV,2003,3.635061,2.11397,2.5,5998599.0
SLV,2004,3.686686,2.131816,3.2,6004671.0
SLV,2005,3.737974,2.14895,4.199999809,6005578.0
SLV,2006,3.788879,2.164173,5.5,6002319.0
SLV,2007,3.839525,2.180584,6.11,6009824.0
SLV,2008,3.900844,2.195487,10.08,6029297.0
SLV,2009,3.964356,2.208293,12.11,6048279.0
SLV,2010,4.053473,2.220189,15.9,6068249.0
SLV,2011,4.166755,2.238685,18.89999962,6090127.0
SLV,2012,4.292331,2.256537,20.3213877242007,6113975.0
SLV,2013,4.403032,2.277362,23.1093,6138839.0
SLV,2014,4.499316,2.300404,24.7617121459061,6162955.0
SLV,2015,4.580309,2.322306,26.8026049600572,6183676.0
SLV,2016,4.643192,2.345214,28.99710083,6200800.0
SLV,2017,4.694156,2.367898,33.8207289048526,6213533.0
SLV,2018,4.723456,2.570435,43.79999924,6219807.0
SLV,2019,4.710139,2.529468,50.4911940673888,6222318.0
SLV,2020,5.558885,3.294302,54.60136976,6234673.0
SLV,2021,5.658479,3.333505,57.26380157,6255782.0
SLV,2022,5.84364,3.342697,60.05609894,6280319.0
SLV,2023,6.723162,3.416881,62.61989975,6309624.0
SMR,1990,5.309917,3.424606,0.0,23475.0
SMR,1991,5.227618,3.426058,,23797.0
SMR,1992,5.145238,3.42588,,24125.0
SMR,1993,5.070342,3.428697,,24472.0
SMR,1994,5.00158,3.431243,,24823.0
SMR,1995,4.934362,3.432443,1.36,25158.0
SMR,1996,4.867217,3.439964,1.43,25482.0
SMR,1997,4.799006,3.446734,1.42,25800.0
SMR,1998,4.740491,3.456599,1.41,26125.0
SMR,1999,4.692936,3.471097,42.8,26459.0
SMR,2000,4.644164,3.481533,48.7994953055999,26799.0
SMR,2001,4.627112,3.615244,50.3416690898517,27143.0
SMR,2002,4.610067,3.491002,50.8348399446985,27491.0
SMR,2003,4.630122,3.55872,50.003453038674,27843.0
SMR,2004,4.689481,3.555233,50.5663430420712,29457.0
SMR,2005,4.748801,3.49394,,29836.0
SMR,2006,4.81981,3.49133,50.2086593635889,30184.0
SMR,2007,4.880977,3.488548,50.3648221088655,31211.0
SMR,2008,4.97729,3.485259,54.52,31662.0
SMR,2009,5.130496,3.601822,54.21,33066.0
SMR,2010,5.255454,3.470003,,33270.0
SMR,2011,5.394118,3.635167,49.6,32620.0
SMR,2012,5.558025,3.693847,,33469.0
SMR,2013,5.723353,3.712767,,33041.0
SMR,2014,5.884246,3.816792,,32655.0
SMR,2015,6.021191,3.837654,,32897.0
SMR,2016,6.160463,3.923641,55.0,33101.0
SMR,2017,6.296735,3.965375,60.18230057,33825.0
SMR,2018,6.428016,3.881569,,34522.0
SMR,2019,6.536512,3.964153,67.85070038,34663.0
SMR,2020,8.14661,4.781812,77.94999695,34770.0
SMR,2021,8.092145,4.710363,81.66999817,34252.0
SMR,2022,8.611798,4.677591,97.32790375,33755.0
SMR,2023,9.885968,4.800133,97.33640289,33860.0
SOM,1990,2.521361,2.65607,0.0,7082811.0
SOM,1991,2.528592,2.684994,,6813760.0
SOM,1992,2.533212,2.666538,,6495107.0
SOM,1993,2.537351,2.649964,,6681399.0
SOM,1994,2.537172,2.686947,,7026797.0
SOM,1995,2.527964,2.652218,0.0,7285007.0
SOM,1996,2.5192,2.666393,0.00151,7554474.0
SOM,1997,2.507044,2.673402,0.00295,7824525.0
SOM,1998,2.492789,2.660013,0.00716,8155417.0
SOM,1999,2.477793,2.643093,0.0139,8492059.0
SOM,2000,2.462149,2.59783,0.02,8838713.0
SOM,2001,2.446255,2.628168,0.0790391786670095,9198493.0
SOM,2002,2.431285,2.586296,0.115614213354469,9550063.0
SOM,2003,2.418966,2.559712,0.376198002539086,9909157.0
SOM,2004,2.409607,2.62194,1.05345474358422,10280998.0
SOM,2005,2.402028,2.559992,1.077299953,10644228.0
SOM,2006,2.395419,2.59427,1.100200057,10975502.0
SOM,2007,2.381879,2.60301,1.122200012,11322582.0
SOM,2008,2.371656,2.593679,1.142699957,11663084.0
SOM,2009,2.357201,2.608829,1.160599947,11961201.0
SOM,2010,2.344445,2.616572,,12261756.0
SOM,2011,2.34008,2.617158,1.25,12348830.0
SOM,2012,2.339699,2.62602,1.376700044,12461160.0
SOM,2013,2.344506,2.618271,1.5,12869594.0
SOM,2014,2.329618,2.621716,1.629999995,13339491.0
SOM,2015,2.309228,2.618542,1.75999999,13806963.0
SOM,2016,2.297448,2.622237,1.879999995,14348740.0
SOM,2017,2.30911,2.625579,,14916629.0
SOM,2018,2.340971,2.633499,,15452487.0
SOM,2019,2.378516,2.637551,2.731400013,16030971.0
SOM,2020,3.069305,3.230462,15.02369976,16651191.0
SOM,2021,3.278363,3.34941,23.87479973,17271431.0
SOM,2022,3.278578,3.220893,27.6,17801897.0
SOM,2023,3.975618,3.267903,26.12010002,18358615.0
SRB,1990,5.163252,2.406736,,7897937.0
SRB,1991,5.177598,2.583244,,7595636.0
SRB,1992,5.195218,2.591691,,7604063.0
SRB,1993,5.202905,2.606858,,7614328.0
SRB,1994,5.208672,2.60337,,7622711.0
SRB,1995,5.224818,2.670274,,7628264.0
SRB,1996,5.235593,2.599681,,7622185.0
SRB,1997,5.247504,2.623551,,7598538.0
SRB,1998,5.267822,2.736641,,7567745.0
SRB,1999,5.292084,2.781538,,7540401.0
SRB,2000,5.321211,2.801739,,7516346.0
SRB,2001,5.346991,2.820965,,7503433.0
SRB,2002,5.376368,2.832095,,7500031.0
SRB,2003,5.410943,2.815396,,7480591.0
SRB,2004,5.447219,2.829006,23.5,7463157.0
SRB,2005,5.476508,2.819098,26.29999924,7440769.0
SRB,2006,5.507374,2.799766,27.2,7411569.0
SRB,2007,5.546603,2.82166,33.15,7381579.0
SRB,2008,5.613426,2.79728,35.6,7350222.0
SRB,2009,5.6843,2.703211,38.1,7320807.0
SRB,2010,5.762254,2.80152,40.9,7291436.0
SRB,2011,5.838985,2.757749,42.2,7236519.0
SRB,2012,5.883039,2.760587,48.09999847,7201497.0
SRB,2013,5.89746,2.808536,53.450364175,7166553.0
SRB,2014,5.878822,2.822895,62.0750804639377,7131787.0
SRB,2015,5.874268,2.743466,65.3170254003801,7095383.0
SRB,2016,5.878733,2.749534,67.0568413716938,7058322.0
SRB,2017,5.853532,2.836929,70.3308355269141,7020858.0
SRB,2018,5.783363,2.809898,73.360709154564,6982604.0
SRB,2019,5.689915,2.760619,77.4167736219802,6945235.0
SRB,2020,6.588873,3.280967,78.36804864,6899126.0
SRB,2021,6.690173,3.29105,81.16588116,6834326.0
SRB,2022,6.735744,3.276392,83.53825397,6664449.0
SRB,2023,7.645063,3.331296,85.35746686,6623183.0
SSD,1990,3.062,2.556342,,4737633.0
SSD,1991,3.053436,2.46318,,4836677.0
SSD,1992,3.044347,2.377365,,4909749.0
SSD,1993,3.034822,2.375167,,4956002.0
SSD,1994,3.024716,2.372106,,5071184.0
SSD,1995,3.014299,2.36852,,5225836.0
SSD,1996,3.003555,2.361747,,5356925.0
SSD,1997,2.991708,2.557236,,5509136.0
SSD,1998,2.980562,2.545507,,5620068.0
SSD,1999,2.970682,2.618663,,5771628.0
SSD,2000,2.961708,2.700668,,6032267.0
SSD,2001,2.954864,2.683072,,6308391.0
SSD,2002,2.949145,2.673562,,6596806.0
SSD,2003,2.946505,2.665515,,6903127.0
SSD,2004,2.947177,2.645771,,7233041.0
SSD,2005,2.948704,2.640073,,7590143.0
SSD,2006,2.951564,2.656709,,7976526.0
SSD,2007,2.966728,2.640458,,8388788.0
SSD,2008,2.993084,2.639061,,8817647.0
SSD,2009,3.051382,2.680542,,9243556.0
SSD,2010,3.154081,2.663648,,9745953.0
SSD,2011,3.275399,2.662347,,10288109.0
SSD,2012,3.439274,2.682889,1.5,10756240.0
SSD,2013,3.61152,2.695414,2.200000048,11166275.0
SSD,2014,3.76203,2.705454,2.599999905,11235073.0
SSD,2015,3.915108,2.716188,3.0,11107561.0
SSD,2016,4.081347,2.746805,3.5,10830102.0
SSD,2017,4.23531,2.762731,4.1,10259154.0
SSD,2018,4.392606,2.793063,4.800000191,10122977.0
SSD,2019,4.529131,2.826165,6.671000004,10423384.0
SSD,2020,5.668676,3.369089,,10698467.0
SSD,2021,5.707879,3.433852,,10865780.0
SSD,2022,6.015283,3.38753,,11021177.0
SSD,2023,6.952535,3.453142,,11483374.0
STP,1990,3.751826,2.114763,0.0,122980.0
STP,1991,3.808133,2.111445,,125697.0
STP,1992,3.863485,2.10929,,128110.0
STP,1993,3.940864,2.107877,,130467.0
STP,1994,4.039531,2.107531,,132732.0
STP,1995,4.136733,2.109054,,134895.0
STP,1996,4.231089,2.115415,,136962.0
STP,1997,4.321952,2.123453,,138922.0
STP,1998,4.425162,2.133767,0.296,140751.0
STP,1999,4.539379,2.145714,0.363,142442.0
STP,2000,4.646788,2.157627,4.6385168164075,144018.0
STP,2001,4.709162,2.171565,6.31091788794615,146375.0
STP,2002,4.765164,2.18549,7.580665168911,149922.0
STP,2003,4.785811,2.200316,10.1618443069961,153814.0
STP,2004,4.773933,2.215182,13.3228526892178,157705.0
STP,2005,4.762365,2.22978,13.75949955,161639.0
STP,2006,4.750123,2.238997,14.18200016,165638.0
STP,2007,4.725184,2.247889,14.5904831987414,169700.0
STP,2008,4.697287,2.255135,15.47999954,173793.0
STP,2009,4.623126,2.26162,16.40999985,177853.0
STP,2010,4.58418,2.269752,18.75,181802.0
STP,2011,4.586601,2.281986,20.16119957,185649.0
STP,2012,4.610795,2.29727,21.57239914,189439.0
STP,2013,4.706318,2.316344,23.0,193148.0
STP,2014,4.814389,2.338908,24.40999985,196767.0
STP,2015,4.948901,2.363405,25.81999969,200291.0
STP,2016,5.089549,2.393311,28.0,203689.0
STP,2017,5.206285,2.426179,32.61640167,206970.0
STP,2018,5.341147,2.463096,37.99380112,210187.0
STP,2019,5.45332,2.503803,44.25790024,213392.0
STP,2020,7.054342,3.079699,51.55469894,217435.0
STP,2021,7.161355,3.143918,54.94950104,221961.0
STP,2022,7.481954,3.318734,58.56779861,226305.0
STP,2023,8.851939,3.221208,58.70130157,230871.0
SUR,1990,3.858957,2.727398,0.0,412493.0
SUR,1991,3.91773,2.752444,,415013.0
SUR,1992,3.978897,2.783353,,417589.0
SUR,1993,4.044381,2.814691,,419352.0
SUR,1994,4.114777,2.846105,,422375.0
SUR,1995,4.179083,2.873497,0.115,429606.0
SUR,1996,4.24089,2.900408,0.226,438830.0
SUR,1997,4.300936,2.92755,1.0,448067.0
SUR,1998,4.361905,2.953348,1.67,457406.0
SUR,1999,4.426075,2.978502,1.89,466916.0
SUR,2000,4.491034,3.002792,2.50641105226881,476643.0
SUR,2001,4.550494,3.023498,3.06444838873752,486560.0
SUR,2002,4.611839,3.043621,4.1615687449541,496551.0
SUR,2003,4.668133,3.062801,4.71987539528956,506414.0
SUR,2004,4.718084,3.081401,6.0760478144456,513923.0
SUR,2005,4.76771,3.100869,6.40308628759062,519313.0
SUR,2006,4.816393,3.110334,9.49960041,524997.0
SUR,2007,4.852522,3.121017,14.11,531016.0
SUR,2008,4.882816,3.125889,21.05999947,537245.0
SUR,2009,4.896159,3.124034,31.36,543568.0
SUR,2010,4.894231,3.121602,31.59,549923.0
SUR,2011,4.888674,3.12488,32.0,556269.0
SUR,2012,4.894008,3.129309,34.68119812,562633.0
SUR,2013,4.900318,3.137203,37.40000153,569020.0
SUR,2014,4.893851,3.151047,40.08000183,575373.0
SUR,2015,4.89943,3.164222,42.76380157,581627.0
SUR,2016,4.937916,3.178968,45.40000153,587757.0
SUR,2017,4.985996,3.196335,48.94520187,593713.0
SUR,2018,5.022099,3.215445,55.10210037,599513.0
SUR,2019,5.029578,3.234662,62.03350067,605768.0
SUR,2020,5.895953,3.846716,,612317.0
SUR,2021,6.298179,4.04586,,617896.0
SUR,2022,6.283107,3.893154,,623164.0
SUR,2023,7.280685,3.979533,87.4,628886.0
SVK,1990,4.057176,2.407215,0.0,5299187.0
SVK,1991,4.068703,2.41948,,5303294.0
SVK,1992,4.079044,2.432393,,5305016.0
SVK,1993,4.090961,2.446259,0.128,5325305.0
SVK,1994,4.10551,2.46122,0.319,5346331.0
SVK,1995,4.121411,2.58031,0.523,5361999.0
SVK,1996,4.137416,2.586076,0.783,5373361.0
SVK,1997,4.151752,2.658826,1.17,5383291.0
SVK,1998,4.165458,2.717024,2.69,5390516.0
SVK,1999,4.178112,2.638403,5.44,5396020.0
SVK,2000,4.188603,2.656027,9.42680320061637,5388720.0
SVK,2001,4.203069,2.621693,12.5283218484637,5378867.0
SVK,2002,4.216974,2.594141,40.14,5376912.0
SVK,2003,4.234113,2.611619,43.04,5373374.0
SVK,2004,4.253411,2.626393,52.89,5372280.0
SVK,2005,4.269476,2.640261,55.19,5372807.0
SVK,2006,4.282371,2.651745,56.08,5373054.0
SVK,2007,4.296313,2.662469,61.8,5374622.0
SVK,2008,4.312891,2.673013,66.05,5379233.0
SVK,2009,4.334622,2.681764,70.0,5386406.0
SVK,2010,4.354309,2.688744,75.71,5391428.0
SVK,2011,4.370323,2.696393,74.4399971746757,5398384.0
SVK,2012,4.373356,2.704845,76.7099901181121,5407579.0
SVK,2013,4.370267,2.714536,77.8826,5413393.0
SVK,2014,4.357474,2.724548,79.9843017656729,5418649.0
SVK,2015,4.338845,2.734177,77.6346820339875,5423801.0
SVK,2016,4.307456,2.740566,80.475857275668,5430798.0
SVK,2017,4.278536,2.746245,81.6256675172655,5439232.0
SVK,2018,4.258929,2.857558,80.4489224826099,5446771.0
SVK,2019,4.228279,2.754656,82.8536605021784,5454147.0
SVK,2020,4.923098,3.228439,89.92090413,5458827.0
SVK,2021,5.121643,3.308801,88.92560523,5447247.0
SVK,2022,5.180498,3.166648,89.06766196,5431752.0
SVK,2023,5.950027,3.225001,87.2131343,5426740.0
SVN,1990,5.365006,2.622301,0.0,1998161.0
SVN,1991,5.383072,2.785268,,1999429.0
SVN,1992,5.399762,2.769786,,1996498.0
SVN,1993,5.417816,2.745594,0.41,1991746.0
SVN,1994,5.434955,2.932961,1.07,1989443.0
SVN,1995,5.448539,2.762946,2.9,1989872.0
SVN,1996,5.458998,2.780218,5.07,1988628.0
SVN,1997,5.468035,2.797741,7.59,1985956.0
SVN,1998,5.478115,2.761228,10.1,1981629.0
SVN,1999,5.489177,2.778115,12.6,1983045.0
SVN,2000,5.497764,2.790506,15.1102595640388,1988925.0
SVN,2001,5.509527,2.802606,30.1759104700854,1992060.0
SVN,2002,5.521004,2.814519,27.8388854180687,1994530.0
SVN,2003,5.538074,2.824262,31.8547930120441,1995733.0
SVN,2004,5.561385,2.833673,40.81,1997012.0
SVN,2005,5.585315,2.842747,46.81,2000474.0
SVN,2006,5.610496,2.849476,54.01,2006868.0
SVN,2007,5.605113,2.855103,56.74,2018122.0
SVN,2008,5.620064,2.858504,58.0,2021316.0
SVN,2009,5.617421,2.860762,64.0,2039669.0
SVN,2010,5.6035,2.861949,70.0,2048583.0
SVN,2011,5.598797,2.866135,67.3399948092396,2052843.0
SVN,2012,5.608183,2.870954,68.3499745287825,2057159.0
SVN,2013,5.617841,2.877563,72.6756,2059953.0
SVN,2014,5.608747,2.88574,71.5862515855601,2061980.0
SVN,2015,5.588321,2.893827,73.0986599745829,2063531.0
SVN,2016,5.597569,3.019587,75.4985042610791,2065042.0
SVN,2017,5.618015,2.907142,78.8854263554775,2066388.0
SVN,2018,5.625663,2.970151,79.7499765956562,2073894.0
SVN,2019,5.61407,2.975272,83.1083578026717,2088385.0
SVN,2020,6.639797,3.387393,86.60130109,2102419.0
SVN,2021,6.624183,3.388929,89.00399524,2108079.0
SVN,2022,6.905607,3.33951,88.91248552,2112076.0
SVN,2023,7.876271,3.398615,90.37794678,2120461.0
SWE,1990,3.627135,3.993012,0.584,8558835.0
SWE,1991,3.576523,3.970447,1.16,8617375.0
SWE,1992,3.526433,3.957802,1.5,8668067.0
SWE,1993,3.483384,3.777147,1.72,8718561.0
SWE,1994,3.448327,3.775493,3.41,8780745.0
SWE,1995,3.417432,3.84484,5.1,8826939.0
SWE,1996,3.388609,3.623802,9.04,8840998.0
SWE,1997,3.36036,3.869577,23.7,8846062.0
SWE,1998,3.339022,3.737201,33.5,8850974.0
SWE,1999,3.323849,3.952468,41.4,8857874.0
SWE,2000,3.309076,3.80651,45.6876522122282,8872109.0
SWE,2001,3.308226,3.848922,51.7656649372808,8895960.0
SWE,2002,3.306612,3.884119,70.57,8924958.0
SWE,2003,3.324778,3.827622,79.13,8958229.0
SWE,2004,3.362432,3.856543,83.89,8993531.0
SWE,2005,3.400023,4.068496,84.83,9029572.0
SWE,2006,3.458173,4.060524,87.76,9080505.0
SWE,2007,3.503389,4.182887,82.01,9148092.0
SWE,2008,3.560024,4.102759,90.0,9219637.0
SWE,2009,3.681916,4.105032,91.0,9298515.0
SWE,2010,3.773251,4.205174,90.0,9378126.0
SWE,2011,3.848412,3.95883,92.7699860554046,9449213.0
SWE,2012,3.981603,4.224716,93.1799880065108,9519374.0
SWE,2013,4.131653,4.062327,94.7836,9600379.0
SWE,2014,4.274529,4.074547,92.5236065037579,9696110.0
SWE,2015,4.374324,4.289976,90.6101966398616,9799186.0
SWE,2016,4.489878,4.198951,89.6509476102355,9923085.0
SWE,2017,4.644581,4.351173,93.0062669652127,10057698.0
SWE,2018,4.794599,4.256701,89.2469631588137,10175214.0
SWE,2019,4.929163,4.287572,94.4934434072202,10278887.0
SWE,2020,6.024328,5.234417,94.53943122,10353442.0
SWE,2021,6.072488,4.839047,94.6703163,10415811.0
SWE,2022,6.550718,5.13155,95.00970335,10486941.0
SWE,2023,7.433272,5.269975,95.70327461,10536632.0
SWZ,1990,3.300899,2.548568,0.0,872428.0
SWZ,1991,3.322486,2.560423,,908189.0
SWZ,1992,3.344861,2.577027,,943416.0
SWZ,1993,3.368836,2.527595,,971318.0
SWZ,1994,3.394299,2.547264,,971212.0
SWZ,1995,3.418886,2.566506,0.00103,970433.0
SWZ,1996,3.44266,2.586534,0.0504,989841.0
SWZ,1997,3.46582,2.607372,0.0885,1006635.0
SWZ,1998,3.488206,2.7803,0.0961,1019653.0
SWZ,1999,3.510576,2.647527,0.471,1030782.0
SWZ,2000,3.530836,2.735828,0.926191777269401,1041414.0
SWZ,2001,3.547724,2.756007,1.28159005046719,1051064.0
SWZ,2002,3.563493,2.704724,1.81620380712642,1059441.0
SWZ,2003,3.576513,2.72112,2.43707385055863,1066700.0
SWZ,2004,3.586704,2.735538,3.22868507316111,1073159.0
SWZ,2005,3.595496,2.749711,3.697000027,1079022.0
SWZ,2006,3.604282,2.764164,3.69653878906882,1084436.0
SWZ,2007,3.607275,2.779558,4.1,1090705.0
SWZ,2008,3.613971,2.960485,6.85,1098091.0
SWZ,2009,3.613372,2.819092,8.94,1105153.0
SWZ,2010,3.610413,2.9126,11.04,1111650.0
SWZ,2011,3.614248,2.931688,18.13,1117833.0
SWZ,2012,3.615,2.876798,20.78179932,1123863.0
SWZ,2013,3.626929,2.895679,24.70000076,1129990.0
SWZ,2014,3.64024,2.914614,25.0,1136299.0
SWZ,2015,3.651495,2.935918,25.64299965,1142813.0
SWZ,2016,3.679372,2.95573,28.56999969,1149507.0
SWZ,2017,3.703148,2.974905,35.33160019,1158195.0
SWZ,2018,3.717756,2.996565,39.38100052,1168929.0
SWZ,2019,3.736604,3.184345,43.93389893,1179874.0
SWZ,2020,4.801905,4.021975,49.01300049,1192729.0
SWZ,2021,4.917821,4.168413,53.99530029,1206593.0
SWZ,2022,5.053788,4.131704,57.34370041,1218917.0
SWZ,2023,6.113825,4.228482,61.33330154,1230506.0
SYC,1990,1.868168,1.627914,0.0,69507.0
SYC,1991,1.855844,1.64324,,70439.0
SYC,1992,1.843647,1.659731,,70763.0
SYC,1993,1.830195,1.676346,,72253.0
SYC,1994,1.816543,1.693325,,74205.0
SYC,1995,1.804601,1.710452,,75304.0
SYC,1996,1.794079,1.730971,0.651,76417.0
SYC,1997,1.784457,1.753202,1.28,77319.0
SYC,1998,1.773816,1.776591,2.53,78846.0
SYC,1999,1.762059,1.801195,6.23,80410.0
SYC,2000,1.749678,1.825709,7.39562918315276,81131.0
SYC,2001,1.741184,1.934993,11.0151029300174,81202.0
SYC,2002,1.732703,1.977138,14.3041708309972,83723.0
SYC,2003,1.727855,2.046802,14.5925043169492,82781.0
SYC,2004,1.726667,2.12718,24.2721392249906,82475.0
SYC,2005,1.725051,2.173832,25.4132681462836,82858.0
SYC,2006,1.723207,2.214292,34.95197117065,84600.0
SYC,2007,1.71828,2.261498,38.38,85033.0
SYC,2008,1.717043,2.293096,40.44,86956.0
SYC,2009,1.718501,2.360402,,87298.0
SYC,2010,1.72225,2.405972,41.0,89770.0
SYC,2011,1.727463,2.459563,43.16400146,87441.0
SYC,2012,1.74787,2.509396,47.07600021,88303.0
SYC,2013,1.777096,2.560824,50.40000153,89949.0
SYC,2014,1.805487,2.609437,51.25469971,91359.0
SYC,2015,1.841187,2.649836,54.25960159,93419.0
SYC,2016,1.87418,2.56563,56.51470184,94677.0
SYC,2017,1.906659,2.598099,62.55310059,95843.0
SYC,2018,1.940385,2.562956,69.23660278,96762.0
SYC,2019,1.965627,2.525486,76.63420105,97625.0
SYC,2020,2.368747,2.92098,79.25170135,98462.0
SYC,2021,2.569305,3.077101,81.99530029,99258.0
SYC,2022,2.56336,2.972872,84.83380127,119878.0
SYC,2023,3.04043,3.040368,86.001297,119773.0
SYR,1990,5.123521,4.425727,0.0,12579208.0
SYR,1991,5.151751,4.300313,0.0,12980821.0
SYR,1992,5.180806,4.486888,0.0,13385571.0
SYR,1993,5.20557,4.400326,0.0,13795686.0
SYR,1994,5.224487,4.318343,0.0,14208583.0
SYR,1995,5.23933,4.366619,0.0,14616801.0
SYR,1996,5.251217,4.695921,0.0,15018104.0
SYR,1997,5.261017,4.802065,0.0326,15417542.0
SYR,1998,5.266019,4.934542,0.0637,15820413.0
SYR,1999,5.266397,5.128348,0.124,16228061.0
SYR,2000,5.263388,5.177531,0.181698580104333,16637888.0
SYR,2001,5.248381,5.214527,0.353759130007247,17051338.0
SYR,2002,5.233211,5.290468,2.09310101861765,17468332.0
SYR,2003,5.207943,5.332997,3.39797261356623,17889296.0
SYR,2004,5.174009,5.342375,4.32159377785571,18336875.0
SYR,2005,5.139611,5.435988,5.648099899,18814091.0
SYR,2006,5.110022,5.533125,7.832600117,19637022.0
SYR,2007,5.082158,5.543269,11.5,20884125.0
SYR,2008,5.044866,5.477729,14.0,21636564.0
SYR,2009,5.00996,5.61864,17.3,21976969.0
SYR,2010,5.018452,5.551588,20.7,22482421.0
SYR,2011,5.104905,5.708129,22.5,22878098.0
SYR,2012,5.20774,5.834957,24.30010033,22759763.0
SYR,2013,5.361324,5.950459,26.20000076,21666917.0
SYR,2014,5.569411,6.111535,28.09000015,20273659.0
SYR,2015,5.71206,6.211262,29.97979927,19424618.0
SYR,2016,5.685233,6.303378,31.8696003,19193834.0
SYR,2017,5.677861,6.396666,32.70000076,19224668.0
SYR,2018,5.710467,6.490959,33.77000046,19577845.0
SYR,2019,5.725236,6.583712,,20353534.0
SYR,2020,6.735164,8.180615,,21049429.0
SYR,2021,6.770094,8.383479,,21628839.0
SYR,2022,6.864825,8.183819,,22462173.0
SYR,2023,7.841838,8.442232,,23594623.0
TCD,1990,3.561902,2.984487,0.0,5982833.0
TCD,1991,3.602376,2.922323,,6205676.0
TCD,1992,3.642742,3.051919,,6474656.0
TCD,1993,3.703908,3.030802,,6629146.0
TCD,1994,3.785995,3.037049,,6783450.0
TCD,1995,3.868714,3.003824,,7089064.0
TCD,1996,3.951393,2.957086,,7410108.0
TCD,1997,4.034131,2.989643,0.000658,7670366.0
TCD,1998,4.131001,2.95949,0.00427,7938840.0
TCD,1999,4.242035,2.969794,0.0123,8222705.0
TCD,2000,4.352575,3.001698,0.03570707628555,8512093.0
TCD,2001,4.420457,2.983128,0.0459341343557353,8804124.0
TCD,2002,4.488445,2.992053,0.166069664674347,9116192.0
TCD,2003,4.524807,2.955246,0.320308555366775,9487833.0
TCD,2004,4.529571,2.954896,0.360920107034467,9920036.0
TCD,2005,4.534127,2.957317,0.399257700084004,10328092.0
TCD,2006,4.538754,2.971807,0.581045764229641,10706424.0
TCD,2007,4.540864,2.956696,0.847224520710968,11081660.0
TCD,2008,4.536144,2.990311,1.19,11476296.0
TCD,2009,4.531783,2.961721,1.5,11893754.0
TCD,2010,4.560498,2.910627,1.700000048,12312575.0
TCD,2011,4.625679,2.908037,1.899999976,12754997.0
TCD,2012,4.758803,2.88899,2.099999905,13210998.0
TCD,2013,4.912224,2.859855,2.5,13691079.0
TCD,2014,5.051045,2.871542,2.900000095,14188678.0
TCD,2015,5.222861,2.933247,3.5,14647621.0
TCD,2016,5.408043,2.892766,5.800000191,15114655.0
TCD,2017,5.586319,2.938535,6.351900101,15622759.0
TCD,2018,5.744543,2.966428,6.956299782,16156531.0
TCD,2019,5.853318,2.967297,7.618199825,16685223.0
TCD,2020,7.561606,3.680807,8.343099594,17224679.0
TCD,2021,7.135674,3.562672,9.653699875,17828273.0
TCD,2022,7.749103,3.538795,11.17029953,18455316.0
TCD,2023,8.682991,3.593368,12.03590012,19319064.0
TGO,1990,5.519168,2.472337,0.0,3714021.0
TGO,1991,5.558989,2.655863,0.0,3822636.0
TGO,1992,5.598463,2.652139,0.0,3932581.0
TGO,1993,5.642774,2.772857,0.0,3887974.0
TGO,1994,5.692323,2.858825,0.0,3904183.0
TGO,1995,5.741195,2.707625,0.0,4110450.0
TGO,1996,5.788418,2.877653,0.0109,4291136.0
TGO,1997,5.832874,2.817046,0.211,4438794.0
TGO,1998,5.87846,2.833107,0.306,4551635.0
TGO,1999,5.924294,2.911395,0.59,4665754.0
TGO,2000,5.966634,2.793075,0.8,4783722.0
TGO,2001,5.998406,2.810532,0.9,4904144.0
TGO,2002,6.02641,2.749942,1.0,5027130.0
TGO,2003,6.048707,2.699487,1.2,5154112.0
TGO,2004,6.067019,2.716093,1.5,5281320.0
TGO,2005,6.08406,2.940709,1.799999952,5413154.0
TGO,2006,6.100803,2.744389,2.0,5569664.0
TGO,2007,6.131982,2.850646,2.200000048,5748443.0
TGO,2008,6.179731,2.99062,2.400000095,5936138.0
TGO,2009,6.211876,2.920251,2.599999905,6130946.0
TGO,2010,6.298312,2.971764,3.0,6325788.0
TGO,2011,6.397616,3.077317,3.5,6500582.0
TGO,2012,6.485553,2.948648,4.0,6653718.0
TGO,2013,6.636762,3.119938,4.5,6798848.0
TGO,2014,6.802705,2.925445,5.699999809,6937644.0
TGO,2015,6.96105,2.949607,7.119999886,7071502.0
TGO,2016,7.129426,3.122375,11.31000042,7200884.0
TGO,2017,7.219299,3.099626,12.3602249692905,7324386.0
TGO,2018,7.31718,3.015271,15.5,7458206.0
TGO,2019,7.384877,3.270854,20.72730064,7619925.0
TGO,2020,8.931531,3.85979,29.02370071,7788054.0
TGO,2021,9.138346,3.89806,30.33839989,7936176.0
TGO,2022,9.390161,3.995861,35.60749817,8068616.0
TGO,2023,10.57687,4.063988,37.57020187,8223850.0
THA,1990,1.585737,1.582477,0.0,54738329.0
THA,1991,1.586715,1.598321,5.22e-05,55637434.0
THA,1992,1.587323,1.624055,0.000344,56528834.0
THA,1993,1.586789,1.632378,0.0136,57408198.0
THA,1994,1.584884,1.658556,0.0386,58260854.0
THA,1995,1.582639,1.687564,0.0748,59098232.0
THA,1996,1.580482,1.705837,0.115,59920064.0
THA,1997,1.578834,1.733457,0.361,60724584.0
THA,1998,1.577281,1.770704,1.09,61522630.0
THA,1999,1.575816,1.790478,2.43,62299043.0
THA,2000,1.574853,1.823979,3.68904127944164,63007815.0
THA,2001,1.576224,1.858,5.55632612097332,63651141.0
THA,2002,1.578245,1.887449,7.53125033488567,64266437.0
THA,2003,1.582164,1.926675,9.29902723805965,64868166.0
THA,2004,1.587472,1.978331,10.6773033237281,65452047.0
THA,2005,1.592739,2.01502,15.0260043588909,66017420.0
THA,2006,1.597896,2.056928,17.1607147169285,66567687.0
THA,2007,1.599952,2.097707,20.03,67102394.0
THA,2008,1.597006,2.128047,18.2,67619830.0
THA,2009,1.592441,2.14819,20.1,68121080.0
THA,2010,1.579502,2.168341,22.4,68579447.0
THA,2011,1.568185,2.211306,23.669925618731,69007208.0
THA,2012,1.57732,2.253233,26.46,69436098.0
THA,2013,1.59408,2.288708,28.94,69845114.0
THA,2014,1.61272,2.317336,34.8860535783465,70216367.0
THA,2015,1.650958,2.349768,39.3161267365004,70540795.0
THA,2016,1.706235,2.378583,47.5049656215909,70859841.0
THA,2017,1.75607,2.408759,52.8919293439676,71160187.0
THA,2018,1.79953,2.445571,56.8174809301456,71376079.0
THA,2019,1.846483,2.478325,66.6524194587528,71522271.0
THA,2020,2.097554,2.718295,77.84374066,71641484.0
THA,2021,2.323415,2.871558,85.26956666,71727332.0
THA,2022,2.3224,2.808551,87.97724503,71735329.0
THA,2023,2.640412,2.858419,89.53525238,71702435.0
TJK,1990,2.010771,2.203619,0.0,5398768.0
TJK,1991,2.013534,2.19429,,5541205.0
TJK,1992,2.016767,2.361685,,5649400.0
TJK,1993,2.023282,2.363597,,5724993.0
TJK,1994,2.039301,2.393152,,5825368.0
TJK,1995,2.057301,2.482486,,5948584.0
TJK,1996,2.074576,2.487889,,6066523.0
TJK,1997,2.092665,2.434502,,6139829.0
TJK,1998,2.111811,2.466389,,6176397.0
TJK,1999,2.133147,2.417646,0.0328,6208370.0
TJK,2000,2.156088,2.449472,0.048599594582182,6284735.0
TJK,2001,2.179284,2.436897,0.0512591325352927,6407377.0
TJK,2002,2.201017,2.332901,0.0554628269910006,6531669.0
TJK,2003,2.222996,2.361925,0.0645837771508553,6658575.0
TJK,2004,2.246279,2.323635,0.0774799071356825,6790547.0
TJK,2005,2.26781,2.394509,0.298690023682825,6924720.0
TJK,2006,2.285418,2.44405,3.77240620666448,7057566.0
TJK,2007,2.298369,2.491916,7.19761951797855,7194477.0
TJK,2008,2.336021,2.474839,8.78,7338403.0
TJK,2009,2.354534,2.62333,10.07,7490230.0
TJK,2010,2.389986,2.602845,11.55000019,7652141.0
TJK,2011,2.43844,2.617051,13.02999973,7824785.0
TJK,2012,2.469988,2.676917,14.51000023,8014084.0
TJK,2013,2.488498,2.691181,16.0,8216724.0
TJK,2014,2.514074,2.671865,17.48999977,8425552.0
TJK,2015,2.549219,2.616229,18.97999954,8643840.0
TJK,2016,2.6055,2.67818,20.46999931,8865631.0
TJK,2017,2.636212,2.646013,21.95999908,9085946.0
TJK,2018,2.666984,2.670333,32.59999847,9307333.0
TJK,2019,2.693642,2.699956,22.68630028,9529966.0
TJK,2020,3.277926,3.231731,27.54409981,9749310.0
TJK,2021,3.326749,3.292988,36.70560074,9966908.0
TJK,2022,3.424316,3.239268,48.91429901,10182222.0
TJK,2023,3.990124,3.270546,54.41550064,10389799.0
TKL,1990,2.998255,1.965563,,
TKL,1991,2.993347,1.980978,,
TKL,1992,2.989306,2.001161,,
TKL,1993,2.983053,2.023095,,
TKL,1994,2.975127,2.044128,,
TKL,1995,2.968762,2.063257,,
TKL,1996,2.964992,2.081642,,
TKL,1997,2.965742,2.097723,,
TKL,1998,2.966758,2.114518,,
TKL,1999,2.966757,2.134291,,
TKL,2000,2.964798,2.157704,,
TKL,2001,2.968875,2.1865,,
TKL,2002,2.969359,2.219597,,
TKL,2003,2.975257,2.254441,,
TKL,2004,2.987947,2.289972,,
TKL,2005,2.999388,2.324633,,
TKL,2006,3.010435,2.358964,,
TKL,2007,3.025523,2.39127,,
TKL,2008,3.040896,2.422349,,
TKL,2009,3.068628,2.452342,,
TKL,2010,3.098514,2.481167,,
TKL,2011,3.122301,2.510004,,
TKL,2012,3.164551,2.538103,,
TKL,2013,3.208875,2.566605,,
TKL,2014,3.259084,2.596432,,
TKL,2015,3.323546,2.627908,,
TKL,2016,3.379777,2.658802,,
TKL,2017,3.441337,2.692547,,
TKL,2018,3.496125,2.727259,,
TKL,2019,3.539237,2.762809,,
TKL,2020,4.23441,3.293144,,
TKL,2021,4.449748,3.444116,,
TKL,2022,4.530232,3.381859,,
TKL,2023,5.245116,3.482205,,
TKM,1990,1.606276,2.338772,0.0,3760562.0
TKM,1991,1.608003,2.511473,,3855894.0
TKM,1992,1.611154,2.509152,,3944689.0
TKM,1993,1.619012,2.577241,,4032407.0
TKM,1994,1.630079,2.510854,,4116662.0
TKM,1995,1.642532,2.505056,,4191203.0
TKM,1996,1.656993,2.432213,,4263819.0
TKM,1997,1.67077,2.367314,,4336730.0
TKM,1998,1.687394,2.381497,,4410507.0
TKM,1999,1.704916,2.511793,0.045,4492170.0
TKM,2000,1.723228,2.53056,0.13328218259348,4582677.0
TKM,2001,1.741522,2.623322,0.175209517731422,4675409.0
TKM,2002,1.759321,2.693584,0.302132016152841,4769465.0
TKM,2003,1.777072,2.725439,0.425182631884743,4863865.0
TKM,2004,1.795012,2.754709,0.754053982724623,4958093.0
TKM,2005,1.811547,2.788611,0.997300029,5052257.0
TKM,2006,1.82656,2.790883,1.3195731180963,5147105.0
TKM,2007,1.830218,2.822126,1.40636068812023,5244046.0
TKM,2008,1.832067,2.844713,1.75,5345029.0
TKM,2009,1.822311,2.85054,1.950000048,5451592.0
TKM,2010,1.826778,2.900105,3.0,5564356.0
TKM,2011,1.81742,2.906451,5.0,5683417.0
TKM,2012,1.851667,2.949798,7.195799828,5808546.0
TKM,2013,1.911982,2.943037,9.600000381,5939341.0
TKM,2014,1.979893,2.960097,12.19999981,6075283.0
TKM,2015,2.106093,2.97315,14.99680042,6215770.0
TKM,2016,2.215174,2.834555,17.99029922,6360041.0
TKM,2017,2.394145,2.894539,,6507061.0
TKM,2018,2.524594,2.954006,,6655524.0
TKM,2019,2.592057,2.901229,,6803944.0
TKM,2020,3.206352,3.52912,,6949912.0
TKM,2021,3.235563,3.445077,,7092043.0
TKM,2022,3.416212,3.562298,,7230193.0
TKM,2023,4.104772,3.385061,,7364438.0
TLS,1990,1.640026,1.707057,0.0,760345.0
TLS,1991,1.626444,1.719684,,778278.0
TLS,1992,1.613837,1.726863,,799318.0
TLS,1993,1.600816,1.739704,,821437.0
TLS,1994,1.587419,1.750893,,844493.0
TLS,1995,1.574919,1.767239,,868146.0
TLS,1996,1.562108,1.662293,,892282.0
TLS,1997,1.548679,1.800408,,917184.0
TLS,1998,1.534325,1.758729,,942530.0
TLS,1999,1.51863,1.788945,,834697.0
TLS,2000,1.504182,1.842358,,745088.0
TLS,2001,1.494729,1.869617,,812249.0
TLS,2002,1.485181,1.883518,0.0,879159.0
TLS,2003,1.481595,1.883165,,916878.0
TLS,2004,1.483978,1.789154,,929074.0
TLS,2005,1.488161,1.877001,0.0990317678179026,948311.0
TLS,2006,1.493845,1.894867,0.5,976597.0
TLS,2007,1.498437,1.896988,1.0,1004889.0
TLS,2008,1.507524,1.953725,1.5,1032429.0
TLS,2009,1.520585,1.980528,2.0,1058782.0
TLS,2010,1.535784,1.997574,3.0,1084679.0
TLS,2011,1.550771,1.988694,4.0,1110207.0
TLS,2012,1.580204,2.020507,7.0,1134885.0
TLS,2013,1.6163,2.05154,11.0,1158695.0
TLS,2014,1.651109,2.075774,17.5,1181903.0
TLS,2015,1.691392,2.129739,18.60000038,1205131.0
TLS,2016,1.727049,2.073477,21.20000076,1228312.0
TLS,2017,1.760282,2.101902,24.20000076,1251703.0
TLS,2018,1.792593,2.09506,27.60000038,1275959.0
TLS,2019,1.814421,2.080467,28.00460052,1300945.0
TLS,2020,2.094061,2.382489,32.01269913,1326053.0
TLS,2021,2.244826,2.513133,35.04199982,1350139.0
TLS,2022,2.247862,2.586485,,1369295.0
TLS,2023,2.547051,2.480576,,1384286.0
TON,1990,3.544557,2.240196,0.0,99700.0
TON,1991,3.557616,2.262432,,99895.0
TON,1992,3.569535,2.284359,,100022.0
TON,1993,3.583535,2.305693,,100103.0
TON,1994,3.59965,2.326671,,100166.0
TON,1995,3.614608,2.347153,0.123,100225.0
TON,1996,3.628095,2.368312,0.164,100275.0
TON,1997,3.639238,2.389219,0.511,100674.0
TON,1998,3.650836,2.409931,0.765,101388.0
TON,1999,3.664898,2.431098,1.02,102046.0
TON,2000,3.678311,2.451342,2.4343980443669,102677.0
TON,2001,3.696974,2.4719,2.82537183911525,103288.0
TON,2002,3.716422,2.492554,2.90729731626382,103874.0
TON,2003,3.742654,2.513503,2.98581736750435,104464.0
TON,2004,3.77515,2.534482,3.95237389457043,105071.0
TON,2005,3.807597,2.555006,4.907800198,105671.0
TON,2006,3.839284,2.575803,5.853899956,106253.0
TON,2007,3.876263,2.597321,7.179900169,106726.0
TON,2008,3.908578,2.61975,8.11076994380395,107020.0
TON,2009,3.95306,2.642134,10.0,107203.0
TON,2010,4.000814,2.665733,16.0,107400.0
TON,2011,4.040981,2.689398,25.0,107570.0
TON,2012,4.104728,2.713011,30.0,107460.0
TON,2013,4.170085,2.736362,32.75400162,107078.0
TON,2014,4.242291,2.759544,35.95439911,106609.0
TON,2015,4.334953,2.783322,38.65129852,106095.0
TON,2016,4.419254,2.805206,39.95000076,105524.0
TON,2017,4.513009,2.828436,46.20080185,105356.0
TON,2018,4.60104,2.852238,48.80789948,105567.0
TON,2019,4.677138,2.87623,51.56299973,105669.0
TON,2020,5.697868,3.673328,54.47370148,105704.0
TON,2021,6.012633,3.60438,57.549,105490.0
TON,2022,6.102151,3.588802,61.60739899,105042.0
TON,2023,7.072948,3.706962,64.13140106,104597.0
TTO,1990,3.245263,3.152946,0.0,1252208.0
TTO,1991,3.303909,3.173597,,1262171.0
TTO,1992,3.364413,3.223503,,1271674.0
TTO,1993,3.429678,3.262859,,1280466.0
TTO,1994,3.498693,3.310682,,1288341.0
TTO,1995,3.567712,3.363663,0.158,1295169.0
TTO,1996,3.636222,3.423642,0.393,1300928.0
TTO,1997,3.704689,3.480163,1.17,1305836.0
TTO,1998,3.774227,3.5169,2.72,1310225.0
TTO,1999,3.844852,3.378441,5.81,1314708.0
TTO,2000,3.913871,3.417159,7.72141147401745,1319774.0
TTO,2001,3.975787,3.352847,15.384627218944,1325567.0
TTO,2002,4.037864,3.301557,21.9986754804449,1332011.0
TTO,2003,4.093104,3.337412,25.9717641091609,1338709.0
TTO,2004,4.139826,3.367283,27.0242700782714,1345380.0
TTO,2005,4.183493,3.392484,28.97669983,1294494.0
TTO,2006,4.224976,3.400971,30.00370026,1297944.0
TTO,2007,4.227658,3.407213,32.3,1303188.0
TTO,2008,4.225829,3.407995,34.8,1308587.0
TTO,2009,4.204547,3.400205,44.3,1310106.0
TTO,2010,4.140046,3.39016,48.5,1317714.0
TTO,2011,4.102442,3.388415,55.2,1328019.0
TTO,2012,4.194992,3.386403,57.5,1335194.0
TTO,2013,4.281047,3.388791,59.90000153,1340557.0
TTO,2014,4.335719,3.396249,62.40000153,1345343.0
TTO,2015,4.482304,3.404617,65.09999847,1349667.0
TTO,2016,4.572541,3.415619,67.80000305,1353895.0
TTO,2017,4.577456,3.428953,70.59999847,1356633.0
TTO,2018,4.566035,3.696318,72.76029968,1359193.0
TTO,2019,4.605448,3.715184,74.98670197,1363985.0
TTO,2020,5.520125,4.574783,77.28130341,1366725.0
TTO,2021,5.913377,4.911604,84.36576986,1367558.0
TTO,2022,5.917497,4.779782,81.69760132,1365805.0
TTO,2023,6.836596,4.664802,81.9681015,1367510.0
TUN,1990,5.250422,3.474116,0.0,8324509.0
TUN,1991,5.270106,3.696086,,8501827.0
TUN,1992,5.292468,3.551333,,8682512.0
TUN,1993,5.314289,3.678736,,8857910.0
TUN,1994,5.335788,3.888499,0.00738,9018448.0
TUN,1995,5.358881,3.886374,0.0112,9161258.0
TUN,1996,5.383554,3.809674,0.0276,9294432.0
TUN,1997,5.409061,3.961635,0.0437,9421270.0
TUN,1998,5.433413,3.934367,0.108,9541667.0
TUN,1999,5.455426,3.892287,1.6,9655963.0
TUN,2000,5.473767,4.149975,2.75074029298135,9764935.0
TUN,2001,5.477939,4.196507,4.29796603474685,9869677.0
TUN,2002,5.478925,4.38861,5.25288729548421,9971515.0
TUN,2003,5.464997,4.298587,6.49084579532797,10071632.0
TUN,2004,5.435891,4.361521,8.52881775162591,10166163.0
TUN,2005,5.402813,4.30627,9.655099869,10255472.0
TUN,2006,5.371032,4.435109,12.98639965,10346410.0
TUN,2007,5.338847,4.519352,17.1,10441702.0
TUN,2008,5.29702,4.410313,27.53,10542635.0
TUN,2009,5.249053,4.564226,34.07,10650681.0
TUN,2010,5.203847,4.486757,36.8,10765980.0
TUN,2011,5.142894,4.625922,39.1,10886035.0
TUN,2012,5.113238,4.627012,41.4416008,11009647.0
TUN,2013,5.054551,4.809391,43.79999924,11141361.0
TUN,2014,5.027421,4.952707,46.15999985,11274288.0
TUN,2015,5.006314,5.005774,46.4999943435776,11402264.0
TUN,2016,4.989217,5.042692,49.5999948415756,11528674.0
TUN,2017,4.983018,5.042265,55.5001550633671,11650498.0
TUN,2018,4.970214,5.085334,64.1908102327387,11765514.0
TUN,2019,4.951377,5.081869,66.6999983024144,11875081.0
TUN,2020,6.019971,6.238569,68.55639648,11974057.0
TUN,2021,6.140962,6.406505,68.31552226,12048622.0
TUN,2022,6.244829,6.162647,,12119334.0
TUN,2023,7.334717,6.349892,,12200431.0
TUR,1990,4.296569,3.508177,0.0,56015628.0
TUR,1991,4.299227,3.552212,,57009887.0
TUR,1992,4.300317,3.626865,,57990118.0
TUR,1993,4.296927,3.675576,0.00846,58999167.0
TUR,1994,4.288619,3.735126,0.0499,60033836.0
TUR,1995,4.279627,3.791812,0.0817,61024503.0
TUR,1996,4.268516,3.847017,0.193,61951134.0
TUR,1997,4.255201,3.890421,0.474,62852966.0
TUR,1998,4.238369,3.933072,0.699,63734383.0
TUR,1999,4.217215,3.969424,2.29,64591923.0
TUR,2000,4.197577,3.979422,3.761685035075,65425961.0
TUR,2001,4.17767,4.016271,5.18948146078506,66245128.0
TUR,2002,4.158403,4.021812,11.38,67048795.0
TUR,2003,4.138896,4.076464,12.33,67831730.0
TUR,2004,4.118711,4.117968,14.58,68592617.0
TUR,2005,4.097686,4.170759,15.46,69329557.0
TUR,2006,4.080825,4.225803,18.24,70045349.0
TUR,2007,4.062659,4.293263,28.63,70158112.0
TUR,2008,4.031638,4.33944,34.37,71051678.0
TUR,2009,4.012561,4.363295,36.4,72039206.0
TUR,2010,3.975127,4.417798,39.82,73142150.0
TUR,2011,3.940543,4.452026,43.065710430925,74223629.0
TUR,2012,3.915713,4.491544,45.13,75175827.0
TUR,2013,3.912688,4.5417,46.25,76147624.0
TUR,2014,3.904749,4.580238,51.0373665521645,77181884.0
TUR,2015,3.891484,4.617241,53.7449791423583,78218479.0
TUR,2016,3.863192,4.6499,58.3477340145685,79277962.0
TUR,2017,3.81981,4.647388,64.6846176835371,80312698.0
TUR,2018,3.790811,4.673373,71.0427608433809,81407204.0
TUR,2019,3.774674,4.679714,73.9767022871511,82579440.0
TUR,2020,4.424077,5.581145,77.6695605,83384680.0
TUR,2021,4.503524,5.684146,81.40843745,84147318.0
TUR,2022,4.597143,5.539486,83.43716576,84979913.0
TUR,2023,5.261435,5.671554,85.96074155,85325965.0
TUV,1990,2.860145,1.961208,0.0,8798.0
TUV,1991,2.86404,1.978186,,8928.0
TUV,1992,2.869681,1.995487,,9038.0
TUV,1993,2.873817,2.01296,,9126.0
TUV,1994,2.875115,2.029933,,9207.0
TUV,1995,2.875193,2.046533,,9280.0
TUV,1996,2.873486,2.064383,,9342.0
TUV,1997,2.870515,2.081897,,9400.0
TUV,1998,2.865443,2.099912,,9451.0
TUV,1999,2.858867,2.11823,,9496.0
TUV,2000,2.852128,2.135716,5.24163958486214,9544.0
TUV,2001,2.853565,2.154115,5.7,9586.0
TUV,2002,2.855273,2.173114,6.3,9623.0
TUV,2003,2.865718,2.193095,6.9,9695.0
TUV,2004,2.884641,2.21392,7.6,9816.0
TUV,2005,2.903424,2.235024,8.300000191,9940.0
TUV,2006,2.921673,2.258126,9.100000381,10056.0
TUV,2007,2.942015,2.281898,10.0,10182.0
TUV,2008,2.961054,2.307068,11.19999981,10321.0
TUV,2009,2.991023,2.333286,12.80000019,10461.0
TUV,2010,3.021798,2.359706,14.60000038,10614.0
TUV,2011,3.045127,2.387326,16.5,10780.0
TUV,2012,3.086011,2.415039,18.70000076,10934.0
TUV,2013,3.127225,2.443114,21.20000076,11001.0
TUV,2014,3.171901,2.471224,24.10000038,10984.0
TUV,2015,3.22767,2.498702,27.29999924,10963.0
TUV,2016,3.272492,2.522621,31.0,10930.0
TUV,2017,3.320079,2.546395,35.20000076,10869.0
TUV,2018,3.360361,2.568354,,10751.0
TUV,2019,3.389849,2.588345,,10581.0
TUV,2020,4.045784,3.067422,,10399.0
TUV,2021,4.242333,3.183513,,10194.0
TUV,2022,4.300765,3.098936,,9992.0
TUV,2023,4.957581,3.163605,,9816.0
TWN,1990,2.768825,1.922313,,
TWN,1991,2.761144,2.015411,,
TWN,1992,2.754126,2.030029,,
TWN,1993,2.746308,2.033617,,
TWN,1994,2.737246,2.14406,,
TWN,1995,2.724804,2.083635,,
TWN,1996,2.707032,2.18341,,
TWN,1997,2.691835,2.141,,
TWN,1998,2.683529,2.178687,,
TWN,1999,2.676573,2.210663,,
TWN,2000,2.674757,2.206574,,
TWN,2001,2.683043,2.304859,,
TWN,2002,2.692495,2.274202,,
TWN,2003,2.709426,2.343562,,
TWN,2004,2.735649,2.384419,,
TWN,2005,2.762853,2.392622,,
TWN,2006,2.789823,2.435233,,
TWN,2007,2.884872,2.505703,,
TWN,2008,2.96262,2.522217,,
TWN,2009,3.055411,2.580203,,
TWN,2010,3.215893,2.623462,,
TWN,2011,3.280663,2.653018,,
TWN,2012,3.280154,2.69387,,
TWN,2013,3.254969,2.732871,,
TWN,2014,3.298313,2.772651,,
TWN,2015,3.381952,2.811471,,
TWN,2016,3.391183,2.847993,,
TWN,2017,3.376008,2.884064,,
TWN,2018,3.323767,2.919393,,
TWN,2019,3.310789,2.954488,,
TWN,2020,3.658,3.212911,,
TWN,2021,3.598561,3.238086,,
TWN,2022,3.730244,3.260668,,
TWN,2023,3.958965,3.314163,,
TZA,1990,2.027766,2.416638,0.0,26110207.0
TZA,1991,2.023491,2.420247,,26780436.0
TZA,1992,2.018955,2.514458,,27457588.0
TZA,1993,2.013983,2.426786,,28332692.0
TZA,1994,2.008473,2.559462,,29442356.0
TZA,1995,2.002845,2.471221,,30383497.0
TZA,1996,1.996989,2.471575,0.00162,30945762.0
TZA,1997,1.99125,2.573057,0.0079,31578089.0
TZA,1998,1.985674,2.553391,0.00924,32420458.0
TZA,1999,1.980347,2.593879,0.0751,33300330.0
TZA,2000,1.975085,2.66004,0.11719444010825,34260139.0
TZA,2001,1.970829,2.670656,0.171300350668948,35198299.0
TZA,2002,1.967104,2.692651,0.222484413923909,36121304.0
TZA,2003,1.96507,2.655003,0.676962856510303,37089555.0
TZA,2004,1.964633,2.684083,0.87757497099259,38109668.0
TZA,2005,1.964275,2.674878,1.100000024,39182076.0
TZA,2006,1.964478,2.648484,1.299999952,40294902.0
TZA,2007,1.957222,2.664692,1.6,41435512.0
TZA,2008,1.950248,2.67178,1.899999976,42570728.0
TZA,2009,1.944059,2.658119,2.400000095,43633982.0
TZA,2010,1.926736,2.697131,2.900000095,44758488.0
TZA,2011,1.930406,2.699056,3.200000048,46029367.0
TZA,2012,1.95259,2.678327,3.950000048,47374260.0
TZA,2013,1.99515,2.737927,4.400000095,48824128.0
TZA,2014,2.058476,2.716038,7.0,50351512.0
TZA,2015,2.112558,2.740593,10.0,52020962.0
TZA,2016,2.189488,2.767959,13.5042328468919,53824013.0
TZA,2017,2.244494,2.736716,14.46339989,55652890.0
TZA,2018,2.283837,2.759561,15.49069977,57437145.0
TZA,2019,2.342407,2.781963,16.59090042,59174891.0
TZA,2020,3.037641,3.397623,19.48139954,60972798.0
TZA,2021,3.216208,3.506815,22.87540054,62830412.0
TZA,2022,3.299951,3.41124,26.86059952,64711821.0
TZA,2023,3.990703,3.517052,28.43190002,66617606.0
UGA,1990,2.789059,2.458906,0.0,17569897.0
UGA,1991,2.779054,2.448047,,18155901.0
UGA,1992,2.769547,2.409412,,18785032.0
UGA,1993,2.759857,2.277101,,19445161.0
UGA,1994,2.750108,2.383955,,20108801.0
UGA,1995,2.741937,2.316967,0.00286,20665667.0
UGA,1996,2.734881,2.325521,0.00463,21231550.0
UGA,1997,2.729328,2.385352,0.0103,21856046.0
UGA,1998,2.724604,2.393442,0.0653,22515806.0
UGA,1999,2.720554,2.392388,0.106,23257281.0
UGA,2000,2.717773,2.386286,0.163714063074854,24000150.0
UGA,2001,2.718111,2.367675,0.237945087191408,24745676.0
UGA,2002,2.719266,2.383908,0.384093504951945,25532870.0
UGA,2003,2.722395,2.375699,0.464849840113968,26352124.0
UGA,2004,2.727829,2.382118,0.719970679914031,27154515.0
UGA,2005,2.733611,2.381541,1.742200017,27963289.0
UGA,2006,2.740347,2.369251,2.52940011,28794003.0
UGA,2007,2.742356,2.353684,3.67196535074744,29653430.0
UGA,2008,2.756272,2.296092,3.880000114,30539553.0
UGA,2009,2.786538,2.309269,4.099999905,31451151.0
UGA,2010,2.804154,2.297256,4.300000191,32390802.0
UGA,2011,2.855168,2.246671,4.599999905,33354543.0
UGA,2012,2.924988,2.261151,4.800000191,34337438.0
UGA,2013,3.016723,2.260083,5.099999905,35337042.0
UGA,2014,3.111349,2.268802,5.400000095,36395539.0
UGA,2015,3.225378,2.252323,5.699999809,37531446.0
UGA,2016,3.379954,2.276643,5.9,38799152.0
UGA,2017,3.499041,2.291585,7.417900085,40177388.0
UGA,2018,3.56712,2.307596,9.326299667,41565831.0
UGA,2019,3.629283,2.323939,11.72579956,42999637.0
UGA,2020,4.592546,2.689122,7.4,44457152.0
UGA,2021,5.015111,2.948829,10.0,45910930.0
UGA,2022,5.059347,2.818247,9.636899948,47312719.0
UGA,2023,6.019377,2.877687,9.286999702,48656601.0
UKR,1990,3.16784,4.304634,0.0,52054092.0
UKR,1991,3.176109,4.318707,,52170961.0
UKR,1992,3.186195,4.474256,,52323671.0
UKR,1993,3.197777,4.35464,0.000777,52350126.0
UKR,1994,3.209328,4.594829,0.0136,52075998.0
UKR,1995,3.220714,4.469524,0.0431,51665539.0
UKR,1996,3.231638,4.505548,0.0986,51226109.0
UKR,1997,3.240976,4.69796,0.199,50786885.0
UKR,1998,3.247856,4.515382,0.301,50379731.0
UKR,1999,3.252749,4.783065,0.405,49976446.0
UKR,2000,3.255738,4.677687,0.716183762031043,49556660.0
UKR,2001,3.258281,4.709187,1.23875954748114,49106855.0
UKR,2002,3.258534,4.894003,1.87388511643427,48677281.0
UKR,2003,3.257524,4.700485,3.14812758815439,48315136.0
UKR,2004,3.255969,4.79972,3.4894778812677,47979507.0
UKR,2005,3.251957,5.065915,3.749799967,47585556.0
UKR,2006,3.246522,5.003058,4.50612456357379,47278694.0
UKR,2007,3.22728,5.12307,6.55,47062798.0
UKR,2008,3.217944,5.241651,11.0,46819175.0
UKR,2009,3.209526,5.230193,17.9,46623731.0
UKR,2010,3.203534,5.223036,23.3,46456003.0
UKR,2011,3.217837,5.215723,28.7082628400713,46307853.0
UKR,2012,3.250193,5.213713,35.27,46210056.0
UKR,2013,3.3004,5.12758,40.954128997,46126770.0
UKR,2014,3.32957,5.324786,46.2359754571651,45972380.0
UKR,2015,3.346317,5.263466,48.8846436813218,45784896.0
UKR,2016,3.385208,5.294453,53.0009695981884,45616832.0
UKR,2017,3.429901,5.409643,58.8894794459775,45436041.0
UKR,2018,3.43895,5.376504,62.5531553933869,45208907.0
UKR,2019,3.419432,5.394584,70.1248442995263,44957458.0
UKR,2020,4.020029,6.411388,75.03790912,44680014.0
UKR,2021,4.219992,6.670571,79.21829353,44298640.0
UKR,2022,4.266037,6.60772,80.47429657,41048766.0
UKR,2023,4.95427,6.755032,81.58059692,37732836.0
URY,1990,6.024777,2.949774,0.0,3104403.0
URY,1991,6.038944,3.034842,,3122354.0
URY,1992,6.053781,3.043012,,3139702.0
URY,1993,6.077732,2.97534,,3156345.0
URY,1994,6.110023,2.980799,0.0625,3172834.0
URY,1995,6.14139,2.985086,0.31,3189440.0
URY,1996,6.171101,2.994114,1.85,3206324.0
URY,1997,6.201153,3.00142,3.36,3223345.0
URY,1998,6.240617,3.008759,6.99,3239280.0
URY,1999,6.290776,3.020075,9.97,3254015.0
URY,2000,6.343753,3.031966,10.5390577480141,3266206.0
URY,2001,6.396549,3.045067,11.1214376832783,3274251.0
URY,2002,6.449808,3.058618,11.4194701966853,3278867.0
URY,2003,6.502475,3.073556,15.9371367159756,3281186.0
URY,2004,6.554761,3.089643,17.0630983403661,3283148.0
URY,2005,6.605011,3.105898,20.0881895579305,3285771.0
URY,2006,6.654331,3.123626,29.39999962,3289506.0
URY,2007,6.686415,3.141996,34.0,3295153.0
URY,2008,6.72001,3.160638,39.3,3302177.0
URY,2009,6.733684,3.180499,41.8,3310091.0
URY,2010,6.718293,3.200367,46.4,3318580.0
URY,2011,6.721246,3.219677,51.4046610563616,3326825.0
URY,2012,6.706014,3.237506,54.453768680746,3335401.0
URY,2013,6.735948,3.25304,57.69,3345337.0
URY,2014,6.753594,3.267187,61.4624951684405,3356334.0
URY,2015,6.780296,3.279923,64.5707870971624,3368017.0
URY,2016,6.84341,3.456013,66.40000153,3379283.0
URY,2017,6.896418,3.302154,70.3223543994698,3388438.0
URY,2018,6.950371,3.578697,80.7268428795854,3394534.0
URY,2019,6.99032,3.408323,83.3515337667548,3397206.0
URY,2020,7.917072,4.19775,85.47100067,3398968.0
URY,2021,8.481561,4.19003,87.64440155,3396695.0
URY,2022,8.412034,4.274938,89.87304314,3390913.0
URY,2023,9.512571,4.146265,90.92590332,3388081.0
USA,1990,6.426357,3.906921,0.785,249623000.0
USA,1991,6.483964,4.00998,1.16,252981000.0
USA,1992,6.541715,3.891132,1.72,256514000.0
USA,1993,6.604673,3.955011,2.27,259919000.0
USA,1994,6.677439,3.942444,4.86,263126000.0
USA,1995,6.754015,3.914686,9.24,266278000.0
USA,1996,6.835814,3.963647,16.4,269394000.0
USA,1997,6.920926,3.902295,21.6,272657000.0
USA,1998,7.008634,3.927438,30.1,275854000.0
USA,1999,7.099528,3.924532,35.8,279040000.0
USA,2000,7.189816,3.946513,43.0791626375201,282162411.0
USA,2001,7.207795,4.028805,49.0808315896951,284968955.0
USA,2002,7.223921,4.0474,58.7854038836952,287625193.0
USA,2003,7.165418,4.135825,61.6971171244207,290107933.0
USA,2004,7.036096,4.188384,64.7582564759896,292805298.0
USA,2005,6.908255,4.230895,67.9681015,295516599.0
USA,2006,6.783466,4.293262,68.93119812,298379912.0
USA,2007,6.65465,4.345313,75.0,301231207.0
USA,2008,6.482816,4.382532,74.0,304093966.0
USA,2009,6.265972,4.437172,71.0,306771529.0
USA,2010,6.047772,4.483365,71.69,309378227.0
USA,2011,5.928768,4.513598,69.7294607619268,311839461.0
USA,2012,5.792759,4.545861,74.7,314339099.0
USA,2013,5.701723,4.563068,71.4,316726282.0
USA,2014,5.659853,4.570024,73.0,319257560.0
USA,2015,5.606791,4.561085,74.5542024462761,321815121.0
USA,2016,5.569515,4.57159,85.5444212887222,324353340.0
USA,2017,5.520479,4.539019,87.2748891687657,326608609.0
USA,2018,5.497546,4.50117,88.498903165152,328529577.0
USA,2019,5.502695,4.501011,89.4302848575712,330226227.0
USA,2020,6.699755,5.269477,90.34470367,331578104.0
USA,2021,6.753648,5.217417,91.2684021,332100166.0
USA,2022,6.95251,5.062854,92.72850037,333996304.0
USA,2023,7.979164,5.244168,93.52559662,336755052.0
UZB,1990,2.023421,2.278615,0.0,20464956.0
UZB,1991,2.029543,2.280607,,20962910.0
UZB,1992,2.038845,2.288041,,21485090.0
UZB,1993,2.05321,2.431934,,21987955.0
UZB,1994,2.072147,2.424426,,22463291.0
UZB,1995,2.093473,2.377642,0.00153,22917589.0
UZB,1996,2.116913,2.453207,0.00429,23351981.0
UZB,1997,2.140672,2.403606,0.0105,23758960.0
UZB,1998,2.168148,2.377034,0.0208,24134929.0
UZB,1999,2.195153,2.524473,0.0307,24476008.0
UZB,2000,2.222019,2.579207,0.484347307694947,24787054.0
UZB,2001,2.246256,2.637965,0.597567993875805,25090283.0
UZB,2002,2.268837,2.627088,1.08193974248733,25399980.0
UZB,2003,2.289775,2.654269,1.91259517784997,25711259.0
UZB,2004,2.309056,2.737989,2.59372542084924,26029350.0
UZB,2005,2.324981,2.717562,3.34350988825952,26356975.0
UZB,2006,2.337387,2.731974,6.38832196706805,26699043.0
UZB,2007,2.315173,2.861026,7.49060468138629,27076008.0
UZB,2008,2.300834,2.844443,9.0801145234501,27494774.0
UZB,2009,2.253812,2.872643,11.9,27939328.0
UZB,2010,2.19333,2.92912,15.89999962,28385506.0
UZB,2011,2.143977,2.945481,18.6,28823196.0
UZB,2012,2.127639,2.998822,23.60000038,29261903.0
UZB,2013,2.117912,2.976617,26.79999924,29724065.0
UZB,2014,2.093058,3.004619,35.5,30222994.0
UZB,2015,2.065838,3.010855,42.79999924,30749346.0
UZB,2016,2.044843,2.886047,46.79130173,31284568.0
UZB,2017,2.043146,3.00743,48.6999988524556,31819178.0
UZB,2018,2.046363,2.989731,55.2000006732722,32373490.0
UZB,2019,2.063891,2.934995,70.3999986481458,32964701.0
UZB,2020,2.423648,3.333575,71.09999824,33586372.0
UZB,2021,2.419992,3.324556,76.59043014,34243696.0
UZB,2022,2.522265,3.371198,83.90000012,34938955.0
UZB,2023,2.806765,3.306553,89.01361047,35652307.0
VCT,1990,3.948384,2.707908,0.0,111812.0
VCT,1991,4.006539,2.652862,,112222.0
VCT,1992,4.062593,2.685121,,112509.0
VCT,1993,4.12163,2.717328,,112735.0
VCT,1994,4.183134,2.750427,,112918.0
VCT,1995,4.245151,2.983017,0.129,113047.0
VCT,1996,4.309727,2.998058,0.483,113119.0
VCT,1997,4.380418,2.93762,0.926,113141.0
VCT,1998,4.45499,3.067198,1.85,113180.0
VCT,1999,4.533142,3.000707,2.78,113366.0
VCT,2000,4.611336,2.945751,3.24503741064558,113545.0
VCT,2001,4.683811,2.976933,5.09480977832946,113501.0
VCT,2002,4.759284,3.011803,5.54959487957379,113347.0
VCT,2003,4.830012,3.046402,6.46227416659743,113141.0
VCT,2004,4.892959,3.07635,7.37116584201749,112835.0
VCT,2005,4.951348,3.103669,9.19827808234299,112450.0
VCT,2006,5.004844,3.119863,12.0,112014.0
VCT,2007,5.051009,3.137151,16.0,111531.0
VCT,2008,5.093235,3.150735,21.0,111028.0
VCT,2009,5.135883,3.154963,31.0,110508.0
VCT,2010,5.162227,3.158051,33.70000076,109959.0
VCT,2011,5.193109,3.169517,36.70000076,109349.0
VCT,2012,5.269513,3.177858,40.0,108736.0
VCT,2013,5.3125,3.189537,43.5,108135.0
VCT,2014,5.352708,3.206413,47.4,107535.0
VCT,2015,5.425427,3.221509,49.40000153,106960.0
VCT,2016,5.498911,3.240376,51.5,106349.0
VCT,2017,5.547214,3.259788,53.70000076,105663.0
VCT,2018,5.560358,3.282507,56.0,104926.0
VCT,2019,5.546379,3.307813,59.57630157,104167.0
VCT,2020,6.268671,3.839974,63.38100052,103526.0
VCT,2021,6.505332,3.967425,68.83339691,102841.0
VCT,2022,6.60782,3.891487,74.75479889,102046.0
VCT,2023,7.282473,4.029346,75.53679657,101323.0
VEN,1990,2.618626,2.956321,0.0,19827010.0
VEN,1991,2.648211,2.969588,,20304896.0
VEN,1992,2.678682,3.017202,0.0121,20780948.0
VEN,1993,2.715857,3.009332,0.0416,21254520.0
VEN,1994,2.759922,3.054298,0.0555,21725188.0
VEN,1995,2.804695,3.047551,0.122,22193821.0
VEN,1996,2.84829,3.066262,0.248,22662113.0
VEN,1997,2.889622,3.036864,0.391,23131685.0
VEN,1998,2.934401,3.052709,1.38,23601337.0
VEN,1999,2.982178,3.062771,2.84,24066593.0
VEN,2000,3.035173,3.071869,3.3595974645036,24526708.0
VEN,2001,3.081809,3.105109,4.63600094778677,24979922.0
VEN,2002,3.128025,3.125211,4.91044632720325,25435671.0
VEN,2003,3.165555,3.145086,7.49996346522407,25892703.0
VEN,2004,3.193959,3.160795,8.40446959241215,26340838.0
VEN,2005,3.221418,3.174474,12.5529979098299,26785804.0
VEN,2006,3.232114,3.191155,15.2247114771787,27224686.0
VEN,2007,3.265156,3.211047,20.83,27649363.0
VEN,2008,3.274311,3.240367,25.88,28053696.0
VEN,2009,3.279476,3.259399,32.7,28438298.0
VEN,2010,3.302076,3.279108,37.37,28813101.0
VEN,2011,3.352975,3.288913,40.22,29185212.0
VEN,2012,3.40466,3.298792,49.0500830729861,29553826.0
VEN,2013,3.48413,3.309145,54.90000153,29912198.0
VEN,2014,3.582538,3.341516,57.0,30254079.0
VEN,2015,3.711759,3.344078,58.0,30573972.0
VEN,2016,3.882407,3.376061,60.0,30765720.0
VEN,2017,4.024583,3.398031,,30565323.0
VEN,2018,4.191326,3.415466,,29807592.0
VEN,2019,4.354224,3.446773,49.05009842,28938098.0
VEN,2020,5.272448,4.055687,72.44110107,28444077.0
VEN,2021,5.575903,4.228987,74.11219788,28237826.0
VEN,2022,5.788289,4.141037,75.82180023,28213017.0
VEN,2023,6.70357,4.202721,76.33190155,28300854.0
VIR,1990,4.292875,2.60687,0.0,103963.0
VIR,1991,4.346097,2.624566,,104807.0
VIR,1992,4.399166,2.64191,,105712.0
VIR,1993,4.457816,2.659785,,106578.0
VIR,1994,4.522377,2.678772,0.941,107318.0
VIR,1995,4.588987,2.699303,2.8,107818.0
VIR,1996,4.658527,2.72167,4.65,108095.0
VIR,1997,4.730562,2.745948,6.95,108357.0
VIR,1998,4.806593,2.77116,9.25,108537.0
VIR,1999,4.885244,2.796461,11.1,108599.0
VIR,2000,4.962718,2.821524,13.8150805419196,108642.0
VIR,2001,5.029633,2.844607,18.3757660397468,108549.0
VIR,2002,5.095713,2.867627,27.4944323774436,108509.0
VIR,2003,5.153415,2.889833,27.4290729887632,108505.0
VIR,2004,5.20226,2.910917,27.3770087880198,108466.0
VIR,2005,5.24958,2.931349,27.3443196733265,108453.0
VIR,2006,5.295188,2.949015,27.3326105376325,108369.0
VIR,2007,5.333367,2.966767,27.3393358364014,108337.0
VIR,2008,5.367965,2.983262,27.3617774210613,108397.0
VIR,2009,5.405414,2.99794,27.3965096846662,108404.0
VIR,2010,5.426928,3.012089,31.22,108357.0
VIR,2011,5.456043,3.027082,35.6,108290.0
VIR,2012,5.532087,3.042138,40.5479,108188.0
VIR,2013,5.576809,3.05868,45.3,108041.0
VIR,2014,5.620361,3.076879,50.07,107882.0
VIR,2015,5.697894,3.095849,54.839137296,107712.0
VIR,2016,5.773236,3.114245,59.60831579895,107516.0
VIR,2017,5.820177,3.1328,64.3774942980087,107281.0
VIR,2018,5.825328,3.150315,,107001.0
VIR,2019,5.801495,3.166988,,106669.0
VIR,2020,6.564163,3.649325,,106290.0
VIR,2021,6.809065,3.763228,,105870.0
VIR,2022,6.892478,3.67815,,105413.0
VIR,2023,7.639441,3.800682,,104917.0
VNM,1990,1.585144,1.508721,0.0,65504552.0
VNM,1991,1.58177,1.49072,,66891775.0
VNM,1992,1.579901,1.482384,,68260337.0
VNM,1993,1.578744,1.499828,,69586384.0
VNM,1994,1.578539,1.520585,,70854391.0
VNM,1995,1.57989,1.542282,,72049940.0
VNM,1996,1.582457,1.568072,0.000135,73156447.0
VNM,1997,1.585867,1.640833,0.00398,74226889.0
VNM,1998,1.589802,1.628049,0.0131,75299660.0
VNM,1999,1.593838,1.68371,0.129,76287452.0
VNM,2000,1.59769,1.719568,0.254248275754934,77154011.0
VNM,2001,1.603987,1.79784,1.26565123612317,77969361.0
VNM,2002,1.6096,1.773705,1.85499923592581,78772224.0
VNM,2003,1.617127,1.917692,3.78028081370641,79563777.0
VNM,2004,1.626251,1.883315,7.64240852842363,80338971.0
VNM,2005,1.634052,1.993676,12.7399292907031,81088313.0
VNM,2006,1.64098,2.033493,17.2545617186662,82167897.0
VNM,2007,1.64832,2.067911,20.7554447679753,83633375.0
VNM,2008,1.655633,2.072324,23.92,85175788.0
VNM,2009,1.668741,2.170618,26.55,86460018.0
VNM,2010,1.675681,2.169796,30.65,87455152.0
VNM,2011,1.680403,2.187305,35.07,88468314.0
VNM,2012,1.692999,2.262627,36.79999924,89510356.0
VNM,2013,1.697986,2.286869,38.5,90573104.0
VNM,2014,1.716881,2.302226,41.0,91679578.0
VNM,2015,1.742493,2.344947,45.0,92823254.0
VNM,2016,1.768768,2.354132,53.0,94000117.0
VNM,2017,1.783662,2.362314,58.1400000036297,95176977.0
VNM,2018,1.772943,2.389676,69.8479286837965,96237319.0
VNM,2019,1.757403,2.330955,68.6615802057338,97173776.0
VNM,2020,1.916186,2.565967,70.30000012,98079191.0
VNM,2021,2.087815,2.712762,74.20999985,98935098.0
VNM,2022,2.058876,2.592658,78.58999918,99680655.0
VNM,2023,2.307433,2.716952,78.08,100352192.0
VUT,1990,2.826866,1.662143,0.0,148063.0
VUT,1991,2.824316,1.675386,,151793.0
VUT,1992,2.821939,1.68915,,155608.0
VUT,1993,2.817133,1.703454,,159463.0
VUT,1994,2.809862,1.717722,,163314.0
VUT,1995,2.80191,1.731706,,167137.0
VUT,1996,2.793005,1.74725,0.0568,170911.0
VUT,1997,2.782557,1.763268,0.14,174626.0
VUT,1998,2.770191,1.780747,0.274,178313.0
VUT,1999,2.757476,1.799463,0.538,182048.0
VUT,2000,2.746755,1.818939,2.10833689115184,186281.0
VUT,2001,2.746715,1.84069,2.83057223877678,191031.0
VUT,2002,2.745783,1.862762,3.51003871071264,195863.0
VUT,2003,2.753106,1.886461,3.90329584542948,200746.0
VUT,2004,2.768632,1.911489,4.74660261917533,205711.0
VUT,2005,2.783372,1.936763,5.082300186,210760.0
VUT,2006,2.797179,1.963228,5.850599766,215923.0
VUT,2007,2.813538,1.989252,6.800000191,221276.0
VUT,2008,2.829076,2.015004,7.26911992337492,226896.0
VUT,2009,2.855508,2.04017,7.5,232731.0
VUT,2010,2.882349,2.06374,8.0,238248.0
VUT,2011,2.902041,2.087018,9.199999809,243474.0
VUT,2012,2.941627,2.110183,10.59799957,248883.0
VUT,2013,2.985009,2.134221,11.30000019,254482.0
VUT,2014,3.034764,2.15932,18.79999924,260240.0
VUT,2015,3.098647,2.185531,22.35140038,266101.0
VUT,2016,3.153608,2.211339,,272087.0
VUT,2017,3.210925,2.397885,,278507.0
VUT,2018,3.260978,2.272239,,285259.0
VUT,2019,3.29894,2.377301,,291985.0
VUT,2020,3.925313,2.820459,,298858.0
VUT,2021,4.121264,2.869784,,305868.0
VUT,2022,4.183762,2.811905,,313046.0
VUT,2023,4.786743,2.881551,,320409.0
WSM,1990,3.023267,1.726413,0.0,169042.0
WSM,1991,3.011864,1.742072,,169368.0
WSM,1992,2.998809,1.75809,,170331.0
WSM,1993,2.980971,1.77406,,171774.0
WSM,1994,2.95905,1.789395,,173159.0
WSM,1995,2.936975,1.804386,,174571.0
WSM,1996,2.915581,1.820365,,176071.0
WSM,1997,2.897061,1.836287,0.175,177547.0
WSM,1998,2.879237,1.852837,0.23,178905.0
WSM,1999,2.86287,1.87041,0.285,180275.0
WSM,2000,2.848585,1.888564,0.566392532680849,181685.0
WSM,2001,2.845465,1.909315,1.68990283058724,183166.0
WSM,2002,2.844374,1.931807,2.24483267578443,184471.0
WSM,2003,2.852829,1.955821,2.79963044878076,185430.0
WSM,2004,2.870243,1.980626,3.07552941044897,186249.0
WSM,2005,2.886511,2.004566,3.35259211246829,186978.0
WSM,2006,2.901502,2.028525,4.46917387320954,187709.0
WSM,2007,2.918879,2.050903,4.75,188753.0
WSM,2008,2.935201,2.072842,5.031599998,190107.0
WSM,2009,2.961485,2.093937,6.0,191513.0
WSM,2010,2.990919,2.116683,7.0,193023.0
WSM,2011,3.011566,2.1402,11.0,194713.0
WSM,2012,3.047997,2.163533,12.92249966,196498.0
WSM,2013,3.084457,2.187042,15.30000019,198268.0
WSM,2014,3.124555,2.210134,21.20000076,200037.0
WSM,2015,3.17775,2.23238,,201782.0
WSM,2016,3.22252,2.251321,,203499.0
WSM,2017,3.273154,2.269731,,205415.0
WSM,2018,3.31911,2.286758,,207582.0
WSM,2019,3.356502,2.30298,,209780.0
WSM,2020,4.07951,2.745726,,211944.0
WSM,2021,4.296898,2.852769,,213779.0
WSM,2022,4.358255,2.764883,,215261.0
WSM,2023,5.074213,2.824304,,216663.0
YEM,1990,4.794823,2.24011,0.0,13887862.0
YEM,1991,4.823017,2.347845,,14430201.0
YEM,1992,4.853763,2.398963,,14989494.0
YEM,1993,4.881325,2.332946,,15563914.0
YEM,1994,4.904599,2.603171,,16149147.0
YEM,1995,4.927162,2.514786,,16740058.0
YEM,1996,4.946884,2.565496,0.000621,17313177.0
YEM,1997,4.963006,2.671755,0.015,17873936.0
YEM,1998,4.973072,2.671606,0.0233,18446013.0
YEM,1999,4.977046,2.719097,0.0566,19029420.0
YEM,2000,4.976511,2.766546,0.0825003865143108,19624141.0
YEM,2001,4.963239,2.768256,0.0908024587169292,20226147.0
YEM,2002,4.947095,2.802222,0.518796032123435,20835086.0
YEM,2003,4.919583,2.84222,0.604734100431821,21456379.0
YEM,2004,4.881332,2.852744,0.881222988679516,22095167.0
YEM,2005,4.840886,2.874214,1.048599958,22790085.0
YEM,2006,4.803554,2.906116,1.24782404904485,23543083.0
YEM,2007,4.768228,2.926095,5.01,24318082.0
YEM,2008,4.697323,2.935128,6.89,25111941.0
YEM,2009,4.637617,2.972894,9.96,25927724.0
YEM,2010,4.550194,2.998033,12.35,26754387.0
YEM,2011,4.446116,3.058026,14.90499973,27582897.0
YEM,2012,4.370704,3.1031,17.44650078,28433647.0
YEM,2013,4.315491,3.130057,20.0,29312952.0
YEM,2014,4.276988,3.199784,22.54999924,30226309.0
YEM,2015,4.228209,3.25294,24.08539963,31159379.0
YEM,2016,4.155092,3.300507,24.57920074,32109010.0
YEM,2017,4.108477,3.361462,,33090921.0
YEM,2018,4.033017,3.429289,,34085182.0
YEM,2019,3.939425,3.476444,17.49099922,35111408.0
YEM,2020,4.690768,4.35663,,36134863.0
YEM,2021,4.592641,4.397448,,37140230.0
YEM,2022,4.705135,4.320078,,38222876.0
YEM,2023,5.315304,4.428411,,39390799.0
ZAF,1990,3.52553,2.848186,0.0,40746268.0
ZAF,1991,3.538043,2.851746,0.0133,41687898.0
ZAF,1992,3.550924,2.863559,0.0389,42443509.0
ZAF,1993,3.564323,2.874236,0.114,43297156.0
ZAF,1994,3.577484,2.871235,0.247,44004139.0
ZAF,1995,3.590695,2.84342,0.677,44541554.0
ZAF,1996,3.604618,2.846858,0.842,45123018.0
ZAF,1997,3.61948,2.85808,1.63,45666838.0
ZAF,1998,3.635183,2.830974,2.91,46223880.0
ZAF,1999,3.651152,2.878819,4.12,46730335.0
ZAF,2000,3.666502,2.892198,5.34855973203537,47159719.0
ZAF,2001,3.680476,2.903098,6.34661931839768,47566800.0
ZAF,2002,3.692095,2.92998,6.71032243705404,48019415.0
ZAF,2003,3.70121,2.943644,7.00769172611251,48500348.0
ZAF,2004,3.707859,2.964106,8.4251186825406,48991421.0
ZAF,2005,3.712032,2.94824,7.48854252992921,49490033.0
ZAF,2006,3.71476,2.976577,7.60713967477381,49998277.0
ZAF,2007,3.705704,2.999326,8.06537517355504,50528584.0
ZAF,2008,3.699855,3.010924,8.43,51114599.0
ZAF,2009,3.683975,3.039791,10.0,51728516.0
ZAF,2010,3.647233,3.063377,24.0,52344051.0
ZAF,2011,3.662059,3.069709,33.97,52995205.0
ZAF,2012,3.641585,3.098473,41.0,53782567.0
ZAF,2013,3.671522,3.097075,46.5,54678791.0
ZAF,2014,3.741116,3.12565,49.0,55594838.0
ZAF,2015,3.759464,3.140235,51.91910172,56723537.0
ZAF,2016,3.851287,3.163571,54.0,57259551.0
ZAF,2017,3.911357,3.17644,56.16740036,57635162.0
ZAF,2018,3.985052,3.200436,62.40000153,58613001.0
ZAF,2019,4.081263,3.216634,69.69689941,59587885.0
ZAF,2020,5.266442,3.910804,72.1128006,60562381.0
ZAF,2021,5.492147,4.009002,74.96859741,61502603.0
ZAF,2022,5.626705,3.939421,78.29319763,62378410.0
ZAF,2023,6.834024,4.00048,78.33670044,63212384.0
ZMB,1990,2.773578,2.426298,0.0,7786169.0
ZMB,1991,2.76454,2.363495,,7981650.0
ZMB,1992,2.754157,2.375228,,8176680.0
ZMB,1993,2.742541,2.402175,,8373921.0
ZMB,1994,2.729959,2.24498,0.00678,8576269.0
ZMB,1995,2.717212,2.28203,0.00878,8785763.0
ZMB,1996,2.704434,2.275909,0.00907,9004053.0
ZMB,1997,2.692161,2.319154,0.00933,9237063.0
ZMB,1998,2.680975,2.309128,0.0302,9482408.0
ZMB,1999,2.671353,2.354219,0.147,9740005.0
ZMB,2000,2.663044,2.37555,0.191071642503428,10017631.0
ZMB,2001,2.657888,2.396824,0.233129556342332,10325185.0
ZMB,2002,2.65474,2.282514,0.477750906947484,10647949.0
ZMB,2003,2.654877,2.396229,0.980483039426114,10983595.0
ZMB,2004,2.658608,2.246344,1.1,11338198.0
ZMB,2005,2.662811,2.253205,1.299999952,11718819.0
ZMB,2006,2.66735,2.376657,1.600000024,12129553.0
ZMB,2007,2.659823,2.346132,1.899999976,12565085.0
ZMB,2008,2.656003,2.281222,2.200000048,13021324.0
ZMB,2009,2.63746,2.469323,2.5,13490389.0
ZMB,2010,2.662745,2.305886,3.0,13965594.0
ZMB,2011,2.685564,2.426116,3.5,14437796.0
ZMB,2012,2.772615,2.435517,4.099999905,14913629.0
ZMB,2013,2.921714,2.440432,4.8,15398997.0
ZMB,2014,3.053323,2.501492,6.5,15895315.0
ZMB,2015,3.190511,2.51057,8.8,16399089.0
ZMB,2016,3.297432,2.509978,10.30000019,16914423.0
ZMB,2017,3.411226,2.509684,12.19999981,17441320.0
ZMB,2018,3.53535,2.538731,14.2999970950012,17973569.0
ZMB,2019,3.64799,2.544657,14.47189999,18513839.0
ZMB,2020,4.78415,3.114983,14.64579964,19059395.0
ZMB,2021,5.132501,3.224463,14.82190037,19603607.0
ZMB,2022,5.25167,3.163476,15.0,20152938.0
ZMB,2023,6.386182,3.221521,16.45070076,20723965.0
ZWE,1990,3.644977,2.414344,0.0,10137281.0
ZWE,1991,3.681809,2.317953,,10404816.0
ZWE,1992,3.717227,2.34578,,10702700.0
ZWE,1993,3.750058,2.309963,,10860288.0
ZWE,1994,3.780048,2.279212,0.00174,10873148.0
ZWE,1995,3.804586,2.41349,0.00768,10974599.0
ZWE,1996,3.824094,2.315746,0.0168,11158360.0
ZWE,1997,3.840339,2.382607,0.0331,11369827.0
ZWE,1998,3.853564,2.488442,0.0816,11594297.0
ZWE,1999,3.86376,2.445494,0.162,11783458.0
ZWE,2000,3.8707,2.53044,0.401433535211582,11892055.0
ZWE,2001,3.876425,2.58187,0.799846045633137,11971901.0
ZWE,2002,3.880781,2.605428,1.1,12087653.0
ZWE,2003,3.8857,2.59914,1.8,12232323.0
ZWE,2004,3.891894,2.583773,2.1,12365896.0
ZWE,2005,3.898299,2.589231,2.400000095,12483432.0
ZWE,2006,3.903661,2.552041,2.400000095,12636445.0
ZWE,2007,3.889828,2.573974,3.0,12804058.0
ZWE,2008,3.869485,2.61566,3.5,12959149.0
ZWE,2009,3.820267,2.587439,4.0,13142790.0
ZWE,2010,3.74071,2.613035,6.400000095,13356548.0
ZWE,2011,3.700358,2.602585,8.399999619,13595424.0
ZWE,2012,3.626702,2.592422,12.0,13817887.0
ZWE,2013,3.627816,2.611402,15.5,14013808.0
ZWE,2014,3.655487,2.614459,16.3647399572904,14207359.0
ZWE,2015,3.647544,2.650368,22.74279976,14399013.0
ZWE,2016,3.6552,2.663916,23.12000084,14600294.0
ZWE,2017,3.628802,2.679504,24.39999962,14812482.0
ZWE,2018,3.626559,2.692716,25.0,15034452.0
ZWE,2019,3.657607,2.698732,26.5883007,15271368.0
ZWE,2020,4.633533,3.298595,29.29856532,15526888.0
ZWE,2021,4.903175,3.411786,32.5923996,15797210.0
ZWE,2022,4.910511,3.323522,36.25650024,16069056.0
ZWE,2023,5.917344,3.387573,38.67480087,16340822.0
